timestamp,disp_max_p95,abs_vel_mean_p95,abs_acc_mean_p95,active_ratio_mean,valid_ratio_mean,active_patch_count,missing_patch_count,disp_score,vel_score,acc_score,active_score,score,is_local_peak,selected_rank,is_selected,selection_threshold
2024-06-02 21:00:00,1.4285715,0.18072398299999998,0.07671679099999999,0.656468621384366,1.0,307,0,0.4707857863371378,15.96202152211298,139.64707264703983,0.5555762301760705,39.150385002032614,True,2,1,1.2999999999999998
2024-06-02 03:00:00,1.6357143199999997,0.17273899499999998,0.07266950380000001,0.702818670348534,1.0,307,0,0.7193571504514282,15.234752337172699,132.24694089477654,0.6592833149153483,37.22109080788261,True,1,1,1.2999999999999998
2024-06-05 03:00:00,1.5,0.138414081,0.06433965800000001,0.6805134989348537,1.0,307,0,0.5564999794800022,12.108454310434864,117.0165029866298,0.6093760472075852,32.5674207241653,True,6,1,1.2999999999999998
2024-06-04 09:00:00,1.7142857,0.11437887599999998,0.040684055899999995,0.6960939744462544,1.0,307,0,0.8136427989085767,9.91933844072753,73.76418024088632,0.6442369746553257,21.302290196219765,True,5,1,1.2999999999999998
2024-06-03 15:00:00,1.6154761599999998,0.149342549,0.034214981599999986,0.6889429209022805,1.0,307,0,0.6950713603942915,13.103814355435052,61.936009970394885,0.6282366697487799,19.097466558057803,True,3,1,1.2999999999999998
2024-06-27 17:00:00,12.900000099999996,0.5085315249999999,0.00023528166199999998,0.98397007276873,1.0,307,0,14.236499005080079,45.81858785478843,0.0,1.2883526032325827,16.630674505960023,True,19,1,1.2999999999999998
2024-06-26 16:00:00,6.5,0.2682018799999999,0.000549366382,0.9868543944951143,1.0,307,0,6.556499499480042,23.92946979523248,0.38120157078335787,1.2948062015432273,8.56666359655346,True,17,1,1.2999999999999998
2024-06-02 00:00:00,2.0,0.0092682225,0.008405644700000001,0.5901423796840393,1.0,307,0,1.1564999314800062,0.34590648322359147,14.745760289435575,0.40717290974438747,4.238767605644452,False,0,0,1.2999999999999998
2024-06-01 23:00:00,1.0291666199999996,0.0567081074,0.0054677549,0.6262454802638435,1.0,307,0,0.0,4.666710274648679,9.37407043415906,0.4879527016724378,3.5833880824528004,False,0,0,1.2999999999999998
2024-06-10 03:00:00,1.6666666,0.04511646509999998,0.004011833469999998,0.6403215036677522,1.0,307,0,0.7564998834800101,3.6109486069241545,6.712037850223925,0.5194474548510102,2.9234386917326747,True,9,1,1.2999999999999998
2024-06-27 00:00:00,6.142857,0.0012261352099999995,0.000160106155,0.3385481322866451,1.0,307,0,6.127927933765767,0.0,0.0,0.0,2.1447747768180183,True,18,1,1.2999999999999998
2024-06-17 02:00:00,2.0,0.03914696349999998,0.002452510479999999,0.38409755529315964,1.0,307,0,1.1564999314800062,3.067249034284632,3.860944018698171,0.0,2.1368232392637028,True,15,1,1.2999999999999998
2024-06-08 21:00:00,1.25,0.036652285699999995,0.0031021317999999987,0.5613073561661239,1.0,307,0,0.2565000034800003,2.840034880638489,5.04872317039247,0.3426552599411841,2.1133628029669174,True,8,1,1.2999999999999998
2024-06-03 23:00:00,1.3333334,0.034475030899999995,0.002731637899999999,0.6062856164234528,1.0,307,0,0.3565000754799944,2.6417314738201796,4.371305547692044,0.4432930014792385,1.9445282320179398,True,4,1,1.2999999999999998
2024-06-10 04:00:00,0.8333333,0.008438583499999998,0.004119734899999998,0.2038796153729642,1.0,307,0,0.0,0.27034332904919917,6.909326739991276,0.0,1.7949175172601188,False,0,0,1.2999999999999998
2024-06-25 05:00:00,1.3333334,0.0451398269,0.0019617582999999997,0.483738616364821,1.0,307,0,0.3565000754799944,3.6130763893634956,2.963644022367189,0.169097128904221,1.7943196986863026,True,16,1,1.2999999999999998
2024-06-01 21:00:00,1.6666666,0.064156335,0.0005220112959999999,0.6641462423159613,1.0,307,0,0.7564998834800101,5.345091559116698,0.3311850460122731,0.5727547165497212,1.7697573179827044,False,0,0,1.2999999999999998
2024-06-04 04:00:00,1.641666639999999,0.0500276484,0.00118803312,0.7279334451335503,1.0,307,0,0.7264999338800048,4.058257015613478,1.5489511703146748,0.7154770004678944,1.763398573410224,True,0,0,1.2999999999999998
2024-06-04 00:00:00,1.6666666,0.018643509999999995,0.002711016319999999,0.6567009452117262,1.0,307,0,0.7564998834800101,1.1998035333764305,4.333600684805161,0.5560960489764696,1.7315404211098717,False,0,0,1.2999999999999998
2024-06-03 11:00:00,1.6333332999999988,0.019759257899999997,0.0026839485499999963,0.567210596501629,1.0,307,0,0.716499926680005,1.3014253599629995,4.284109493708077,0.35586361374861647,1.7005382298180634,True,0,0,1.2999999999999998
2024-06-08 22:00:00,1.3333334,0.018354521999999998,0.0029138340699999994,0.587988005973941,1.0,307,0,0.3565000754799944,1.173482633806197,4.7044362587416,0.40235255201216674,1.6546076323567722,False,0,0,1.2999999999999998
2024-06-14 02:00:00,3.0,0.015417674799999994,0.0015018346699999998,0.47332869048859916,1.0,307,0,2.356499835480014,0.9059958862446283,2.122711494035818,0.14580517799798698,1.6038225641878145,True,13,1,1.2999999999999998
2024-06-08 10:00:00,1.6666666,0.012323618999999978,0.002862957509999997,0.4573766804690554,1.0,307,0,0.7564998834800101,0.6241906487382268,4.6114126534234625,0.11011295130503222,1.5901927274541807,True,7,1,1.2999999999999998
2024-06-25 08:00:00,1.3333334,0.0550368596,0.0009871719899999997,0.4587301164201956,1.0,307,0,0.3565000754799944,4.514493762195656,1.181693115114518,0.11314123067066126,1.5657929303461406,False,0,0,1.2999999999999998
2024-06-08 15:00:00,1.3333334,0.04592935939999999,0.00111331926,0.6056060801205212,1.0,307,0,0.3565000754799944,3.6849866612084696,1.4123430225854614,0.44177255585886765,1.465373330745311,True,0,0,1.2999999999999998
2024-06-16 07:00:00,1.4,0.06238481749999999,0.00020281855699999995,0.4167644966612378,1.0,307,0,0.4364999890800013,5.183742526615653,0.0,0.019244197512334433,1.451597257458764,True,14,1,1.2999999999999998
2024-06-03 13:00:00,1.3333334,0.036364044099999986,0.0015023311499999998,0.6329299885244302,1.0,307,0,0.3565000754799944,2.8137819628510248,2.1236192668799005,0.5029091230811181,1.4345617023128971,False,0,0,1.2999999999999998
2024-06-12 06:00:00,1.3333334,0.042922648199999996,0.00110408664,0.6519410503257325,1.0,307,0,0.3565000754799944,3.411136731343226,1.3954619363065877,0.5454459022490428,1.408241578667808,True,12,1,1.2999999999999998
2024-06-11 11:00:00,1.3333334,0.04408260609999999,0.0009995468799999993,0.6181365799250815,1.0,307,0,0.3565000754799944,3.516785185229198,1.204319583633916,0.469809238324115,1.3755226043823938,True,11,1,1.2999999999999998
2024-06-10 14:00:00,1.5,0.020238860799999994,0.0020371785200000003,0.5698002076677526,1.0,307,0,0.5564999794800022,1.3451073805468743,3.1015436912576715,0.36165780449164214,1.3606864314428837,True,10,1,1.2999999999999998
2024-06-16 09:00:00,1.283333359999998,0.0284113174,0.0018572538599999982,0.4179868638469055,1.0,307,0,0.29650003227999566,2.089451122884601,2.7725662494094148,0.021979213766676445,1.322576236436504,False,0,0,1.2999999999999998
2024-06-01 09:00:00,0.85714287,0.0436558045,0.0011220079699999998,0.5731631936123778,1.0,307,0,0.0,3.477912283759189,1.4282296141664113,0.3691824021162501,1.2819128347988376,True,0,0,1.2999999999999998
2024-06-06 21:00:00,1.3333334,0.044129645999999995,0.0008007432989999999,0.6046093856351795,1.0,307,0,0.3565000754799944,3.5210695585723606,0.8408235875450434,0.439542476673182,1.2811796844483263,True,0,0,1.2999999999999998
2024-06-11 07:00:00,1.5,0.0333916334,0.0011761323399999998,0.5219138883908793,1.0,307,0,0.5564999794800022,2.5430561073961684,1.5271915729343106,0.25451335303835393,1.2505139158563736,True,0,0,1.2999999999999998
2024-06-13 11:00:00,1.1666666,0.022684726,0.0020501967699999993,0.45408605501954397,1.0,307,0,0.15649993148000615,1.567875704115777,3.125346490620142,0.1027502584931751,1.243493063475958,True,0,0,1.2999999999999998
2024-06-07 21:00:00,1.3333334,0.0440630635,0.000772314701,0.5349746794234529,1.0,307,0,0.3565000754799944,3.515005253841247,0.7888442343792664,0.28373654897120487,1.243297880818807,True,0,0,1.2999999999999998
2024-06-08 11:00:00,0.8333333,0.01317973499999998,0.002622340919999997,0.17096535683387623,1.0,307,0,0.0,0.7021653163938748,4.171465009534905,0.0,1.2184075814821949,False,0,0,1.2999999999999998
2024-06-01 05:00:00,1.0,0.05529114299999999,0.0003248252959999999,0.6529466815276878,1.0,307,0,0.0,4.537653782105747,0.0,0.5476959771164558,1.2165678420939052,True,0,0,1.2999999999999998
2024-06-16 10:00:00,1.1452380499999992,0.02117637199999998,0.002045040079999999,0.43684696911400656,1.0,307,0,0.13078567353714574,1.4304954871158981,3.115917907097435,0.06417823143414493,1.192005069006456,False,0,0,1.2999999999999998
2024-06-09 06:00:00,1.1666666,0.029182435499999992,0.00151658053,0.5791112015472314,1.0,307,0,0.15649993148000615,2.159684219299986,2.1496730861858464,0.3824909223166631,1.1894879407369596,True,0,0,1.2999999999999998
2024-06-12 18:00:00,1.3333334,0.020530287599999992,0.0018609588499999994,0.37881508967100974,1.0,307,0,0.3565000754799944,1.3716504049453773,2.7793405188857263,0.0,1.162522757375774,True,0,0,1.2999999999999998
2024-06-18 02:00:00,1.3333334,0.0178823932,0.00198584942,0.4034673045114008,1.0,307,0,0.3565000754799944,1.1304813509535698,3.007692653771352,0.0,1.1593185275992286,True,0,0,1.2999999999999998
2024-06-03 00:00:00,2.25,0.014098804,0.0011348769899999997,0.6610475153811078,1.0,307,0,1.456499907480008,0.7858737155215747,1.451759558748182,0.5658213919039335,1.1540564949710321,False,0,0,1.2999999999999998
2024-06-18 03:00:00,1.0,0.017873787199999994,0.0022176728799999995,0.2818615731140068,1.0,307,0,0.0,1.1296975202695914,3.431562782697596,0.0,1.1403150757417968,False,0,0,1.2999999999999998
2024-06-03 14:00:00,1.75,0.01664649129999999,0.001501796909999999,0.5581849679446262,1.0,307,0,0.8564999554800042,1.0179159510457487,2.1226424529816095,0.33566899375350184,1.1352649344878663,False,0,0,1.2999999999999998
2024-06-02 10:00:00,1.3333334,0.0429628179,0.00040774731199999997,0.7117966281791532,1.0,307,0,0.3565000754799944,3.4147953699007663,0.12226274958159115,0.6793712728427604,1.1109452472150014,True,0,0,1.2999999999999998
2024-06-12 21:00:00,1.1666666,0.0194362622,0.0019353776799999989,0.4018584891074918,1.0,307,0,0.15649993148000615,1.272007054077228,2.9154092285264164,0.0,1.1016290466689131,False,0,0,1.2999999999999998
2024-06-15 05:00:00,1.3333334,0.0276626399,0.0013206183399999997,0.47577082950162874,1.0,307,0,0.3565000754799944,2.021261906418887,1.7913723398335597,0.15126940345684572,1.1006239984996364,True,0,0,1.2999999999999998
2024-06-09 00:00:00,2.0,0.016331213799999994,0.00125871437,0.4708893065309448,1.0,307,0,1.1564999314800062,0.9892006154115552,1.6781860223446123,0.1403471169071849,1.0926737029931217,False,0,0,1.2999999999999998
2024-06-11 22:00:00,1.1666666,0.020962890399999993,0.0017153835,0.5739180780162867,1.0,307,0,0.15649993148000615,1.4110516771525345,2.513167965111475,0.3708714372433772,1.091460602170511,True,0,0,1.2999999999999998
2024-06-03 12:00:00,1.1666666,0.010972405199999997,0.0022921283499999965,0.3642609691530946,1.0,307,0,0.15649993148000615,0.5011226918413538,3.567698485564609,0.0,1.071980270369493,False,0,0,1.2999999999999998
2024-06-12 02:00:00,1.3333334,0.010328177499999999,0.002012219279999999,0.6221332981726386,1.0,307,0,0.3565000754799944,0.44244671708785993,3.055907773837141,0.4787517962553666,1.0711764185875532,True,0,0,1.2999999999999998
2024-06-13 12:00:00,1.391666639999999,0.02262213359999999,0.0014676853,0.4368103664657981,1.0,307,0,0.42649995788000283,1.5621748159326685,2.060272179806576,0.06409633391679012,1.0645011842803307,False,0,0,1.2999999999999998
2024-06-03 08:00:00,1.3333334,0.0320344531,0.0008649608899999998,0.6858918523973943,1.0,307,0,0.3565000754799944,2.4194447243110577,0.9582401707351261,0.6214099796577685,1.0624077471282094,False,0,0,1.2999999999999998
2024-06-10 23:00:00,1.3333334,0.031254977499999996,0.000938610308,0.6348390033778506,1.0,307,0,0.3565000754799944,2.3484504304820826,1.092902073818632,0.5071804964582048,1.0611902269619073,True,0,0,1.2999999999999998
2024-06-01 04:00:00,1.6,0.0076309093499999986,0.001843348199999999,0.6539589124951145,1.0,307,0,0.6764999698800032,0.19678072372432767,2.7471408938521984,0.5499608187953892,1.055249516671441,False,0,0,1.2999999999999998
2024-06-20 10:00:00,1.0,0.025560265499999995,0.0012635641799999997,0.9244047947882731,1.0,307,0,0.0,1.8297785734035688,1.6870535010284682,1.155076771403075,1.0524695343184705,True,0,0,1.2999999999999998
2024-06-11 14:00:00,1.3333334,0.0183585654,0.0016037260799999999,0.573276260371336,1.0,307,0,0.3565000754799944,1.173850904894693,2.3090115565626084,0.3694353861845419,1.0509059497100046,False,0,0,1.2999999999999998
2024-06-18 08:00:00,1.2,0.03621602399999999,0.0005974447919999999,0.8688097309446257,1.0,307,0,0.19650000827999983,2.8003003574332364,0.4691089889767919,1.0306841952145158,1.0407299687826843,True,0,0,1.2999999999999998
2024-06-03 22:00:00,1.3333334,0.026721863699999997,0.0011114217099999996,0.6340808302573295,1.0,307,0,0.3565000754799944,1.935576425090021,1.4088735084856192,0.5054841029092421,1.0367101252482944,False,0,0,1.2999999999999998
2024-06-07 18:00:00,1.3333334,0.029921832799999992,0.00102172367,0.5296710563485343,1.0,307,0,0.3565000754799944,2.227028199243105,1.2448680200884081,0.27186982390946907,1.0335295548372967,False,0,0,1.2999999999999998
2024-06-14 06:00:00,2.0,0.0236673341,0.000696707235,0.5378185765048864,1.0,307,0,1.1564999314800062,1.6573712164450027,0.6506022015789336,0.29009969814159764,1.0252832852452258,True,0,0,1.2999999999999998
2024-06-17 01:00:00,0.8333333,0.02258363849999999,0.0017060619399999997,0.20576624580293165,1.0,307,0,0.0,1.5586686992044787,2.496124259357994,0.0,1.0136982396406182,False,0,0,1.2999999999999998
2024-06-04 19:00:00,2.0,0.025378417099999998,0.000597710209,0.4977041717328992,1.0,307,0,1.1564999314800062,1.8132159013431108,0.4695942821305101,0.2003447125930328,1.0055292287753623,True,0,0,1.2999999999999998
2024-06-01 20:00:00,1.7399999999999978,0.0264075064,0.0006297725759999999,0.7012778590684035,1.0,307,0,0.8444999564400014,1.9069449008659363,0.5282176830320863,0.6558357878993734,1.0027409989134122,False,0,0,1.2999999999999998
2024-06-12 05:00:00,1.3333334,0.01316295705,0.0016935381199999996,0.6522996019674269,1.0,307,0,0.3565000754799944,0.7006371881084654,2.473225484583219,0.5462481526526476,1.0001779174888163,False,0,0,1.2999999999999998
2024-06-09 18:00:00,1.3333334,0.016594872499999996,0.00151246369,0.6384371351205212,1.0,307,0,0.3565000754799944,1.0132145335102944,2.142145782859562,0.515231226972615,0.9908997895563544,True,0,0,1.2999999999999998
2024-06-09 22:00:00,1.3333334,0.012801144649999993,0.00172209398,0.5955218261107497,1.0,307,0,0.3565000754799944,0.667683474308358,2.5254375258485853,0.41920928767478727,0.9859366696084519,True,0,0,1.2999999999999998
2024-06-11 16:00:00,1.3333334,0.02522758239999999,0.0011014361,0.587185870661238,1.0,307,0,0.3565000754799944,1.7994779433988135,1.3906156419258369,0.40055779414877873,0.9823820918714774,False,0,0,1.2999999999999998
2024-06-15 11:00:00,1.1666666,0.029733032799999996,0.0011147221699999992,0.45518230715960906,1.0,307,0,0.15649993148000615,2.2098323785209297,1.4149081281298768,0.10520309546155102,0.9767405669999364,True,0,0,1.2999999999999998
2024-06-10 15:00:00,1.1666666,0.017525827199999993,0.00166837783,0.5271050689771989,1.0,307,0,0.15649993148000615,1.098005476951327,2.427221963774231,0.2661284908212404,0.9760011098225777,False,0,0,1.2999999999999998
2024-06-25 09:00:00,1.5,0.009834124999999999,0.00181958568,0.4209036546091207,1.0,307,0,0.5564999794800022,0.3974486333095613,2.703693080520398,0.02850546073952533,0.9743362403864193,False,0,0,1.2999999999999998
2024-06-04 16:00:00,1.6,0.0218461597,0.00104199144,0.5210896988859935,1.0,307,0,0.6764999698800032,1.491499455395129,1.2819259704914756,0.2526692494670614,0.9680317333497115,False,0,0,1.2999999999999998
2024-06-09 08:00:00,1.3333334,0.0396212885,0.00036292808999999996,0.5244292857263848,1.0,307,0,0.3565000754799944,3.1104503460645385,0.04031448857507353,0.26014149217641386,0.9514874589043631,False,0,0,1.2999999999999998
2024-06-06 14:00:00,1.3333334,0.0067634189099999974,0.00199611387,0.5274612359446258,1.0,307,0,0.3565000754799944,0.11777007709063353,3.0264603563362993,0.26692540557532896,0.9508714456110307,True,0,0,1.2999999999999998
2024-06-08 05:00:00,1.6,0.013879180899999987,0.0013620149599999996,0.5723002048371336,1.0,307,0,0.6764999698800032,0.7658705404471642,1.867062654595106,0.3672514861400344,0.9500960111395738,True,0,0,1.2999999999999998
2024-06-06 13:00:00,1.3333334,0.026403875999999996,0.0009073163399999995,0.6438016853648211,1.0,307,0,0.3565000754799944,1.9066142456352697,1.0356836272870602,0.5272342750644047,0.9394346359082413,False,0,0,1.2999999999999998
2024-06-11 10:00:00,1.4361110599999998,0.023427424699999998,0.001013830277999999,0.5599993669315965,1.0,307,0,0.47983325761333967,1.6355203741146809,1.2304356020548504,0.3397286664765673,0.9353899341785368,False,0,0,1.2999999999999998
2024-06-07 20:00:00,1.0,0.041585419299999996,0.0005024882889999999,0.5086941147035831,1.0,307,0,0.0,3.289342512969749,0.29548883349729305,0.22493443735948646,0.9299480022206835,False,0,0,1.2999999999999998
2024-06-06 16:00:00,1.1666666,0.040402290699999996,0.0003612427779999999,0.6008875216221503,1.0,307,0,0.15649993148000615,3.181583681948145,0.03723303420146967,0.4312148982733041,0.9241613897964015,False,0,0,1.2999999999999998
2024-06-16 11:00:00,1.0,0.015116971599999989,0.0018439287099999999,0.42400248071986946,1.0,307,0,0.0,0.8786079714258536,2.748202308639741,0.035439007288918405,0.9120184211097364,False,0,0,1.2999999999999998
2024-06-09 11:00:00,1.5,0.03405938599999999,0.00023327157399999997,0.6020077400130296,1.0,307,0,0.5564999794800022,2.603874719665059,0.0,0.4337213591333396,0.9108018766042665,False,0,0,1.2999999999999998
2024-06-02 05:00:00,1.6666666,0.021476762899999995,0.0007325737719999999,0.695741152299674,1.0,307,0,0.7564998834800101,1.457854957788426,0.7161812144291769,0.6434475438549053,0.90480113385064,False,0,0,1.2999999999999998
2024-06-14 16:00:00,1.1666666,0.026472559999999985,0.0011140242899999998,0.4271709007068405,1.0,307,0,0.15649993148000615,1.9128699540594314,1.4136321119511226,0.042528268409924984,0.8927797327821293,True,0,0,1.2999999999999998
2024-06-07 16:00:00,1.3333334,0.019869254399999998,0.00117752738,0.5786282893485342,1.0,307,0,0.3565000754799944,1.3114437926646245,1.5297422888310426,0.38141041825180994,0.8922831095296863,False,0,0,1.2999999999999998
2024-06-04 10:00:00,1.0,0.0022838847199999996,0.0022493385299999983,0.16723287699674239,1.0,307,0,0.0,0.0,3.489460819194993,0.0,0.8723652047987482,False,0,0,1.2999999999999998
2024-06-05 09:00:00,1.5,0.019076994099999998,0.0009916175399999998,0.6127517674527692,1.0,307,0,0.5564999794800022,1.2392850739988552,1.1898214376391154,0.4577608539997977,0.8707157488274632,True,0,0,1.2999999999999998
2024-06-03 20:00:00,1.3333334,0.03441269899999997,0.0003616037039999999,0.6325691847426715,1.0,307,0,0.3565000754799944,2.636054311862166,0.03789295770598833,0.502101833569989,0.8685771188455351,False,0,0,1.2999999999999998
2024-06-08 16:00:00,1.1666666,0.0084625819,0.0017982063899999996,0.6114860972117264,1.0,307,0,0.15649993148000615,0.27252909273574105,2.6646028072208288,0.4549289482332844,0.8572972932421372,False,0,0,1.2999999999999998
2024-06-03 19:00:00,1.6,0.016175841199999996,0.0009700373619999997,0.660775972602606,1.0,307,0,0.6764999698800032,0.975049347536882,1.1503638571547616,0.56521382167327,0.8529103638819024,False,0,0,1.2999999999999998
2024-06-07 07:00:00,1.3333334,0.033324985599999996,0.000344621796,0.6437443247003257,1.0,307,0,0.3565000754799944,2.536985855169857,0.006842935704877708,0.5271059320005577,0.8397981139367655,True,0,0,1.2999999999999998
2024-06-11 20:00:00,1.3333334,0.025976269099999998,0.0007053964799999999,0.6389392920651465,1.0,307,0,0.3565000754799944,1.86766799779647,0.6664897713633793,0.5163547906790726,0.8357676873098213,False,0,0,1.2999999999999998
2024-06-25 10:00:00,1.5388889199999993,0.0200182635,0.0009764252589999996,0.3588156160912053,1.0,307,0,0.6031666797466654,1.3250154757661756,1.1620436014091073,0.0,0.8328731072051536,False,0,0,1.2999999999999998
2024-06-24 12:00:00,1.1666666,0.034335556399999995,0.0005410135399999998,0.4781545368990225,1.0,307,0,0.15649993148000615,2.6290281978810106,0.3659290862149685,0.15660288962524796,0.8270047304857842,True,0,0,1.2999999999999998
2024-06-04 01:00:00,1.3722221799999992,0.0253816162,0.0006180628699999999,0.708589899941368,1.0,307,0,0.40316660774667096,1.813507273960019,0.5068074487447178,0.6721962979608801,0.822016438081651,False,0,0,1.2999999999999998
2024-06-12 00:00:00,1.6666666,0.015739435999999996,0.0008672143269999997,0.6346855780228015,1.0,307,0,0.7564998834800101,0.935301754414926,0.9623603949424481,0.5068372110323461,0.815216078212199,False,0,0,1.2999999999999998
2024-06-09 05:00:00,1.5,0.014227493099999999,0.00109800788,0.6233704246644952,1.0,307,0,0.5564999794800022,0.7975946619860776,1.3843474236299513,0.48151983609116833,0.8124884896356832,False,0,0,1.2999999999999998
2024-06-15 19:00:00,1.1499999799999994,0.026518969499999996,0.0009354390519999996,0.4477475635732898,1.0,307,0,0.13649998908000063,1.9170969108486582,1.0871036930612301,0.08856804112283219,0.8121103533238971,True,0,0,1.2999999999999998
2024-06-07 02:00:00,1.3333334,0.022169696899999997,0.0008158117949999999,0.6724001909446258,1.0,307,0,0.3565000754799944,1.5209670808620503,0.8683750930839763,0.5912227218484492,0.8107939781817721,True,0,0,1.2999999999999998
2024-06-05 13:00:00,1.3333334,0.0194702769,0.0009609882599999999,0.6529979969771991,1.0,307,0,0.3565000754799944,1.2751050979496783,1.133818318444371,0.5478107941617413,0.8091774996407716,True,0,0,1.2999999999999998
2024-06-10 22:00:00,1.3333334,0.023509636499999997,0.000780474595,0.6139676200097718,1.0,307,0,0.3565000754799944,1.6430081885958638,0.8037639293997985,0.46048129393411186,0.8055402500070303,False,0,0,1.2999999999999998
2024-06-04 13:00:00,1.3333334,0.028404207499999994,0.0005300510069999999,0.5930337909381106,1.0,307,0,0.3565000754799944,2.0888035563287075,0.3458849963024627,0.4136423706973606,0.7954935201803945,False,0,0,1.2999999999999998
2024-06-02 20:00:00,1.5,0.0248420309,0.0005265591819999998,0.6176432825048863,1.0,307,0,0.5564999794800022,1.7643620828417912,0.33950048149564416,0.4687054975837891,0.791046458539928,False,0,0,1.2999999999999998
2024-06-01 00:00:00,1.6666666,0.015528651499999999,0.0007466520499999998,0.7149828603908794,1.0,307,0,0.7564998834800101,0.9161035951298974,0.7419221878014123,0.6865003883747841,0.7822564632070486,True,0,0,1.2999999999999998
2024-06-08 13:00:00,1.6666666,0.0208417605,0.0006409654389999998,0.49396536599022817,1.0,307,0,0.7564998834800101,1.4000192192897436,0.5486829124047468,0.19197922749335927,0.78074737626563,False,0,0,1.2999999999999998
2024-06-02 19:00:00,1.4666666399999988,0.028330951299999997,0.0002695609429999998,0.6266674598925086,1.0,307,0,0.5164999506800031,2.0821314139452975,0.0,0.4888968706234145,0.7746423668178376,False,0,0,1.2999999999999998
2024-06-25 06:00:00,1.3333334,0.009435150999999998,0.0015450031799999994,0.42177479634853404,1.0,307,0,0.3565000754799944,0.3611102573730708,2.20164156392285,0.03045461877081678,0.7700311745576007,False,0,0,1.2999999999999998
2024-06-03 07:00:00,1.4833333199999994,0.0169801459,0.0008147322529999999,0.7062167954527687,1.0,307,0,0.5364999650800026,1.0483050648419852,0.8664012393302567,0.6668865355378762,0.7664845441517428,False,0,0,1.2999999999999998
2024-06-08 19:00:00,1.391666639999999,0.028299606999999984,0.0003795542999999998,0.6198225083648213,1.0,307,0,0.42649995788000283,2.079276588926959,0.07071414603965785,0.4735814613847556,0.7578098882073685,False,0,0,1.2999999999999998
2024-06-04 08:00:00,1.75,0.014185218599999997,0.000710248829,0.6738140114723126,1.0,307,0,0.8564999554800042,0.7937443191729439,0.6753618923999006,0.5943861102061249,0.7562094538421313,False,0,0,1.2999999999999998
2024-06-09 14:00:00,1.0,0.036708153199999996,0.00030191684899999997,0.540070988980456,1.0,307,0,0.0,2.845123267895884,0.0,0.2951394151794866,0.7555517292508941,False,0,0,1.2999999999999998
2024-06-04 14:00:00,1.5,0.02003042929999998,0.0007212718219999998,0.5676762009771991,1.0,307,0,0.5564999794800022,1.3261235314639588,0.695516528449518,0.3569053922123299,0.7537208166282194,False,0,0,1.2999999999999998
2024-06-03 16:00:00,1.6,0.012962727299999997,0.0008680256519999994,0.6915849339869712,1.0,307,0,0.6764999698800032,0.6824003507978397,0.9638438359727517,0.6341481084846509,0.7434582524233466,False,0,0,1.2999999999999998
2024-06-01 02:00:00,1.641666639999999,0.007640867259999998,0.0010584418900000002,0.73770407737785,1.0,307,0,0.7264999338800048,0.1976876857747914,1.3120042652524755,0.7373385477318306,0.742298746774593,False,0,0,1.2999999999999998
2024-06-04 20:00:00,1.6666666,0.0126858066,0.0009288098549999996,0.5164940466449514,1.0,307,0,0.7564998834800101,0.6571785355888387,1.0749827516040218,0.24238659158330245,0.734173269753714,False,0,0,1.2999999999999998
2024-06-25 12:00:00,1.1666666,0.016386766199999996,0.0012749815299999997,0.40030652870358324,1.0,307,0,0.15649993148000615,0.9942603034999379,1.7079291864163753,0.0,0.7303223484970804,False,0,0,1.2999999999999998
2024-06-11 15:00:00,1.1666666,0.0032051999899999992,0.0018127010899999995,0.34375868326058656,1.0,307,0,0.15649993148000615,0.0,2.691105173968988,0.0,0.7275512695102492,False,0,0,1.2999999999999998
2024-06-06 09:00:00,2.0,0.00599155658,0.0008274350019999998,0.6716453777557007,1.0,307,0,1.1564999314800062,0.04746919653512037,0.8896271710644638,0.5895338460630817,0.7274791448273604,True,0,0,1.2999999999999998
2024-06-10 01:00:00,1.283333359999998,0.023499345199999997,0.000634374452,0.6371668580716612,1.0,307,0,0.29650003227999566,1.6420708615312551,0.5366318347897325,0.5123890135878927,0.7253090374164294,False,0,0,1.2999999999999998
2024-06-18 00:00:00,1.5,0.014144064449999999,0.0010555088699999997,0.4248906067622149,1.0,307,0,0.5564999794800022,0.789996017343635,1.3066414794259527,0.03742616727668634,0.7245482921019006,False,0,0,1.2999999999999998
2024-06-11 02:00:00,1.5,0.008894229299999999,0.0011631295599999999,0.6327130152377852,1.0,307,0,0.5564999794800022,0.31184334753231574,1.5034170591944176,0.5024236507347644,0.7239536421098988,False,0,0,1.2999999999999998
2024-06-02 13:00:00,1.3333334,0.011495234600000001,0.0013497839199999998,0.39478198939739434,1.0,307,0,0.3565000754799944,0.548741762978445,1.8446992039689183,0.0,0.7231352681548389,False,0,0,1.2999999999999998
2024-06-11 06:00:00,1.3333334,0.0152707998,0.00099627342,0.6250305921889254,1.0,307,0,0.3565000754799944,0.8926185760297477,1.1983343312688852,0.48523441974286163,0.7202984162040855,False,0,0,1.2999999999999998
2024-06-12 01:00:00,1.3333334,0.006161135099999999,0.00147312706,0.5787170371791531,1.0,307,0,0.3565000754799944,0.062914333337302,2.070221990377024,0.3816089893212287,0.7153004557447639,False,0,0,1.2999999999999998
2024-06-06 12:00:00,1.3333334,0.025777456399999996,0.0004296468729999999,0.6637164608957656,1.0,307,0,0.3565000754799944,1.8495602247747978,0.1623042956119116,0.571793091283736,0.7135101202072357,False,0,0,1.2999999999999998
2024-06-01 01:00:00,1.6,0.010645958,0.0009079654609999999,0.6999756092671013,1.0,307,0,0.6764999698800032,0.4713900248580052,1.0368704916447868,0.6529220362742186,0.7117784240248318,False,0,0,1.2999999999999998
2024-06-02 02:00:00,1.7124999999999986,0.012903213649999998,0.000720259492,0.657150076257329,1.0,307,0,0.8114999590800022,0.6769798738067258,0.6936655663095525,0.557100968549292,0.710251490989464,False,0,0,1.2999999999999998
2024-06-14 07:00:00,1.3333334,0.029875815999999996,0.0003736153759999998,0.44840146709771966,1.0,307,0,0.3565000754799944,2.2228370093966636,0.05985531198738729,0.09003113403718453,0.7089527768695884,False,0,0,1.2999999999999998
2024-06-14 04:00:00,2.0,0.0069138175999999985,0.0009264572169999999,0.36724705829967436,1.0,307,0,1.1564999314800062,0.13146832343644985,1.0706811465275698,0.0,0.7053123435090071,False,0,0,1.2999999999999998
2024-06-03 09:00:00,1.3333334,0.02631013849999998,0.00040347481,0.6225285373876226,1.0,307,0,0.3565000754799944,1.898076675481958,0.11445083109164353,0.47963613419408846,0.6998523231905118,False,0,0,1.2999999999999998
2024-06-13 08:00:00,1.391666639999999,0.004682624499999999,0.0015356922599999974,0.29908290192182413,1.0,307,0,0.42649995788000283,0.0,2.184617312534217,0.0,0.6954293133915552,False,0,0,1.2999999999999998
2024-06-01 13:00:00,1.5,0.014348112299999992,0.0007817299600000001,0.6835320233224759,1.0,307,0,0.5564999794800022,0.8085806055181335,0.8060592610474216,0.6161299206435489,0.6908544475559218,True,0,0,1.2999999999999998
2024-06-11 08:00:00,0.5513889299999999,0.000628580753,0.0018095793999999999,0.03223510928990225,1.0,307,0,0.0,0.0,2.6853974205657405,0.0,0.6713493551414351,False,0,0,1.2999999999999998
2024-06-17 06:00:00,1.25,0.0175313883,0.0010104265100000002,0.3493275135553748,1.0,307,0,0.2565000034800003,1.098511979486381,1.2242120922297681,0.0,0.6704560191470373,True,0,0,1.2999999999999998
2024-06-08 06:00:00,1.1541666199999996,0.024923011499999998,0.00060855822,0.5553182299543974,1.0,307,0,0.1414999566800035,1.7717377601700444,0.48942897798555135,0.3292547386163,0.6642048801693452,False,0,0,1.2999999999999998
2024-06-06 19:00:00,1.3333334,0.027613749599999998,0.0003336958,0.5102505136775248,1.0,307,0,0.3565000754799944,2.0168089994599177,0.0,0.228416841453676,0.6632398025010289,False,0,0,1.2999999999999998
2024-06-15 13:00:00,1.2444444399999988,0.0080114241,0.0014162595199999999,0.4670595581498374,1.0,307,0,0.2498333320133325,0.23143783931301182,1.9662443708922726,0.1317781499100484,0.6566289412424947,False,0,0,1.2999999999999998
2024-06-10 18:00:00,1.1666666,0.023830599899999996,0.000603064373,0.5938833769055377,1.0,307,0,0.15649993148000615,1.672241393494063,0.4793839306198055,0.4155432982235727,0.6550128017800052,False,0,0,1.2999999999999998
2024-06-08 01:00:00,1.3333334,0.0201518996,0.000678424129,0.5182493133257327,1.0,307,0,0.3565000754799944,1.3371869928086053,0.6171730460595042,0.2463139572381811,0.6503121297207525,True,0,0,1.2999999999999998
2024-06-04 15:00:00,1.3333334,0.006202156009999999,0.0013667778499999992,0.5121326999218243,1.0,307,0,0.3565000754799944,0.0666504997261819,1.875771207208208,0.23262818648339906,0.6452746811241054,False,0,0,1.2999999999999998
2024-06-09 09:00:00,1.1499999799999994,0.029799778999999995,0.0003173344149999999,0.5352943047361567,1.0,307,0,0.13649998908000063,2.2159115929758366,0.0,0.2844517026793491,0.6444206498238617,False,0,0,1.2999999999999998
2024-06-16 13:00:00,1.3333334,0.019132700699999998,0.0007019679219999994,0.5237569063485346,1.0,307,0,0.3565000754799944,1.2443588065552216,0.6602209350622935,0.2586370599983688,0.6397155208221321,False,0,0,1.2999999999999998
2024-06-10 20:00:00,1.2155555399999998,0.02738424569999999,0.00032377002999999996,0.5992100084169385,1.0,307,0,0.21516665478666788,1.995905885479831,0.0,0.42746150409116096,0.6384040261589656,False,0,0,1.2999999999999998
2024-06-09 17:00:00,1.3333334,0.024879915399999997,0.00027361940200000003,0.6176363355960917,1.0,307,0,0.3565000754799944,1.7678125863913103,0.0,0.46868995404769487,0.6370316661229798,False,0,0,1.2999999999999998
2024-06-09 19:00:00,1.3000000399999987,0.0144026256,0.000892369759,0.6164646314234532,1.0,307,0,0.31650004667999526,0.8135456528368534,1.0083550332980118,0.4660682950281948,0.6361604321259439,False,0,0,1.2999999999999998
2024-06-07 14:00:00,1.3333334,0.020577218699999997,0.000584150518,0.5743240647524432,1.0,307,0,0.3565000754799944,1.3759248688325307,0.44480150243353694,0.371779822494106,0.6357235926086309,False,0,0,1.2999999999999998
2024-06-12 04:00:00,1.4,0.010874415799999999,0.0009799869009999998,0.6071960551400649,1.0,307,0,0.4364999890800013,0.4921978605115151,1.1685557708579164,0.44533008552216163,0.6347629168486826,False,0,0,1.2999999999999998
2024-06-04 22:00:00,1.5,0.007388411899999999,0.0010533429399999998,0.6101231150684034,1.0,307,0,0.5564999794800022,0.17469416294156925,1.302681254570603,0.4518793094994614,0.631900743620963,False,0,0,1.2999999999999998
2024-06-08 00:00:00,1.8847221599999997,0.007719670919999998,0.0008201038899999993,0.27342106029478797,1.0,307,0,1.0181665345466775,0.20486508836807155,0.8762228357628814,0.0,0.6266302681240754,False,0,0,1.2999999999999998
2024-06-08 20:00:00,1.0833334,0.03205355689999999,0.00019385319599999994,0.3592704706351792,1.0,307,0,0.05650009947999243,2.421184689988558,0.0,0.0,0.6250712073151369,False,0,0,1.2999999999999998
2024-06-16 23:00:00,1.1666666,0.024014395799999998,0.000662551558,0.4053216508827364,1.0,307,0,0.15649993148000615,1.6889814429954983,0.5881513555189481,0.0,0.6240581756466137,False,0,0,1.2999999999999998
2024-06-05 01:00:00,1.6,0.0141603758,0.000574934958,0.6490948309348537,1.0,307,0,0.6764999698800032,0.7914816479068589,0.4279516089614633,0.5390775569688763,0.6224949372204132,False,0,0,1.2999999999999998
2024-06-12 19:00:00,0.6666667,0.0017839378499999998,0.001695321389999999,0.11253636922475577,1.0,307,0,0.0,0.0,2.4764860471026897,0.0,0.6191215117756724,False,0,0,1.2999999999999998
2024-06-13 10:00:00,0.8333333,0.0148799448,0.0012215433899999994,0.3888251205276872,1.0,307,0,0.0,0.8570196750320461,1.6102219427604532,0.0,0.6168104044481248,False,0,0,1.2999999999999998
2024-06-08 02:00:00,1.3333334,0.013214719199999997,0.0008994430099999997,0.5855207367491864,1.0,307,0,0.3565000754799944,0.7053516618986896,1.021287890970387,0.39683209832798516,0.615959729384465,False,0,0,1.2999999999999998
2024-06-04 03:00:00,1.75,0.00770765311,0.0007291705769999998,0.6656079492540717,1.0,307,0,0.8564999554800042,0.20377051153420958,0.7099587522874626,0.5760252495627888,0.6146110878078379,False,0,0,1.2999999999999998
2024-06-03 04:00:00,1.8,0.007676182019999999,0.0006453525179999999,0.7176783781140067,1.0,307,0,0.9164999506800047,0.200904138538598,0.5567043255151353,0.692531542411853,0.6140568301132129,False,0,0,1.2999999999999998
2024-06-08 07:00:00,1.3333334,0.0178120806,0.00071995112,0.5113088802280136,1.0,307,0,0.3565000754799944,1.1240773103597665,0.693101733471421,0.23078491035521279,0.6136875239290769,False,0,0,1.2999999999999998
2024-06-02 12:00:00,1.6666666,0.0118090115,0.0005940069579999999,0.6604908178045603,1.0,307,0,0.7564998834800101,0.5773204246265387,0.46282319227266605,0.564575794886554,0.6094972326757878,False,0,0,1.2999999999999998
2024-06-11 23:00:00,1.3333334,0.0077910637999999985,0.0011208810599999998,0.6212728828013031,1.0,307,0,0.3565000754799944,0.21136752038777404,1.426169151920751,0.4768266382065574,0.605683190226113,False,0,0,1.2999999999999998
2024-06-03 18:00:00,1.6,0.00821218895,0.00083731652,0.6449250136026066,1.0,307,0,0.6764999698800032,0.24972341329560993,0.9076947139639058,0.529747694129746,0.6055916753923419,False,0,0,1.2999999999999998
2024-06-05 02:00:00,1.5,0.006499524779999999,0.0010857036,0.5448351694267104,1.0,307,0,0.5564999794800022,0.09373471613134043,1.3618500596878178,0.3057991507416836,0.6045410593840428,False,0,0,1.2999999999999998
2024-06-25 07:00:00,1.3333334,0.015915674499999997,0.0008216887849999998,0.45517571555048864,1.0,307,0,0.3565000754799944,0.9513534792578562,0.8791206859113727,0.10518834689966387,0.5981718197452548,False,0,0,1.2999999999999998
2024-06-10 16:00:00,1.1666666,0.0223609771,0.0006841671929999999,0.2532058402850162,1.0,307,0,0.15649993148000615,1.5383887971062344,0.6276737662114321,0.0,0.5962906168474188,False,0,0,1.2999999999999998
2024-06-24 11:00:00,1.0,0.029990368499999996,0.000405508822,0.4313017764169382,1.0,307,0,0.0,2.233270400568682,0.11816985473436513,0.05177100033553117,0.5956257138760914,False,0,0,1.2999999999999998
2024-06-12 20:00:00,0.8333333,0.013127135899999996,0.0012584263699999994,0.3262349996188926,1.0,307,0,0.0,0.6973746135668222,1.6776594380328649,0.0,0.5937585128999218,False,0,0,1.2999999999999998
2024-06-06 15:00:00,1.3333334,0.01891363709999999,0.0005341298319999999,0.6217649225732903,1.0,307,0,0.3565000754799944,1.2244065904940216,0.35334279232801413,0.47792756499021666,0.5909015068720394,False,0,0,1.2999999999999998
2024-06-24 22:00:00,1.1666666,0.028629867099999987,0.000247710705,0.39805675481758956,1.0,307,0,0.15649993148000615,2.1093565331604753,0.0,0.0,0.582114109308121,True,0,0,1.2999999999999998
2024-06-02 14:00:00,1.4,0.006642153739999999,0.0011606907099999998,0.4584574541563524,1.0,307,0,0.4364999890800013,0.10672529889590819,1.4989578225669777,0.11253115561931772,0.5710754498866196,False,0,0,1.2999999999999998
2024-06-15 06:00:00,1.058333379999999,0.020978846,0.0007851674599999997,0.42362820325895745,1.0,307,0,0.02650007787999308,1.4125049061626769,0.8123444470600186,0.03460157075492875,0.5706776011769107,False,0,0,1.2999999999999998
2024-06-05 00:00:00,2.0,0.006150355009999998,0.0005114652579999998,0.621054147270358,1.0,307,0,1.1564999314800062,0.06193248749509367,0.31190248295018663,0.4763372228822985,0.569684302061667,False,0,0,1.2999999999999998
2024-06-09 23:00:00,1.1666666,0.005946813299999999,0.00142295294,0.367604133120521,1.0,307,0,0.15649993148000615,0.04339399832854132,1.9784827388225827,0.0,0.5602441603057832,False,0,0,1.2999999999999998
2024-06-17 05:00:00,1.3333334,0.013451081399999999,0.0008517414299999998,0.4497995340944625,1.0,307,0,0.3565000754799944,0.7268794268176466,0.9340694754373537,0.09315927426017512,0.5539861431207743,False,0,0,1.2999999999999998
2024-06-03 03:00:00,1.3333334,0.007990674599999999,0.000959652051,0.6653519030781762,1.0,307,0,0.3565000754799944,0.2295479840054123,1.1313751701922383,0.5754523525960283,0.551323667856815,False,0,0,1.2999999999999998
2024-06-14 10:00:00,1.3333334,0.011629000499999997,0.000952081849999999,0.4211482792312704,1.0,307,0,0.3565000754799944,0.560925102147621,1.117533680319436,0.029052802263116906,0.5487476423742298,False,0,0,1.2999999999999998
2024-06-13 20:00:00,1.308333379999999,0.02021465779999999,0.0005349802049999999,0.4338666809543974,1.0,307,0,0.32650005387999503,1.3429029819825793,0.35489762941458614,0.05750991060982406,0.5473516582987632,True,0,0,1.2999999999999998
2024-06-04 11:00:00,1.3699999999999988,0.02123523599999999,0.00034096500799999995,0.5484904574951138,1.0,307,0,0.40049999195999975,1.4358567942715672,0.00015679962091121174,0.3139777671170286,0.5462750607266739,False,0,0,1.2999999999999998
2024-06-06 00:00:00,2.0,0.007659579999999997,0.000395885109,0.6045507104201959,1.0,307,0,1.1564999314800062,0.19939203387998566,0.10057368707273517,0.43941119233522796,0.5456780851064665,True,0,0,1.2999999999999998
2024-06-16 12:00:00,1.3333334,0.007337853939999998,0.0011341481399999988,0.45099380325732913,1.0,307,0,0.3565000754799944,0.17008936624538834,1.4504269164717347,0.09583142188553502,0.5442788103801091,False,0,0,1.2999999999999998
2024-06-02 17:00:00,1.5,0.0081841073,0.0007809242929999999,0.6642816832996752,1.0,307,0,0.5564999794800022,0.2471657490001498,0.8045861652047418,0.5730577623908604,0.5436716357278527,False,0,0,1.2999999999999998
2024-06-07 09:00:00,1.0,0.0263843467,0.0004873286679999999,0.25882132166775235,1.0,307,0,0.0,1.904835525605452,0.26777071339097164,0.0,0.5431515597491059,False,0,0,1.2999999999999998
2024-06-15 07:00:00,1.3333334,0.0070399863499999975,0.00116315061,0.35550299337785024,1.0,307,0,0.3565000754799944,0.1429597175346543,1.5034555473880364,0.0,0.5363788426486708,False,0,0,1.2999999999999998
2024-06-11 21:00:00,1.308333379999999,0.009829849099999989,0.0009376537579999998,0.5436687975114003,1.0,307,0,0.32650005387999503,0.39705918622361785,1.0911531008207114,0.303189422515677,0.5318065039964321,False,0,0,1.2999999999999998
2024-06-13 01:00:00,1.1666666,0.0220071869,0.000527961321,0.4504024547589577,1.0,307,0,0.15649993148000615,1.506165741743614,0.3420641773299768,0.09450829429016909,0.5310086999299252,True,0,0,1.2999999999999998
2024-06-08 03:00:00,1.3000000399999987,0.018870337399999992,0.000454007535,0.5896250581172641,1.0,307,0,0.31650004667999526,1.2204628729170939,0.20684576239300748,0.4060154155720623,0.5285044875013329,False,0,0,1.2999999999999998
2024-06-02 08:00:00,1.6166666199999982,0.012148912099999997,0.0003998281089999998,0.7222099448534203,1.0,307,0,0.6964999122800054,0.6082784213477249,0.10778313825751215,0.7026708105755041,0.5281909807856368,False,0,0,1.2999999999999998
2024-06-01 03:00:00,1.3333334,0.0113601637,0.000743573975,0.6589191185016288,1.0,307,0,0.3565000754799944,0.5364395649848913,0.7362941808382923,0.5610591566858092,0.5271173363766652,False,0,0,1.2999999999999998
2024-06-07 03:00:00,1.1666666,0.0077913622799999985,0.0010796109999999999,0.6439840533485345,1.0,307,0,0.15649993148000615,0.21139470581451744,1.3507102417095334,0.5276423189039121,0.5244475607346016,False,0,0,1.2999999999999998
2024-06-11 13:00:00,1.1666666,0.013317110049999999,0.000820850089,0.6157020656221499,1.0,307,0,0.15649993148000615,0.7146773753530923,0.8775871992588578,0.46436207296495224,0.5224954306157326,False,0,0,1.2999999999999998
2024-06-04 17:00:00,1.1666666,0.019749445499999997,0.0006330335529999998,0.4349815059413687,1.0,307,0,0.15649993148000615,1.3005316508991527,0.534180111258356,0.06000430386241103,0.522453562136741,False,0,0,1.2999999999999998
2024-06-14 21:00:00,1.3333334,0.01836733509999999,0.000542841342,0.442866793498371,1.0,307,0,0.3565000754799944,1.1746496453024637,0.36927107183364455,0.07764743915876855,0.5224023215758404,True,0,0,1.2999999999999998
2024-06-05 17:00:00,1.3333334,0.0179728208,0.00043469695899999995,0.6163629706938115,1.0,307,0,0.3565000754799944,1.1387174568748446,0.17153796248889044,0.4658408316675464,0.5222150060090638,True,0,0,1.2999999999999998
2024-06-13 23:00:00,1.5,0.005740981379999996,0.0010115256699999996,0.4489022054429967,1.0,307,0,0.5564999794800022,0.02464691784537768,1.226221815882889,0.09115152366279197,0.5211649047994863,False,0,0,1.2999999999999998
2024-06-18 01:00:00,1.1666666,0.0049415544,0.00135773091,0.40115404834853413,1.0,307,0,0.15649993148000615,0.0,1.8592296215369921,0.0,0.5195823814022502,False,0,0,1.2999999999999998
2024-06-10 12:00:00,1.0,0.022166227599999994,0.0006454771519999997,0.2742001135081432,1.0,307,0,0.0,1.5206510985483241,0.5569322085328787,0.0,0.5193958267703007,False,0,0,1.2999999999999998
2024-06-11 18:00:00,1.1666666,0.017631539699999983,0.000622445372,0.5684119031335514,1.0,307,0,0.15649993148000615,1.1076337248225816,0.5148204931870688,0.3585515075364083,0.5141712566508759,False,0,0,1.2999999999999998
2024-06-01 10:00:00,1.3333334,0.006335855089999997,0.00101680566,0.5866656017654721,1.0,307,0,0.3565000754799944,0.07882775295923167,1.235875843314062,0.39939370540095215,0.5133599812964642,False,0,0,1.2999999999999998
2024-06-13 03:00:00,1.5,0.008522963599999997,0.0008818438099999996,0.3256500250618893,1.0,307,0,0.5564999794800022,0.27802863133796646,0.9891092013200867,0.0,0.5115594509825141,False,0,0,1.2999999999999998
2024-06-03 02:00:00,1.6666666,0.010767027649999998,0.000419984875,0.6732047089478831,1.0,307,0,0.7564998834800101,0.48241699517737247,0.14463812697675668,0.5930228109228444,0.5104921613949625,False,0,0,1.2999999999999998
2024-06-07 00:00:00,1.6666666,0.0073050400299999995,0.0005946492969999999,0.6639194818631924,1.0,307,0,0.7564998834800101,0.16710068979648163,0.46399765630121775,0.5722473456619579,0.508386647591722,False,0,0,1.2999999999999998
2024-06-03 06:00:00,1.5,0.007993608999999999,0.0006908307459999999,0.6907965291237791,1.0,307,0,0.5564999794800022,0.22981524786307728,0.6398575247888291,0.6323840721614286,0.5070507968051916,False,0,0,1.2999999999999998
2024-06-05 11:00:00,1.3333334,0.011407223599999999,0.0007518605899999997,0.5660535544169387,1.0,307,0,0.3565000754799944,0.5407257599192318,0.75144557478441,0.3532747607871742,0.5008090742119846,False,0,0,1.2999999999999998
2024-06-11 19:00:00,1.0,0.0115077771,0.0009969728199999998,0.590883509364821,1.0,307,0,0.0,0.5498841283460715,1.1996131266426189,0.4088311690197347,0.49869898910013283,False,0,0,1.2999999999999998
2024-06-10 02:00:00,1.3333334,0.016539487599999996,0.0004306149069999999,0.6427373144983713,1.0,307,0,0.3565000754799944,1.0081701012480295,0.1640742661592625,0.5248527716548559,0.4965640340180494,False,0,0,1.2999999999999998
2024-06-13 09:00:00,0.5,0.003644596609999997,0.0014262238899999996,0.08902908372475563,1.0,307,0,0.0,0.0,1.9844634018590637,0.0,0.4961158504647659,False,0,0,1.2999999999999998
2024-06-07 01:00:00,1.5,0.007491932809999998,0.00073553976,0.6272650803908792,1.0,307,0,0.5564999794800022,0.18412280176231335,0.721604279532052,0.4902340316631875,0.4947418678910702,False,0,0,1.2999999999999998
2024-06-13 21:00:00,1.1666666,0.014480534899999996,0.0008475793269999999,0.3865785696091206,1.0,307,0,0.15649993148000615,0.8206415975158267,0.9264594124384912,0.0,0.4915502285065816,False,0,0,1.2999999999999998
2024-06-03 21:00:00,1.3333334,0.0134429053,0.0005696818419999999,0.6416714219771988,1.0,307,0,0.3565000754799944,0.7261347512360441,0.41834671842888066,0.5224678635806129,0.48926557337132115,False,0,0,1.2999999999999998
2024-06-02 22:00:00,1.5,0.007836815,0.0007062061649999999,0.6093495684885993,1.0,307,0,0.5564999794800022,0.2155345195033696,0.667970213788575,0.4501485182167264,0.48317345387349586,False,0,0,1.2999999999999998
2024-06-04 21:00:00,1.3333334,0.012322481699999995,0.0006324650039999998,0.6118769037361569,1.0,307,0,0.3565000754799944,0.6240870639558802,0.5331405661755119,0.45580336813685574,0.48245243917137437,False,0,0,1.2999999999999998
2024-06-08 17:00:00,1.25,0.004240583119999999,0.0011034470599999993,0.5301047840977198,1.0,307,0,0.2565000034800003,0.0,1.3942925168826048,0.2728402789886714,0.479274172286952,False,0,0,1.2999999999999998
2024-06-12 07:00:00,1.3333334,0.009321537849999999,0.0008421061099999999,0.5172123174755703,1.0,307,0,0.3565000754799944,0.3507624217847146,0.9164520853309098,0.2439937047484759,0.47817770890917555,False,0,0,1.2999999999999998
2024-06-02 23:00:00,1.6166666199999982,0.011050494799999996,0.00034634465199999995,0.6874350514397397,1.0,307,0,0.6964999122800054,0.5082350581647987,0.00999303619445427,0.6248628492324655,0.467061420272685,False,0,0,1.2999999999999998
2024-06-04 02:00:00,1.3333334,0.0094065761,0.0006771437279999999,0.6986326821954398,1.0,307,0,0.3565000754799944,0.3585076680851785,0.6148319381451138,0.6499172702657267,0.4655975185154301,False,0,0,1.2999999999999998
2024-06-06 23:00:00,1.3333334,0.0159767509,0.00035710158899999995,0.6653140257589577,1.0,307,0,0.3565000754799944,0.9569162908296567,0.02966121073141224,0.5753676030339099,0.45772454226335174,False,0,0,1.2999999999999998
2024-06-02 01:00:00,1.6666666,0.0095145075,0.000296851747,0.7041455153941372,1.0,307,0,0.7564998834800101,0.36833801238969893,0.0,0.662252097789486,0.4561972769838511,False,0,0,1.2999999999999998
2024-06-08 04:00:00,1.2,0.0159969284,0.0006295734979999997,0.45483354626384354,1.0,307,0,0.19650000827999983,0.9587540486295597,0.5278536852834267,0.10442275160908038,0.4560903491176086,False,0,0,1.2999999999999998
2024-06-05 22:00:00,1.5,0.004880720809999998,0.0007590139449999994,0.6076087455537464,1.0,307,0,0.5564999794800022,0.0,0.7645248960321605,0.4462534700850527,0.45284423733879875,False,0,0,1.2999999999999998
2024-06-11 05:00:00,1.3333334,0.007030734039999999,0.000832133333,0.6103903314853418,1.0,307,0,0.3565000754799944,0.14211702122095746,0.8982176828561013,0.452477199603452,0.4527302823777805,False,0,0,1.2999999999999998
2024-06-08 18:00:00,1.3333334,0.013119164399999994,0.0005023208949999999,0.627405282543974,1.0,307,0,0.3565000754799944,0.6966485728629723,0.29518276733659704,0.4905477305027047,0.44631502104329607,False,0,0,1.2999999999999998
2024-06-09 13:00:00,1.1666666,0.01438415235,0.0005943369219999998,0.6167685690521174,1.0,307,0,0.15649993148000615,0.8118631173752224,0.4634265043068363,0.466748347932469,0.4436096336283872,False,0,0,1.2999999999999998
2024-06-04 05:00:00,1.5,0.0069723584399999945,0.0006368735179999998,0.644207092127036,1.0,307,0,0.5564999794800022,0.13680019732186038,0.5412011714203528,0.5281413626378266,0.44349653939922806,False,0,0,1.2999999999999998
2024-06-12 11:00:00,0.9166667,0.011640411799999997,0.0009989985789999995,0.2752915826123779,1.0,307,0,0.0,0.5619644383182087,1.2033170603536565,0.0,0.4413203746679663,True,0,0,1.2999999999999998
2024-06-01 11:00:00,1.3333334,0.016312580599999998,0.00033382186699999994,0.6103833626840391,1.0,307,0,0.3565000754799944,0.9875035117744769,0.0,0.45246160708341415,0.4395201454241294,False,0,0,1.2999999999999998
2024-06-16 00:00:00,1.6666666,0.006416445799999998,0.0006651524699999994,0.3748677579381108,1.0,307,0,0.7564998834800101,0.08616791927826181,0.5929069091836444,0.0,0.43454366633348007,True,0,0,1.2999999999999998
2024-06-12 10:00:00,1.0,0.0106295418,0.00102109086,0.33731409891205233,1.0,307,0,0.0,0.46989484460302955,1.243710979052588,0.0,0.4284014559139044,False,0,0,1.2999999999999998
2024-06-12 03:00:00,1.3333334,0.0113568301,0.00055112611,0.6270513664690557,1.0,307,0,0.3565000754799944,0.5361359421673094,0.38441908869218,0.48975585206476563,0.4283771619425853,False,0,0,1.2999999999999998
2024-06-14 11:00:00,1.141666639999999,0.011694272699999996,0.0008675404799999995,0.3214230283192184,1.0,307,0,0.12649998188000086,0.5668700653326951,0.9629567388765761,0.0,0.42673169471031813,False,0,0,1.2999999999999998
2024-06-15 08:00:00,1.1666666,0.0187418575,0.0004881190289999996,0.36661698684039107,1.0,307,0,0.15649993148000615,1.2087609802963155,0.26921582347158274,0.0,0.4242691769599767,False,0,0,1.2999999999999998
2024-06-05 10:00:00,1.0,0.004322647919999993,0.0012624542799999996,0.404191934087948,1.0,307,0,0.0,0.0,1.6850241401687205,0.0,0.4212560350421801,False,0,0,1.2999999999999998
2024-06-05 08:00:00,1.4,0.005525159189999999,0.000773013519,0.6104086694853424,1.0,307,0,0.4364999890800013,0.004989927977224535,0.7901219656138705,0.4525182304235377,0.41943070413930483,False,0,0,1.2999999999999998
2024-06-11 03:00:00,1.3333334,0.0042386970299999995,0.0008517661399999997,0.5891900812833878,1.0,307,0,0.3565000754799944,0.0,0.9341146556399341,0.40504216569685064,0.4190600151825092,False,0,0,1.2999999999999998
2024-06-03 05:00:00,1.3333334,0.011067920499999998,0.0004871975339999998,0.6990021948859941,1.0,307,0,0.3565000754799944,0.5098221832344939,0.26753094565785845,0.6507440457442419,0.4167249155027224,False,0,0,1.2999999999999998
2024-06-07 11:00:00,1.3333334,0.018286048899999997,0.0003360598089999999,0.4052482137491855,1.0,307,0,0.3565000754799944,1.1672461340610083,0.0,0.0,0.4165865599332501,False,0,0,1.2999999999999998
2024-06-16 14:00:00,1.3333334,0.014257902599999999,0.00048042295399999997,0.4817672559576548,1.0,307,0,0.3565000754799944,0.8003643458327461,0.25514418334303024,0.16468625889725086,0.41335509754652977,False,0,0,1.2999999999999998
2024-06-14 20:00:00,1.1666666,0.016144549199999997,0.0005499698209999992,0.46628766929641674,1.0,307,0,0.15649993148000615,0.9721992859794757,0.38230490936146716,0.13005106774897268,0.41290868501558375,False,0,0,1.2999999999999998
2024-06-25 13:00:00,1.2,0.006171183749999999,0.00105576096,0.38113760996742674,1.0,307,0,0.19650000827999983,0.06382955994694128,1.307102405256329,0.0,0.4115079941988175,False,0,0,1.2999999999999998
2024-06-01 14:00:00,1.3333334,0.010809477,0.0005107957999999999,0.6652713144039092,1.0,307,0,0.3565000754799944,0.48628326325138155,0.31067843406069684,0.5752720374365408,0.41030625636149876,False,0,0,1.2999999999999998
2024-06-07 15:00:00,1.5,0.007271012339999999,0.0006553891499999999,0.4707573758469057,1.0,307,0,0.5564999794800022,0.16400146280056116,0.575055481605314,0.14005192527448715,0.4005470177106426,False,0,0,1.2999999999999998
2024-06-08 23:00:00,1.1666666,0.016738488999999992,0.0004576339139999999,0.508812828397394,1.0,307,0,0.15649993148000615,1.0262950609824677,0.21347629812164073,0.225200056304426,0.39849782423969315,False,0,0,1.2999999999999998
2024-06-09 03:00:00,1.3333334,0.011705369699999999,0.000566717555,0.49038490482410413,1.0,307,0,0.3565000754799944,0.5678807751979178,0.4129267634645971,0.18396803445561347,0.39757211625196875,False,0,0,1.2999999999999998
2024-06-01 15:00:00,1.641666639999999,0.006182989399999999,0.00043528771999999996,0.6513478033550495,1.0,307,0,0.7264999338800048,0.06490481334158513,0.17261812038677793,0.5441185268689757,0.39527348932043876,False,0,0,1.2999999999999998
2024-06-15 04:00:00,1.4,0.007082306719999997,0.000729310972,0.46471336147556985,1.0,307,0,0.4364999890800013,0.14681423816715505,0.7102154529973507,0.1265285930541025,0.3860117079272422,False,0,0,1.2999999999999998
2024-06-25 14:00:00,0.9,0.010643879599999994,0.0009273820179999999,0.3572167228859937,1.0,307,0,0.0,0.47120072510276645,1.072372069090373,0.0,0.38589319854828485,False,0,0,1.2999999999999998
2024-06-03 10:00:00,1.3333334,0.00908593105,0.0006487477749999999,0.5146538242312704,1.0,307,0,0.3565000754799944,0.3293034583645582,0.5629122736767569,0.2382691395835803,0.3835693303658639,False,0,0,1.2999999999999998
2024-06-17 20:00:00,1.1666666,0.017232886999999992,0.00046879113199999994,0.41134686557654726,1.0,307,0,0.15649993148000615,1.0713246127483695,0.23387635354363398,0.007122382356961027,0.38214357494454715,True,0,0,1.2999999999999998
2024-06-05 15:00:00,1.3333334,0.012759009499999998,0.0003954471419999998,0.6022892527003259,1.0,307,0,0.3565000754799944,0.6638458234317588,0.09977290043640628,0.4343512367876045,0.38083239290318,False,0,0,1.2999999999999998
2024-06-05 07:00:00,1.5799999899999992,0.003870974799999998,0.0005450971299999999,0.5837910816156353,1.0,307,0,0.6524999598000029,0.0,0.37339559465109473,0.39296203787468165,0.3806681902739769,False,0,0,1.2999999999999998
2024-06-10 13:00:00,1.4166666,0.014745681149999993,0.00035756867,0.25322031053094457,1.0,307,0,0.4564999074800081,0.8447910010124219,0.03051522992208869,0.0,0.3786015253516305,False,0,0,1.2999999999999998
2024-06-13 06:00:00,1.3333334,0.0105839726,0.0006350822379999999,0.41605981498045586,1.0,307,0,0.3565000754799944,0.46574442196715576,0.5379259632747107,0.017667489732811497,0.37834274618838637,False,0,0,1.2999999999999998
2024-06-25 03:00:00,1.4,0.00803171195,0.000638742229,0.4987962344723124,1.0,307,0,0.4364999890800013,0.23328564774224061,0.5446179557807277,0.20278817588137768,0.37766912344094916,False,0,0,1.2999999999999998
2024-06-01 18:00:00,1.3333334,0.012170721999999998,0.00035446839499999976,0.6871468522345278,1.0,307,0,0.3565000754799944,0.6102648574195925,0.024846632084937488,0.6242180106602384,0.37718560039316623,False,0,0,1.2999999999999998
2024-06-05 14:00:00,1.3333334,0.0081014855,0.0005952391479999996,0.6257335639185669,1.0,307,0,0.3565000754799944,0.23964059189981363,0.46507615033895294,0.486807301549127,0.3739753072100587,False,0,0,1.2999999999999998
2024-06-14 08:00:00,1.0783333899999998,0.010896547799999998,0.0008385729989999999,0.31633213852443004,1.0,307,0,0.050500087959993285,0.4942136333093074,0.9099920824689012,0.0,0.3687264597305498,False,0,0,1.2999999999999998
2024-06-13 17:00:00,1.3333334,0.016061558599999994,0.00028117103899999993,0.40086833124267085,1.0,307,0,0.3565000754799944,0.9646405387378133,0.0,0.0,0.3659351611024514,False,0,0,1.2999999999999998
2024-06-05 16:00:00,1.3333334,0.00551151649,0.000752915148,0.561636705182411,1.0,307,0,0.3565000754799944,0.0037473568788854677,0.7533737473490862,0.3433921701948775,0.3655641280042226,False,0,0,1.2999999999999998
2024-06-11 12:00:00,1.3333334,0.0122674653,0.000383703499,0.5979969751074921,1.0,307,0,0.3565000754799944,0.619076194511074,0.07830061513588618,0.4247473721533159,0.3628313346527354,False,0,0,1.2999999999999998
2024-06-25 00:00:00,1.5,0.004549132849999995,0.0006690978209999994,0.458784989179153,1.0,307,0,0.5564999794800022,0.0,0.6001206589785499,0.1132640071075852,0.361794758628776,False,0,0,1.2999999999999998
2024-06-02 18:00:00,1.3333334,0.008069648699999998,0.0005359981319999998,0.6648152200586319,1.0,307,0,0.3565000754799944,0.23674091019871296,0.35675882520869356,0.5742515376534372,0.3592876909178652,False,0,0,1.2999999999999998
2024-06-04 06:00:00,1.3333334,0.008621175699999999,0.000496443962,0.6616779931791532,1.0,307,0,0.3565000754799944,0.2869737460855747,0.28443727872901237,0.5672320703366289,0.3527125931721391,False,0,0,1.2999999999999998
2024-06-09 16:00:00,1.3166667199999993,0.010142545299999995,0.0005549772409999998,0.4957440642866452,1.0,307,0,0.3365000610799948,0.42553941819239827,0.3914605649667632,0.19595902080694852,0.3514188702888308,False,0,0,1.2999999999999998
2024-06-17 10:00:00,1.3333334,0.0110732206,0.000556341393,0.3801149449543975,1.0,307,0,0.3565000754799944,0.510304914004672,0.3939548046960601,0.0,0.3508399560931811,True,0,0,1.2999999999999998
2024-06-04 12:00:00,1.3333334,0.011863971899999996,0.0003718144489999999,0.6034936549153097,1.0,307,0,0.3565000754799944,0.5823261936160461,0.05656246509571929,0.43704605686570336,0.3500540996257949,False,0,0,1.2999999999999998
2024-06-10 19:00:00,1.3333334,0.005728291449999997,0.0006863817009999998,0.5898496088143328,1.0,307,0,0.3565000754799944,0.02349112461838119,0.6317228119441985,0.4065178421862644,0.34955618688658263,False,0,0,1.2999999999999998
2024-06-04 23:00:00,1.3333334,0.010495402099999999,0.00038770312899999985,0.6708584845179161,1.0,307,0,0.3565000754799944,0.4576774598947326,0.08561360961779586,0.5877731919642094,0.3487637725907616,False,0,0,1.2999999999999998
2024-06-15 23:00:00,1.4166666,0.007468402419999998,0.0006078670539999999,0.4695992136254075,1.0,307,0,0.4564999074800081,0.18197966422013706,0.4881652378035633,0.13746056603472465,0.3479302780291366,False,0,0,1.2999999999999998
2024-06-25 02:00:00,1.269999999999999,0.006906411119999999,0.00076512092,0.472020822771987,1.0,307,0,0.2805000015599991,0.1307937445049754,0.7756909975155895,0.1428788564266911,0.34622801451514457,False,0,0,1.2999999999999998
2024-06-14 23:00:00,1.3333334,0.012554602099999998,0.0004475980109999998,0.43975687625407156,1.0,307,0,0.3565000754799944,0.6452284876018537,0.19512647494800103,0.07068907647319653,0.3454671285264412,False,0,0,1.2999999999999998
2024-06-09 04:00:00,1.1666666,0.013453441999999996,0.00049142866,0.5148377677100978,1.0,307,0,0.15649993148000615,0.7270944292244089,0.2752672115350189,0.2386807085543217,0.3411674924910074,False,0,0,1.2999999999999998
2024-06-15 10:00:00,1.4041666199999996,0.011522814999999999,0.0004258015089999999,0.43754837183550493,1.0,307,0,0.4414999326800055,0.5512537736450015,0.15527336382248716,0.06574760262361284,0.34101890119841605,False,0,0,1.2999999999999998
2024-06-16 06:00:00,1.3699999999999988,0.008791776099999994,0.000603061029,0.4134419908566775,1.0,307,0,0.40049999195999975,0.3025119552674147,0.4793778163908525,0.011810173196919837,0.3374189660801047,False,0,0,1.2999999999999998
2024-06-07 05:00:00,1.3333334,0.011372088849999995,0.0003143317349999999,0.6382244646123779,1.0,307,0,0.3565000754799944,0.5375257023868243,0.0,0.5147553819864183,0.3363697593126669,False,0,0,1.2999999999999998
2024-06-05 12:00:00,1.3333334,0.0087985559,0.00048180190299999977,0.6135840001693812,1.0,307,0,0.3565000754799944,0.3031294564609121,0.25766547816976015,0.4596229540577978,0.33391720318433576,False,0,0,1.2999999999999998
2024-06-16 04:00:00,1.5,0.005379420299999999,0.000624916536,0.43225610672312714,1.0,307,0,0.5564999794800022,0.0,0.5193388133056533,0.05390629072130211,0.3326956397526094,False,0,0,1.2999999999999998
2024-06-14 22:00:00,1.3333334,0.0045549655999999996,0.0007806331489999994,0.4226668932312704,1.0,307,0,0.3565000754799944,0.0,0.8040538323475912,0.03245066341545363,0.33065608401721386,False,0,0,1.2999999999999998
2024-06-03 01:00:00,1.6,0.0053703544,0.00039963016199999983,0.6013708630781759,1.0,307,0,0.6764999698800032,0.0,0.10742120844932729,0.4322963627907807,0.32847474598895,False,0,0,1.2999999999999998
2024-06-07 17:00:00,1.1125000199999995,0.005223186709999998,0.0009066310399999995,0.5195057457296417,1.0,307,0,0.09150004067999665,0.0,1.0344306126035885,0.24912519357327328,0.32800144642488693,False,0,0,1.2999999999999998
2024-06-07 04:00:00,1.3333334,0.0085542142,0.00043855351199999996,0.6612566692866453,1.0,307,0,0.3565000754799944,0.28087492220163424,0.17858935244450969,0.5662893685790368,0.32458450036638953,False,0,0,1.2999999999999998
2024-06-07 19:00:00,1.0,0.005461847569999999,0.00104713073,0.24836064298697058,1.0,307,0,0.0,0.0,1.291322739545347,0.0,0.32283068488633676,False,0,0,1.2999999999999998
2024-06-02 07:00:00,1.4166666,0.005924150909999999,0.0004942276519999995,0.653486056664496,1.0,307,0,0.4564999074800081,0.041329917843498806,0.28038493818746096,0.5489028156046412,0.322539103966439,False,0,0,1.2999999999999998
2024-06-07 22:00:00,1.3333334,0.0062042326,0.000733550379,0.37436414077850183,1.0,307,0,0.3565000754799944,0.06683963462741849,0.7179668600018912,0.0,0.3209766500753255,False,0,0,1.2999999999999998
2024-06-12 17:00:00,1.0,0.016937826399999984,0.0004675540409999995,0.3638377275798047,1.0,307,0,0.0,1.0444506234486992,0.2316144344019574,0.0,0.3190162644626642,False,0,0,1.2999999999999998
2024-06-11 04:00:00,1.3333334,0.007445701399999997,0.0005011300819999999,0.6191431341954393,1.0,307,0,0.3565000754799944,0.1799120653317338,0.2930054637115151,0.47206137853417984,0.3138136154589372,False,0,0,1.2999999999999998
2024-06-08 09:00:00,1.0,0.017272051299999994,0.00043418511999999997,0.3703667280667754,1.0,307,0,0.0,1.074891679917382,0.17060210697659903,0.0,0.31137344672349526,False,0,0,1.2999999999999998
2024-06-02 06:00:00,1.3333334,0.0054932357,0.0005532112829999999,0.6719211349381111,1.0,307,0,0.3565000754799944,0.0020823505891622274,0.3882316560153642,0.590150845917943,0.3108761549568211,False,0,0,1.2999999999999998
2024-06-05 21:00:00,1.3333334,0.009115864199999999,0.00037252729799999983,0.66551138339088,1.0,307,0,0.3565000754799944,0.33202975646333993,0.05786585085976115,0.5758091858394325,0.30862030612468816,False,0,0,1.2999999999999998
2024-06-12 23:00:00,1.3333334,0.007016728419999998,0.0006486776679999999,0.42280970987296396,1.0,307,0,0.3565000754799944,0.1408413955290987,0.5627840887936194,0.03277021210835242,0.30559692931493043,False,0,0,1.2999999999999998
2024-06-14 19:00:00,1.308333379999999,0.00963821855,0.000509339971,0.46566352608143313,1.0,307,0,0.32650005387999503,0.37960556025597075,0.3080165704774143,0.12865456278873436,0.3054787359596547,False,0,0,1.2999999999999998
2024-06-15 20:00:00,1.0,0.009938023599999998,0.0007748205949999996,0.422531138843648,1.0,307,0,0.0,0.4069116719689101,0.7934260554462773,0.03214691634084394,0.30490646930492343,False,0,0,1.2999999999999998
2024-06-17 09:00:00,1.1666666,0.009932897499999998,0.0006452669999999997,0.4323728711758959,1.0,307,0,0.15649993148000615,0.40644478904198234,0.5565479628860659,0.05416754828776523,0.303648296243179,False,0,0,1.2999999999999998
2024-06-14 14:00:00,1.3333334,0.0095127765,0.0005162497599999998,0.42462596795114027,1.0,307,0,0.3565000754799944,0.36818035367322605,0.3206505513276832,0.036834044501872526,0.3025078593435062,False,0,0,1.2999999999999998
2024-06-05 18:00:00,1.3333334,0.0110358593,0.000313409536,0.5404717598957659,1.0,307,0,0.3565000754799944,0.5069020632803743,0.0,0.2960361301604613,0.2959059617621608,False,0,0,1.2999999999999998
2024-06-09 21:00:00,1.3333334,0.009706628299999999,0.000355013325,0.609441355420196,1.0,307,0,0.3565000754799944,0.38583629011110243,0.0258429917689655,0.4503538891991909,0.29524793026789364,False,0,0,1.2999999999999998
2024-06-13 00:00:00,1.5,0.00398581491,0.0005334953299999999,0.4315581909967427,1.0,307,0,0.5564999794800022,0.0,0.35218265760936257,0.0523447215968988,0.2906723654598762,False,0,0,1.2999999999999998
2024-06-06 22:00:00,1.3333334,0.0058768791,0.0005091609479999998,0.6271954985439743,1.0,307,0,0.3565000754799944,0.03702442223982961,0.3076892416467135,0.49007834400687306,0.2844651939906648,False,0,0,1.2999999999999998
2024-06-02 11:00:00,1.3333334,0.009368026199999999,0.00036283054399999985,0.5802572159902283,1.0,307,0,0.3565000754799944,0.3549965601971604,0.04013613373731775,0.38505510120338216,0.2813164650821249,False,0,0,1.2999999999999998
2024-06-15 16:00:00,1.3333334,0.009241267599999997,0.0004413515699999998,0.48182396768729646,1.0,307,0,0.3565000754799944,0.34345144282113266,0.18370537135477466,0.16481314998546107,0.281286202459794,False,0,0,1.2999999999999998
2024-06-11 00:00:00,1.5,0.006238178709999999,0.00032523375299999994,0.61280447386645,1.0,307,0,0.5564999794800022,0.069931431352923,0.0,0.4578787832929065,0.28093966815016747,False,0,0,1.2999999999999998
2024-06-13 02:00:00,1.3333334,0.0070747482,0.0005673146009999998,0.4413332036058634,1.0,307,0,0.3565000754799944,0.14612581149954418,0.4140184129680376,0.07421606981845705,0.2759434930076621,False,0,0,1.2999999999999998
2024-06-10 00:00:00,1.3333334,0.010305613299999999,0.0003342966199999999,0.5280305843583057,1.0,307,0,0.3565000754799944,0.4403915797047067,0.0,0.26819930852695967,0.27510281762321864,False,0,0,1.2999999999999998
2024-06-10 05:00:00,1.0166667,0.0122110906,0.00060597746,0.1917100961465797,1.0,307,0,0.0,0.6139416117013999,0.4847102705953341,0.0,0.27466297057418354,False,0,0,1.2999999999999998
2024-06-05 20:00:00,1.3333334,0.008294103899999999,0.00035327617999999996,0.6389774572019546,1.0,307,0,0.3565000754799944,0.25718419080973065,0.022666765018171598,0.516440184225908,0.2722037930088598,False,0,0,1.2999999999999998
2024-06-14 12:00:00,1.0,0.015151395199999999,0.00044520880799999997,0.33429631376221486,1.0,307,0,0.0,0.881743257729943,0.1907580137765523,0.0,0.2681253178766238,False,0,0,1.2999999999999998
2024-06-01 19:00:00,1.5,0.0039999135299999995,0.00033710515999999994,0.6242293893485344,1.0,307,0,0.5564999794800022,0.0,0.0,0.48344174826313974,0.2672912550574717,False,0,0,1.2999999999999998
2024-06-02 09:00:00,1.4166666,0.00537045663,0.0003806976449999999,0.6725278783713362,1.0,307,0,0.4564999074800081,0.0,0.0728046583310248,0.5915084192981377,0.26670239509547966,False,0,0,1.2999999999999998
2024-06-06 04:00:00,1.4,0.004769920299999999,0.0004794969979999999,0.5537245665472311,1.0,307,0,0.4364999890800013,0.0,0.25345114895772664,0.3256889562771994,0.26499112685901205,True,0,0,1.2999999999999998
2024-06-14 15:00:00,1.2777778,0.007413197709999998,0.0005743769809999999,0.4379560997198698,1.0,307,0,0.28983336081333166,0.17695164358359197,0.4269313939110628,0.06665988365026472,0.2624114182058695,False,0,0,1.2999999999999998
2024-06-04 18:00:00,1.1666666,0.012298475799999996,0.00045423590899999994,0.3301786686824106,1.0,307,0,0.15649993148000615,0.6219006171726469,0.2072633254680447,0.0,0.2620659616781751,False,0,0,1.2999999999999998
2024-06-01 16:00:00,1.3333334,0.00542065685,0.0004345161749999997,0.689564200840391,1.0,307,0,0.3565000754799944,0.0,0.17120741381453322,0.6296267681980449,0.2620208951013381,False,0,0,1.2999999999999998
2024-06-16 02:00:00,1.3166667199999993,0.00781409201,0.0005128935089999998,0.44178991957980474,1.0,307,0,0.3365000610799948,0.21346491959705716,0.31451392242878384,0.07523796048027556,0.2610554259564998,False,0,0,1.2999999999999998
2024-06-06 11:00:00,1.3333334,0.004433224119999999,0.000514952108,0.5765238014885995,1.0,307,0,0.3565000754799944,0.0,0.3182779013787034,0.37670167887179873,0.2608497535934437,False,0,0,1.2999999999999998
2024-06-10 10:00:00,0.7366666449999999,0.016865548999999997,0.0002034958309999997,0.14774457616286643,1.0,307,0,0.0,1.037867629737551,0.0,0.0,0.2594669074343878,False,0,0,1.2999999999999998
2024-06-05 23:00:00,1.3333334,0.00374164885,0.000498788631,0.5874313691042342,1.0,307,0,0.3565000754799944,0.0,0.2887243131444221,0.4011070908248374,0.2571221683278292,False,0,0,1.2999999999999998
2024-06-01 17:00:00,1.3333334,0.007239296849999996,0.00034253490799999976,0.6744988614560259,1.0,307,0,0.3565000754799944,0.16111282996075177,0.00302723264525322,0.5959184450554269,0.2551978088278133,False,0,0,1.2999999999999998
2024-06-14 17:00:00,1.1666666,0.0048647855,0.0007759955099999996,0.3755491567345278,1.0,307,0,0.15649993148000615,0.0,0.7955742908859837,0.0,0.25366854873949807,False,0,0,1.2999999999999998
2024-06-13 22:00:00,1.1666666,0.0133121276,0.00034435462799999993,0.4635153413973939,1.0,307,0,0.15649993148000615,0.714223576004802,0.0063544409916808904,0.12384805284878798,0.2534966881944411,False,0,0,1.2999999999999998
2024-06-05 06:00:00,1.3333334,0.004155014399999997,0.000485111462,0.5837776847133551,1.0,307,0,0.3565000754799944,0.0,0.26371673458711803,0.39293206263817027,0.2496440194605031,False,0,0,1.2999999999999998
2024-06-13 19:00:00,1.1666666,0.009291534099999998,0.0005447413899999999,0.44896411420521176,1.0,307,0,0.15649993148000615,0.34802969346907375,0.372745153321023,0.09129004298246099,0.24866219416289548,False,0,0,1.2999999999999998
2024-06-06 02:00:00,1.3333334,0.00615722515,0.00043280788199999995,0.6042745489967432,1.0,307,0,0.3565000754799944,0.06255821681594263,0.16808394057263742,0.4387932880010626,0.24825455896530244,False,0,0,1.2999999999999998
2024-06-06 01:00:00,1.3333334,0.00486286203,0.000479773945,0.585172454237785,1.0,307,0,0.3565000754799944,0.0,0.2539575237680921,0.39605282484866183,0.24767233108732034,False,0,0,1.2999999999999998
2024-06-12 22:00:00,1.1666666,0.012791895899999996,0.00039180297399999997,0.4014681016872965,1.0,307,0,0.15649993148000615,0.6668411022378908,0.09310983898443405,0.0,0.24476271132358338,False,0,0,1.2999999999999998
2024-06-11 17:00:00,1.3333334,0.00284070304,0.000470402879,0.5855967195114005,1.0,307,0,0.3565000754799944,0.0,0.23682330036552382,0.39700210787351453,0.24353116769040617,False,0,0,1.2999999999999998
2024-06-25 04:00:00,1.1666666,0.009660409499999996,0.000500110923,0.4547561092410422,1.0,307,0,0.15649993148000615,0.38162670219376055,0.29114201530674055,0.10424948819156332,0.2386045786218619,False,0,0,1.2999999999999998
2024-06-17 16:00:00,1.3333334,0.0030684740499999997,0.0005854805659999999,0.35050952057329,1.0,307,0,0.3565000754799944,0.0,0.4472333858039174,0.0,0.2365833728689774,True,0,0,1.2999999999999998
2024-06-03 17:00:00,1.3333334,0.0051098694899999976,0.00040688270399999986,0.645150866133551,1.0,307,0,0.3565000754799944,0.0,0.12068188496836042,0.5302530335649501,0.23448345269483067,False,0,0,1.2999999999999998
2024-06-04 07:00:00,1.3333334,0.00524260793,0.0003909769289999999,0.662856714087948,1.0,307,0,0.3565000754799944,0.0,0.09159948364486266,0.5698694291292128,0.23315531169859563,False,0,0,1.2999999999999998
2024-06-16 15:00:00,1.308333379999999,0.010104009899999999,0.00026187279499999993,0.4328009313745931,1.0,307,0,0.32650005387999503,0.4220296309579848,0.0,0.055125322363346455,0.22805122495199642,False,0,0,1.2999999999999998
2024-06-07 06:00:00,1.1666666,0.009242687,0.00027322815799999984,0.6483069832377848,1.0,307,0,0.15649993148000615,0.3435807211470495,0.0,0.537314767291033,0.22126737139841948,False,0,0,1.2999999999999998
2024-06-08 14:00:00,1.0,0.012081454499999991,0.000492290328,0.2738718226188926,1.0,307,0,0.0,0.6021344128946086,0.2768427006000671,0.0,0.21974427837366892,False,0,0,1.2999999999999998
2024-06-11 01:00:00,1.3333334,0.006998713009999999,0.00032817385199999987,0.5808245570325735,1.0,307,0,0.3565000754799944,0.13920055993271904,0.0,0.3863245127114488,0.21752384330789512,False,0,0,1.2999999999999998
2024-06-09 01:00:00,0.8888889,0.0105339809,0.0005565504699999998,0.38957848846254106,1.0,307,0,0.0,0.46119119998200325,0.39433708479379237,0.0,0.21388207119394892,False,0,0,1.2999999999999998
2024-06-15 03:00:00,1.1666666,0.01055469725,0.00039432060199999996,0.4626162780097721,1.0,307,0,0.15649993148000615,0.4630780360022249,0.09771311470531371,0.12183642082228986,0.2132482268182303,False,0,0,1.2999999999999998
2024-06-15 14:00:00,1.3333334,0.00571230107,0.0004968085719999999,0.4412651267459284,1.0,307,0,0.3565000754799944,0.022034727861180884,0.2851039381245186,0.07406374953315326,0.2126692553443959,False,0,0,1.2999999999999998
2024-06-17 07:00:00,1.0,0.013535957599999995,0.0004009627659999998,0.3621615140325733,1.0,307,0,0.0,0.7346099136755888,0.10985776525547458,0.0,0.21111691973276586,False,0,0,1.2999999999999998
2024-06-15 00:00:00,1.5,0.00605442492,0.000295626208,0.40403510238762197,1.0,307,0,0.5564999794800022,0.05319521721171359,0.0,0.0,0.20807379712092916,False,0,0,1.2999999999999998
2024-06-06 10:00:00,1.1666666,0.00410729191,0.0005459722279999999,0.5803764485863188,1.0,307,0,0.15649993148000615,0.0,0.3749956393665134,0.3853218811792997,0.20632216803652545,False,0,0,1.2999999999999998
2024-06-24 19:00:00,1.3333334,0.005685318609999999,0.000501358562,0.4169716010162863,1.0,307,0,0.3565000754799944,0.019577177306078688,0.2934232205988339,0.01970758836906227,0.2059812641495855,False,0,0,1.2999999999999998
2024-06-24 18:00:00,1.224999979999999,0.0106354925,0.000270004484,0.43262513082084675,1.0,307,0,0.22649998188000092,0.4704368317342343,0.0,0.05473197298547034,0.20509399753937946,False,0,0,1.2999999999999998
2024-06-24 20:00:00,1.1666666,0.012013657300000001,0.000235323584,0.4004823687785015,1.0,307,0,0.15649993148000615,0.595959473823288,0.0,0.0,0.20376484447382415,False,0,0,1.2999999999999998
2024-06-01 12:00:00,1.391666639999999,0.004989221599999999,0.000352770554,0.5536056703615635,1.0,307,0,0.42649995788000283,0.0,0.021742269465355457,0.3254229290112575,0.2035239919760285,False,0,0,1.2999999999999998
2024-06-05 04:00:00,1.3333334,0.0051437353,0.00035817166399999996,0.6181872293973943,1.0,307,0,0.3565000754799944,0.0,0.031617754854301086,0.46992256526193993,0.20316784992086429,False,0,0,1.2999999999999998
2024-06-15 01:00:00,1.3333334,0.0045881976,0.00048710469999999994,0.4373047113843653,1.0,307,0,0.3565000754799944,0.0,0.26736120632453697,0.06520241840873776,0.20139569076044295,False,0,0,1.2999999999999998
2024-06-13 05:00:00,1.1666666,0.005259659319999998,0.000658394571,0.37141156215635196,1.0,307,0,0.15649993148000615,0.0,0.5805506467052899,0.0,0.19991263769432463,False,0,0,1.2999999999999998
2024-06-15 17:00:00,1.2055555199999994,0.0041564487999999995,0.0005899740019999998,0.4445912135309444,1.0,307,0,0.20316663174666932,0.0,0.45544926394084884,0.08150578620350306,0.19719650502707195,False,0,0,1.2999999999999998
2024-06-17 22:00:00,1.0,0.012634227699999999,0.00041297090599999993,0.36930869485342005,1.0,307,0,0.0,0.6524807521277843,0.1318136615653841,0.0,0.1960736034232921,False,0,0,1.2999999999999998
2024-06-11 09:00:00,0.8333333,0.014058781199999999,0.000181425356,0.2307096735521171,1.0,307,0,0.0,0.7822284565512383,0.0,0.0,0.19555711413780957,False,0,0,1.2999999999999998
2024-06-05 19:00:00,1.3333334,0.00546021724,0.0003108190499999999,0.5951499271563523,1.0,307,0,0.3565000754799944,0.0,0.0,0.41837717299011984,0.187531602366516,False,0,0,1.2999999999999998
2024-06-26 09:00:00,0.5714286,0.011317772799999999,0.000186666914,0.5687538602345273,1.0,307,0,0.0,0.5325786205111004,0.0,0.35931662806682085,0.18704214933779822,True,0,0,1.2999999999999998
2024-06-02 16:00:00,1.1666666,0.007503264899999999,0.00044940301299999964,0.5071789598273617,1.0,307,0,0.15649993148000615,0.1851549235210399,0.19842677264199657,0.22154431591079302,0.18390204744538025,False,0,0,1.2999999999999998
2024-06-05 05:00:00,1.3333334,0.00341624224,0.00032399222,0.5838533117915311,1.0,307,0,0.3565000754799944,0.0,0.0,0.3931012763494879,0.18374021787042122,False,0,0,1.2999999999999998
2024-06-24 21:00:00,1.0,0.013534374799999997,0.000325983149,0.3874736957785017,1.0,307,0,0.0,0.7344657529497465,0.0,0.0,0.18361643823743662,False,0,0,1.2999999999999998
2024-06-14 03:00:00,1.1666666,0.0034708841199999996,0.0006100659409999997,0.4201489377166126,1.0,307,0,0.15649993148000615,0.0,0.4921857218226707,0.026816800415002017,0.1818439265359201,False,0,0,1.2999999999999998
2024-06-06 03:00:00,1.3333334,0.0033446705999999964,0.0003009663609999999,0.568761336872964,1.0,307,0,0.3565000754799944,0.0,0.0,0.359333356859848,0.17867502994697523,False,0,0,1.2999999999999998
2024-06-17 18:00:00,1.3333334,0.007656168429999999,0.00023368445699999994,0.4150717292442996,1.0,307,0,0.3565000754799944,0.1990813095891958,0.0,0.015456672409868673,0.1768638546767773,False,0,0,1.2999999999999998
2024-06-16 03:00:00,1.3333334,0.004028614599999998,0.0004276263729999999,0.4417945266644951,1.0,307,0,0.3565000754799944,0.0,0.15860997754981598,0.07524826871798104,0.17571476111314918,False,0,0,1.2999999999999998
2024-06-10 11:00:00,1.0,0.008566950899999998,0.000563341041,0.272165774407166,1.0,307,0,0.0,0.2820349752196009,0.4067530853368475,0.0,0.17219701513911212,False,0,0,1.2999999999999998
2024-06-25 01:00:00,1.0194444599999997,0.0119966038,0.0003579893759999998,0.4550315729120519,1.0,307,0,0.0,0.5944062485654191,0.031284456239649365,0.10486583132194657,0.1721525508995591,False,0,0,1.2999999999999998
2024-06-13 14:00:00,1.1375000399999997,0.009030459199999995,0.0004419356419999991,0.11648994375732903,1.0,307,0,0.1215000622799952,0.3242511067346456,0.1847732989663369,0.0,0.16978112322324393,False,0,0,1.2999999999999998
2024-06-13 13:00:00,1.0433333399999998,0.0029537628999999964,0.000702773811,0.1471249168110751,1.0,307,0,0.008500031319997742,0.0,0.6616944368137145,0.0,0.16839862016542784,False,0,0,1.2999999999999998
2024-06-27 14:00:00,0.75,0.0023033643999999997,0.0005534628399999998,0.6146652125407166,1.0,307,0,0.0,0.0,0.3886916072990792,0.4620421399167366,0.16647922281228028,False,0,0,1.2999999999999998
2024-06-02 04:00:00,1.3333334,0.0030917608799999993,0.00028090209999999995,0.5151557026840393,1.0,307,0,0.3565000754799944,0.0,0.0,0.23939208017141797,0.16068383844371073,False,0,0,1.2999999999999998
2024-06-24 23:00:00,1.1666666,0.005468668179999998,0.0005717954199999995,0.3911879379576547,1.0,307,0,0.15649993148000615,0.0,0.4222112219582278,0.0,0.1603277815075591,False,0,0,1.2999999999999998
2024-06-18 07:00:00,0.6666667,0.009570827499999992,0.00046395407099999975,0.41765283704234546,1.0,307,0,0.0,0.37346761314749977,0.22503218535766095,0.02123183707776559,0.15280972518795502,False,0,0,1.2999999999999998
2024-06-09 15:00:00,0.6666667,0.0120669027,0.00034479450299999977,0.1439477332573291,1.0,307,0,0.0,0.6008090413692653,0.007158716249074441,0.0,0.15199193940458494,False,0,0,1.2999999999999998
2024-06-16 22:00:00,1.1666666,0.005908589259999999,0.000510844498,0.4342313080456025,1.0,307,0,0.15649993148000615,0.03991256962558959,0.31076747434824353,0.05832575468099381,0.15119385021360948,False,0,0,1.2999999999999998
2024-06-24 13:00:00,1.1666666,0.008048829699999994,0.00037666672999999996,0.4641871941042347,1.0,307,0,0.15649993148000615,0.23484472486176888,0.06543446179983373,0.12535130661351465,0.14864746867543,False,0,0,1.2999999999999998
2024-06-17 03:00:00,1.3333334,0.006380492579999999,0.000219050107,0.4160238990130292,1.0,307,0,0.3565000754799944,0.08289331585927383,0.0,0.017587128646671397,0.14813642467981722,False,0,0,1.2999999999999998
2024-06-07 23:00:00,1.0,0.011793746199999991,0.00033257597699999994,0.38622861251791546,1.0,307,0,0.0,0.5759300678359117,0.0,0.0,0.14398251695897793,False,0,0,1.2999999999999998
2024-06-16 19:00:00,1.1666666,0.009007061050000001,0.000289054847,0.4310549451530946,1.0,307,0,0.15649993148000615,0.3221200135533401,0.0,0.05121872150589031,0.14298778763222073,False,0,0,1.2999999999999998
2024-06-02 15:00:00,1.3333334,0.00325644987,0.00035040367199999975,0.4417482164006514,1.0,307,0,0.3565000754799944,0.0,0.017414620406484085,0.07514465065146181,0.14040037911733833,False,0,0,1.2999999999999998
2024-06-15 09:00:00,1.058333379999999,0.005898853419999999,0.0005968651639999998,0.3189587768566774,1.0,307,0,0.02650007787999308,0.03902583361277295,0.46804918685370517,0.0,0.13604378237461712,False,0,0,1.2999999999999998
2024-06-14 18:00:00,1.1666666,0.0084142338,0.000261500992,0.44709800341368106,1.0,307,0,0.15649993148000615,0.26812556911361274,0.0,0.08711466637952,0.13487356825333335,False,0,0,1.2999999999999998
2024-06-16 20:00:00,1.1666666,0.008706611699999997,0.00028021382899999975,0.4259286499739414,1.0,307,0,0.15649993148000615,0.29475521928059467,0.0,0.03974876321190913,0.13442609531993718,False,0,0,1.2999999999999998
2024-06-27 15:00:00,0.5,0.0080118322,0.00014935854499999995,0.6261285608469058,1.0,307,0,0.0,0.23147500888100292,0.0,0.48769109737749095,0.13102241682687438,False,0,0,1.2999999999999998
2024-06-14 13:00:00,1.3333334,0.005689032689999999,0.0002688240869999999,0.39975379813029316,1.0,307,0,0.3565000754799944,0.019915454074234493,0.0,0.0,0.12975388993655665,False,0,0,1.2999999999999998
2024-06-24 14:00:00,1.1666666,0.004542156499999999,0.00049944688,0.4117126583192184,1.0,307,0,0.15649993148000615,0.0,0.2899278672993622,0.007940834544369368,0.1284480680244981,False,0,0,1.2999999999999998
2024-06-16 05:00:00,1.1666666,0.004704748849999998,0.00046901422899999997,0.43442624760912074,1.0,307,0,0.15649993148000615,0.0,0.2342842680582093,0.058761927118448035,0.12216033210032168,False,0,0,1.2999999999999998
2024-06-29 06:00:00,0.42857143,0.0083440281,0.00014358305099999996,0.5730268828078179,1.0,307,0,0.0,0.2617312649246568,0.0,0.3688774100725459,0.12076442774204608,True,0,0,1.2999999999999998
2024-06-15 21:00:00,1.0555556,0.009850453199999998,0.000327414219,0.44554415991205193,1.0,307,0,0.02316674214666106,0.3989357985633527,0.0,0.08363798009123571,0.1203880064058549,False,0,0,1.2999999999999998
2024-06-09 20:00:00,1.141666639999999,0.00417147785,0.0004975116589999999,0.4121922530097719,1.0,307,0,0.12649998188000086,0.0,0.2863894748744936,0.009013915767049272,0.1172244497416811,False,0,0,1.2999999999999998
2024-06-09 12:00:00,1.1666666,0.004063077399999999,0.00026541934299999996,0.5759330541530943,1.0,307,0,0.15649993148000615,0.0,0.0,0.3753798963634327,0.11108196047251706,False,0,0,1.2999999999999998
2024-06-15 12:00:00,1.1027778599999998,0.0048927137,0.00048610065,0.45483483391856655,1.0,307,0,0.0798334496133243,0.0,0.2655253834835339,0.10442563270457993,0.10998689814123397,False,0,0,1.2999999999999998
2024-06-17 14:00:00,1.1666666,0.007620839009999999,0.00034741448599999995,0.3353529867035828,1.0,307,0,0.15649993148000615,0.1958635215990557,0.011949139668665556,0.0,0.10672814133493247,False,0,0,1.2999999999999998
2024-06-24 15:00:00,1.25,0.005065588619999998,0.00035173244399999974,0.4081822255602605,1.0,307,0,0.2565000034800003,0.0,0.0198441707158168,4.157882658980709e-05,0.09474228072094276,False,0,0,1.2999999999999998
2024-06-15 02:00:00,1.25,0.003750791689999998,0.000338765292,0.42276812208631925,1.0,307,0,0.2565000034800003,0.0,0.0,0.03267716046741423,0.09467657528811223,False,0,0,1.2999999999999998
2024-06-15 22:00:00,1.1666666,0.004792537519999997,0.000391339842,0.45647747530293187,1.0,307,0,0.15649993148000615,0.0,0.09226304021544897,0.10810100205265365,0.09405588637976245,False,0,0,1.2999999999999998
2024-06-26 21:00:00,0.5714286,0.007266555799999995,0.00032222194,0.5552330279120524,1.0,307,0,0.0,0.1635955631030968,0.0,0.329064101160183,0.09025850594980164,False,0,0,1.2999999999999998
2024-06-17 15:00:00,1.25,0.0053224924,0.00019408767199999996,0.3617750962312703,1.0,307,0,0.2565000034800003,0.0,0.0,0.0,0.0897750012180001,False,0,0,1.2999999999999998
2024-06-13 16:00:00,1.0,0.009397220299999986,0.00012438435999999987,0.142862952232899,1.0,307,0,0.0,0.3576555459479287,0.0,0.0,0.08941388648698217,False,0,0,1.2999999999999998
2024-06-26 14:00:00,0.641666679999999,0.00768560702,0.000219824428,0.5041960727752444,1.0,307,0,0.0,0.20176256338132317,0.0,0.21487018012895648,0.08267116786467427,False,0,0,1.2999999999999998
2024-06-25 11:00:00,1.2,0.006053150479999999,0.00023676658099999992,0.34806913867589573,1.0,307,0,0.19650000827999983,0.053079141778656476,0.0,0.0,0.08204478834266406,False,0,0,1.2999999999999998
2024-06-17 17:00:00,1.0833334,0.004292831709999998,0.0004710736159999999,0.3916973312899023,1.0,307,0,0.05650009947999243,0.0,0.23804968780131466,0.0,0.07928745676832602,False,0,0,1.2999999999999998
2024-06-16 01:00:00,1.0,0.00631978558,0.0004715352779999999,0.3969401122801303,1.0,307,0,0.0,0.07736414907653487,0.2388937987962086,0.0,0.07906448696818587,False,0,0,1.2999999999999998
2024-06-29 13:00:00,0.6666667,0.0028627551099999994,0.0004505894349999999,0.4934433178078178,1.0,307,0,0.0,0.0,0.2005960476847426,0.1908111576358048,0.07877068556655636,True,0,0,1.2999999999999998
2024-06-17 23:00:00,1.1666666,0.00455869219,0.00039228373799999987,0.39193968661237794,1.0,307,0,0.15649993148000615,0.0,0.09398887641517145,0.0,0.07827219512179501,False,0,0,1.2999999999999998
2024-06-17 21:00:00,1.1666666,0.003459827949999999,0.000392113812,0.35992193888273627,1.0,307,0,0.15649993148000615,0.0,0.09367818070073482,0.0,0.07819452119318586,False,0,0,1.2999999999999998
2024-06-15 15:00:00,1.1499999799999994,0.006022724909999999,0.00023823086599999996,0.4609844089771988,1.0,307,0,0.13649998908000063,0.05030799428347633,0.0,0.1181851543441181,0.07807976790048701,False,0,0,1.2999999999999998
2024-06-13 18:00:00,1.058333379999999,0.007761644899999998,0.00028370024099999997,0.4406672344397393,1.0,307,0,0.02650007787999308,0.20868805995216158,0.0,0.0727259803301294,0.07235593929555739,False,0,0,1.2999999999999998
2024-06-09 10:00:00,0.8333333,0.008594931499999998,0.00021010446399999998,0.16235863662540714,1.0,307,0,0.0,0.28458343592563323,0.0,0.0,0.07114585898140831,False,0,0,1.2999999999999998
2024-06-07 10:00:00,1.0,0.0030302369100000002,0.0004912049119999999,0.26652567948534217,1.0,307,0,0.0,0.0,0.27485810672048877,0.0,0.06871452668012219,False,0,0,1.2999999999999998
2024-06-17 04:00:00,1.1666666,0.004958290179999999,0.00023961247199999993,0.44442394241368094,1.0,307,0,0.15649993148000615,0.0,0.0,0.0811315212281654,0.06694470420222697,False,0,0,1.2999999999999998
2024-06-24 16:00:00,1.1666666,0.00580547165,0.00033563793599999974,0.4155952148273615,1.0,307,0,0.15649993148000615,0.03052066319095391,0.0,0.016627958415723006,0.06489933557809907,False,0,0,1.2999999999999998
2024-06-15 18:00:00,1.1666666,0.0031012427599999993,0.000221694053,0.43389630563843634,1.0,307,0,0.15649993148000615,0.0,0.0,0.05757619510545374,0.06341140528382021,False,0,0,1.2999999999999998
2024-06-16 16:00:00,1.1666666,0.005600027049999999,0.00023257509599999997,0.42183446385016277,1.0,307,0,0.15649993148000615,0.011808859642547432,0.0,0.030588123325523395,0.06231540942746752,False,0,0,1.2999999999999998
2024-06-27 12:00:00,0.5714286,0.00563019211,0.000190664383,0.5788215783061893,1.0,307,0,0.0,0.014556280001835991,0.0,0.3818428974995925,0.06091550462539787,False,0,0,1.2999999999999998
2024-06-06 17:00:00,1.0,0.008099250999999997,0.00013149079099999996,0.3657941903322475,1.0,307,0,0.0,0.2394370746254293,0.0,0.0,0.05985926865635732,False,0,0,1.2999999999999998
2024-06-29 19:00:00,0.5,0.00577909333,0.00040196648399999993,0.48118400516612375,1.0,307,0,0.0,0.028118137440571563,0.11169298106178534,0.16338124972005838,0.05945996708359798,True,0,0,1.2999999999999998
2024-06-16 21:00:00,1.1666666,0.00379759303,0.000277506232,0.420513896257329,1.0,307,0,0.15649993148000615,0.0,0.0,0.027633386096230908,0.05891998393243679,False,0,0,1.2999999999999998
2024-06-16 17:00:00,1.0,0.0080498441,0.00019888867299999998,0.4046661756188925,1.0,307,0,0.0,0.23493711596632755,0.0,0.0,0.05873427899158189,False,0,0,1.2999999999999998
2024-06-29 16:00:00,0.5,0.0063038135999999995,0.0001550771189999999,0.524519473345277,1.0,307,0,0.0,0.0759094281832182,0.0,0.2603432847363769,0.05802884975626109,False,0,0,1.2999999999999998
2024-06-17 08:00:00,1.1666666,0.005354780189999998,0.0002677333309999999,0.4166636618615636,1.0,307,0,0.15649993148000615,0.0,0.0,0.019018582149499204,0.05762776334042703,False,0,0,1.2999999999999998
2024-06-24 17:00:00,1.1666666,0.003307521399999998,0.00031609762,0.4143093267459284,1.0,307,0,0.15649993148000615,0.0,0.0,0.01375081573288564,0.056837598377935,False,0,0,1.2999999999999998
2024-06-14 09:00:00,1.0,0.005472077249999999,0.00046506339,0.36757950230618897,1.0,307,0,0.0,0.00015524829594644294,0.22706048390669667,0.0,0.056803933050660775,False,0,0,1.2999999999999998
2024-06-09 02:00:00,1.1666666,0.003186656399999999,0.00022128338399999994,0.18263962630293154,1.0,307,0,0.15649993148000615,0.0,0.0,0.0,0.05477497601800215,False,0,0,1.2999999999999998
2024-06-16 18:00:00,1.1666666,0.00389057602,0.00024924509299999994,0.40444287607491847,1.0,307,0,0.15649993148000615,0.0,0.0,0.0,0.05477497601800215,False,0,0,1.2999999999999998
2024-06-30 00:00:00,1.1666666,0.0016563867499999997,0.00012571217999999998,0.3155779449120521,1.0,307,0,0.15649993148000615,0.0,0.0,0.0,0.05477497601800215,True,0,0,1.2999999999999998
2024-06-29 01:00:00,0.6666667,0.0066908637799999995,0.000260937569,0.4846867586319221,1.0,307,0,0.0,0.11116178785358836,0.0,0.17121857370604118,0.05347323301930327,True,0,0,1.2999999999999998
2024-06-29 02:00:00,0.5,0.00568046448,0.00014998222499999994,0.5470578998957651,1.0,307,0,0.0,0.019135065286787812,0.0,0.310772455026325,0.051399634575645704,False,0,0,1.2999999999999998
2024-06-28 13:00:00,0.8333333,0.006230402449999999,0.00019996126799999995,0.5091457077231275,1.0,307,0,0.0,0.06922317302215486,0.0,0.22594486553792847,0.051197523086227985,True,0,0,1.2999999999999998
2024-06-26 23:00:00,0.5714286,0.005406455649999999,0.00017110316599999996,0.5467163444788276,1.0,307,0,0.0,0.0,0.0,0.31000823325398363,0.046501234988097544,False,0,0,1.2999999999999998
2024-06-27 13:00:00,0.5714286,0.0032121336999999996,0.00017896261999999995,0.5458792881921823,1.0,307,0,0.0,0.0,0.0,0.30813534057769393,0.046220301086654085,False,0,0,1.2999999999999998
2024-06-29 22:00:00,0.5,0.006278045029999999,0.00010820767019999998,0.4886947552671011,1.0,307,0,0.0,0.07356243819388111,0.0,0.1801863667498108,0.0454185645609419,False,0,0,1.2999999999999998
2024-06-13 04:00:00,0.8333333,0.0065450923999999955,0.000384798396,0.18005550830944625,1.0,307,0,0.0,0.09788499486151085,0.08030254424414361,0.0,0.044546884776413616,False,0,0,1.2999999999999998
2024-06-27 16:00:00,0.5714286,0.0028208852499999994,0.00015764123599999998,0.5401944391856677,1.0,307,0,0.0,0.0,0.0,0.2954156319511855,0.04431234479267782,False,0,0,1.2999999999999998
2024-06-27 06:00:00,0.42857143,0.004893599059999998,0.00012319940499999998,0.5354556824267102,1.0,307,0,0.0,0.0,0.0,0.28481278125862297,0.042721917188793444,True,0,0,1.2999999999999998
2024-06-26 18:00:00,0.5714286,0.0024332822599999995,0.00010052600699999995,0.5353331413355046,1.0,307,0,0.0,0.0,0.0,0.2845385986069601,0.04268078979104402,False,0,0,1.2999999999999998
2024-06-12 16:00:00,0.9708333049999999,0.004995240199999998,0.0004263771539999997,0.3294821784918566,1.0,307,0,0.0,0.0,0.15632588335767858,0.0,0.039081470839419645,False,0,0,1.2999999999999998
2024-06-29 14:00:00,0.5714286,0.00461724538,0.000200530226,0.5218499897426712,1.0,307,0,0.0,0.0,0.0,0.25437038139813917,0.03815555720972087,False,0,0,1.2999999999999998
2024-06-28 18:00:00,0.5,0.0063609474699999995,0.000208927867,0.4585214523420197,1.0,307,0,0.0,0.08111315586162975,0.0,0.11267434997212815,0.03717944146122666,True,0,0,1.2999999999999998
2024-06-17 19:00:00,1.0,0.00707681778,0.000324986526,0.403287240078176,1.0,307,0,0.0,0.14631430793307285,0.0,0.0,0.03657857698326821,False,0,0,1.2999999999999998
2024-06-27 10:00:00,0.6666667,0.00159441764,0.00018877908299999994,0.5167592956677524,1.0,307,0,0.0,0.0,0.0,0.24298007969171634,0.03644701195375745,False,0,0,1.2999999999999998
2024-06-28 23:00:00,0.5714286,0.005288492199999999,0.00013043399599999995,0.5155098439218241,1.0,307,0,0.0,0.0,0.0,0.24018446240568508,0.03602766936085276,False,0,0,1.2999999999999998
2024-06-26 15:00:00,0.6,0.00253471562,0.00023555620899999997,0.5120448909055377,1.0,307,0,0.0,0.0,0.0,0.23243171598775958,0.034864757398163936,False,0,0,1.2999999999999998
2024-06-28 19:00:00,0.5,0.00498962245,0.00021051060099999997,0.5073637877947883,1.0,307,0,0.0,0.0,0.0,0.22195786390283323,0.033293679585424986,False,0,0,1.2999999999999998
2024-06-28 12:00:00,0.5,0.0049808296199999975,0.00035089712399999996,0.4814889339250819,1.0,307,0,0.0,0.0,0.01831685680162288,0.16406352025377804,0.029188742238472426,False,0,0,1.2999999999999998
2024-06-29 11:00:00,0.5388889199999994,0.00548136965,0.00019737742699999994,0.49181677386319217,1.0,307,0,0.0,0.0010015959891602495,0.0,0.18717180590981516,0.028326169883762336,False,0,0,1.2999999999999998
2024-06-26 22:00:00,0.5,0.0016562079699999998,0.000394761924,0.35251783402280135,1.0,307,0,0.0,0.0,0.09852003568319058,0.0,0.024630008920797645,False,0,0,1.2999999999999998
2024-06-26 17:00:00,0.6666667,0.003928393969999999,0.00020636214599999999,0.46779609018241075,1.0,307,0,0.0,0.0,0.0,0.13342612206158436,0.02001391830923765,False,0,0,1.2999999999999998
2024-06-28 21:00:00,0.5,0.00308460965,0.00019765021199999997,0.4643098063061889,1.0,307,0,0.0,0.0,0.0,0.1256256483737135,0.018843847256057027,False,0,0,1.2999999999999998
2024-06-26 19:00:00,0.6666667,0.00352637828,0.0002269087,0.4628464465700329,1.0,307,0,0.0,0.0,0.0,0.12235141726602035,0.01835271258990305,False,0,0,1.2999999999999998
2024-06-07 12:00:00,0.8196969499999995,0.006272974119999989,0.00014139626799999997,0.09974725828013029,1.0,307,0,0.0,0.07310058194780872,0.0,0.0,0.01827514548695218,False,0,0,1.2999999999999998
2024-06-27 09:00:00,0.5714286,0.0012548782599999997,0.000102874228,0.45823574057980443,1.0,307,0,0.0,0.0,0.0,0.11203507699189952,0.016805261548784926,False,0,0,1.2999999999999998
2024-06-27 11:00:00,0.5,0.0031127584,0.00016957595199999998,0.4515088015309448,1.0,307,0,0.0,0.0,0.0,0.09698371774705032,0.014547557662057547,False,0,0,1.2999999999999998
2024-06-30 09:00:00,0.5,0.0022314637999999998,0.000254832232,0.45136897282084687,1.0,307,0,0.0,0.0,0.0,0.09667085447697436,0.014500628171546154,True,0,0,1.2999999999999998
2024-06-27 19:00:00,0.5,0.005387027519999999,0.00016568435999999998,0.45122625519218246,1.0,307,0,0.0,0.0,0.0,0.09635152732327208,0.014452729098490812,False,0,0,1.2999999999999998
2024-06-28 14:00:00,0.5714286,0.0027777615699999987,0.000354035211,0.4317444196872967,1.0,307,0,0.0,0.0,0.024054590770703474,0.05276140367218852,0.013927858243504145,False,0,0,1.2999999999999998
2024-06-29 12:00:00,0.5714286,0.00223717125,0.000369256486,0.3975639208338763,1.0,307,0,0.0,0.0,0.0518854401449291,0.0,0.012971360036232275,False,0,0,1.2999999999999998
2024-06-01 22:00:00,0.6666667,0.0021802173199999995,0.000363458051,0.06114690692671012,1.0,307,0,0.0,0.0,0.04128347867381462,0.0,0.010320869668453655,False,0,0,1.2999999999999998
2024-06-28 20:00:00,0.5714286,0.0033888192899999997,0.00025138393,0.4365564406384366,1.0,307,0,0.0,0.0,0.0,0.06352818117727473,0.009529227176591208,False,0,0,1.2999999999999998
2024-06-29 07:00:00,0.5714286,0.0031687902499999993,0.000166929961,0.43610113375895776,1.0,307,0,0.0,0.0,0.0,0.06250944332936016,0.009376416499404024,False,0,0,1.2999999999999998
2024-06-30 08:00:00,0.5714286,0.0031386013499999994,0.0001203484885,0.43566069719218264,1.0,307,0,0.0,0.0,0.0,0.06152397743722843,0.009228596615584264,False,0,0,1.2999999999999998
2024-06-12 15:00:00,1.0,0.005845122999999998,0.000113931871,0.24815143760912067,1.0,307,0,0.0,0.03413209065913297,0.0,0.0,0.008533022664783242,False,0,0,1.2999999999999998
2024-06-10 09:00:00,0.8333333,0.00137386874,0.000359245926,0.06377583699348538,1.0,307,0,0.0,0.0,0.03358195456230553,0.0,0.008395488640576383,False,0,0,1.2999999999999998
2024-06-29 08:00:00,0.5,0.002965284409999999,0.0001443373229999999,0.42814943749185697,1.0,307,0,0.0,0.0,0.0,0.044717720191575876,0.006707658028736381,False,0,0,1.2999999999999998
2024-06-28 03:00:00,0.5,0.0027302991,0.00023560107799999998,0.4270269261954396,1.0,307,0,0.0,0.0,0.0,0.04220612901227961,0.006330919351841941,True,0,0,1.2999999999999998
2024-06-27 20:00:00,0.5714286,0.003214491969999999,0.00015570368199999997,0.4265398982182412,1.0,307,0,0.0,0.0,0.0,0.04111641599513133,0.006167462399269699,False,0,0,1.2999999999999998
2024-06-27 21:00:00,0.5,0.0015201802199999997,0.00035359940599999996,0.28686272936807833,1.0,307,0,0.0,0.0,0.023257757173548443,0.0,0.005814439293387111,False,0,0,1.2999999999999998
2024-06-30 11:00:00,0.6666667,0.0019716643099999993,0.00015222512599999993,0.424450452957655,1.0,307,0,0.0,0.0,0.0,0.036441334057996544,0.005466200108699482,False,0,0,1.2999999999999998
2024-06-26 10:00:00,0.5833333,0.00396180328,0.00022199629699999984,0.42266181192182406,1.0,307,0,0.0,0.0,0.0,0.03243929411162089,0.0048658941167431325,False,0,0,1.2999999999999998
2024-06-08 12:00:00,0.8333333,0.005647462799999996,0.00021457261499999985,0.21292542927850158,1.0,307,0,0.0,0.016129286829104045,0.0,0.0,0.004032321707276011,False,0,0,1.2999999999999998
2024-06-27 08:00:00,0.6666667,0.0021657468799999996,0.00018017736399999996,0.41684230469055356,1.0,307,0,0.0,0.0,0.0,0.019418291047723805,0.002912743657158571,False,0,0,1.2999999999999998
2024-06-30 10:00:00,0.6166666899999981,0.004121171409999999,0.0001603568839999999,0.4136084695211727,1.0,307,0,0.0,0.0,0.0,0.012182665078847153,0.001827399761827073,False,0,0,1.2999999999999998
2024-06-26 11:00:00,0.6666667,0.0015104882099999997,0.00034341596499999985,0.287407386413681,1.0,307,0,0.0,0.0,0.004638172902039178,0.0,0.0011595432255097945,False,0,0,1.2999999999999998
2024-06-26 20:00:00,0.5714286,0.00209211681,0.000146728537,0.4084427721205214,1.0,307,0,0.0,0.0,0.0,0.0006245452917253644,9.368179375880466e-05,False,0,0,1.2999999999999998
2024-06-01 06:00:00,0.0,0.0,0.0,0.00012064181433224756,1.0,307,0,0.0,0.0,0.0,0.0,0.0,False,0,0,1.2999999999999998
2024-06-01 07:00:00,0.0,0.0,0.0,0.00012064181433224756,1.0,307,0,0.0,0.0,0.0,0.0,0.0,False,0,0,1.2999999999999998
2024-06-01 08:00:00,0.0,0.0,0.0,0.0,1.0,307,0,0.0,0.0,0.0,0.0,0.0,False,0,0,1.2999999999999998
2024-06-06 18:00:00,1.0,0.005101898539999999,0.0001116683554999999,0.23791701894462533,1.0,307,0,0.0,0.0,0.0,0.0,0.0,False,0,0,1.2999999999999998
2024-06-06 20:00:00,0.75,0.0029525012299999997,0.00028818140099999995,0.20270543162052118,1.0,307,0,0.0,0.0,0.0,0.0,0.0,False,0,0,1.2999999999999998
2024-06-07 08:00:00,0.6666667,0.00092509591,0.00011872442699999994,0.030796139271986954,1.0,307,0,0.0,0.0,0.0,0.0,0.0,False,0,0,1.2999999999999998
2024-06-07 13:00:00,1.0,0.0036695911299999976,0.00028128694399999997,0.10850645769381109,1.0,307,0,0.0,0.0,0.0,0.0,0.0,False,0,0,1.2999999999999998
2024-06-08 08:00:00,0.7349999999999994,0.0012934988999999994,0.00011194398619999986,0.056863293394136816,1.0,307,0,0.0,0.0,0.0,0.0,0.0,False,0,0,1.2999999999999998
2024-06-09 07:00:00,0.44444445,0.0006404381599999997,5.120655359999998e-05,0.03547128340553745,1.0,307,0,0.0,0.0,0.0,0.0,0.0,False,0,0,1.2999999999999998
2024-06-10 06:00:00,0.6666667,0.003971332959999998,9.498753799999997e-05,0.05292490788762215,1.0,307,0,0.0,0.0,0.0,0.0,0.0,False,0,0,1.2999999999999998
2024-06-10 07:00:00,0.2472222249999999,0.00010789374679999994,1.2165401299999984e-05,0.006546349182410425,1.0,307,0,0.0,0.0,0.0,0.0,0.0,False,0,0,1.2999999999999998
2024-06-10 08:00:00,1.0,0.00037973782199999964,0.00034079349399999997,0.06268570551954401,1.0,307,0,0.0,0.0,0.0,0.0,0.0,False,0,0,1.2999999999999998
2024-06-10 17:00:00,0.8333333,0.0011932486399999992,5.698177119999993e-05,0.03723405190065144,1.0,307,0,0.0,0.0,0.0,0.0,0.0,False,0,0,1.2999999999999998
2024-06-10 21:00:00,0.6666667,0.0019135917399999997,0.00031235496399999976,0.1364504250798046,1.0,307,0,0.0,0.0,0.0,0.0,0.0,False,0,0,1.2999999999999998
2024-06-12 08:00:00,1.0,0.0039996441999999984,0.00022877424399999992,0.36758638124755705,1.0,307,0,0.0,0.0,0.0,0.0,0.0,False,0,0,1.2999999999999998
2024-06-12 09:00:00,0.6666667,0.0013545449799999996,0.00010839458099999999,0.15702496678175906,1.0,307,0,0.0,0.0,0.0,0.0,0.0,False,0,0,1.2999999999999998
2024-06-12 12:00:00,0.8847222299999998,0.0026741581099999946,0.00014734714899999998,0.0837145592442997,1.0,307,0,0.0,0.0,0.0,0.0,0.0,False,0,0,1.2999999999999998
2024-06-12 13:00:00,0.768461555,0.00202024438,4.719141129999999e-05,0.05585801490390878,1.0,307,0,0.0,0.0,0.0,0.0,0.0,False,0,0,1.2999999999999998
2024-06-12 14:00:00,0.6066666799999997,0.0011465397799999967,4.5004855399999976e-05,0.06269728892182405,1.0,307,0,0.0,0.0,0.0,0.0,0.0,False,0,0,1.2999999999999998
2024-06-13 07:00:00,1.0,0.00287563244,0.00026688157399999983,0.31623308747882733,1.0,307,0,0.0,0.0,0.0,0.0,0.0,False,0,0,1.2999999999999998
2024-06-13 15:00:00,0.5,0.0004529545089999998,4.430843079999996e-05,0.03911732609609118,1.0,307,0,0.0,0.0,0.0,0.0,0.0,False,0,0,1.2999999999999998
2024-06-16 08:00:00,0.6666667,0.0008759394699999999,6.658166499999999e-05,0.03729704719055373,1.0,307,0,0.0,0.0,0.0,0.0,0.0,False,0,0,1.2999999999999998
2024-06-17 00:00:00,0.21805555299999985,0.00017663628399999996,1.847411219999999e-05,0.0038105222915309446,1.0,307,0,0.0,0.0,0.0,0.0,0.0,False,0,0,1.2999999999999998
2024-06-17 11:00:00,0.5106060499999998,0.0009043113579999992,5.818477279999998e-05,0.049894135526058626,1.0,307,0,0.0,0.0,0.0,0.0,0.0,False,0,0,1.2999999999999998
2024-06-17 12:00:00,0.2029761909999998,0.00014158703499999998,1.6260864e-05,0.004851319377850162,1.0,307,0,0.0,0.0,0.0,0.0,0.0,False,0,0,1.2999999999999998
2024-06-17 13:00:00,0.4138888819999999,0.0008985182499999998,9.192587119999998e-05,0.054889053872964146,1.0,307,0,0.0,0.0,0.0,0.0,0.0,False,0,0,1.2999999999999998
2024-06-18 04:00:00,0.6666667,0.0020952912699999954,9.381013099999991e-05,0.044837083087947906,1.0,307,0,0.0,0.0,0.0,0.0,0.0,False,0,0,1.2999999999999998
2024-06-18 05:00:00,0.6666667,0.0015227955099999927,9.858745849999994e-05,0.03764077071824104,1.0,307,0,0.0,0.0,0.0,0.0,0.0,False,0,0,1.2999999999999998
2024-06-18 06:00:00,0.44444445,0.0012490566299999996,9.177529579999986e-05,0.04771867941042341,1.0,307,0,0.0,0.0,0.0,0.0,0.0,False,0,0,1.2999999999999998
2024-06-18 09:00:00,0.41666666,0.000388742053,3.682987899999998e-05,0.12412800150814336,1.0,307,0,0.0,0.0,0.0,0.0,0.0,False,0,0,1.2999999999999998
2024-06-18 10:00:00,0.5,0.0004436402339999999,4.15408151e-05,0.11376452084690558,1.0,307,0,0.0,0.0,0.0,0.0,0.0,False,0,0,1.2999999999999998
2024-06-18 11:00:00,0.33333334,0.000346826548,3.8913611699999964e-05,0.102474793087948,1.0,307,0,0.0,0.0,0.0,0.0,0.0,False,0,0,1.2999999999999998
2024-06-18 12:00:00,0.5,0.00038001111999999977,3.5693058899999995e-05,0.09840837502605862,1.0,307,0,0.0,0.0,0.0,0.0,0.0,True,0,0,1.2999999999999998
2024-06-18 13:00:00,0.5,0.00043402578499999984,4.392608769999999e-05,0.1078018223192184,1.0,307,0,0.0,0.0,0.0,0.0,0.0,True,0,0,1.2999999999999998
2024-06-18 14:00:00,0.4,0.000566333335,6.441521299999999e-05,0.09447046843322483,1.0,307,0,0.0,0.0,0.0,0.0,0.0,True,0,0,1.2999999999999998
2024-06-18 15:00:00,0.4083333319999997,0.0003580166719999996,3.2592566999999986e-05,0.11699960464495121,1.0,307,0,0.0,0.0,0.0,0.0,0.0,True,0,0,1.2999999999999998
2024-06-18 16:00:00,0.5,0.00039578096899999996,3.952165e-05,0.0992543585602606,1.0,307,0,0.0,0.0,0.0,0.0,0.0,True,0,0,1.2999999999999998
2024-06-18 17:00:00,0.41666666,0.00038536363599999996,4.303993029999993e-05,0.09790524889576552,1.0,307,0,0.0,0.0,0.0,0.0,0.0,True,0,0,1.2999999999999998
2024-06-18 18:00:00,0.5,0.00041796880999999937,4.735555559999998e-05,0.09618995255048857,1.0,307,0,0.0,0.0,0.0,0.0,0.0,True,0,0,1.2999999999999998
2024-06-18 19:00:00,0.41666666,0.00041674011999999965,4.3363592599999994e-05,0.09183575925407164,1.0,307,0,0.0,0.0,0.0,0.0,0.0,True,0,0,1.2999999999999998
2024-06-18 20:00:00,0.39166666399999905,0.00047566666399999954,3.877542909999999e-05,0.09046237593159613,1.0,307,0,0.0,0.0,0.0,0.0,0.0,True,0,0,1.2999999999999998
2024-06-18 21:00:00,0.5,0.000636203969,5.190337879999997e-05,0.08872187060260589,1.0,307,0,0.0,0.0,0.0,0.0,0.0,True,0,0,1.2999999999999998
2024-06-18 22:00:00,0.5,0.0005626472499999999,6.15844888e-05,0.08811044289576549,1.0,307,0,0.0,0.0,0.0,0.0,0.0,True,0,0,1.2999999999999998
2024-06-18 23:00:00,0.5,0.0004737130309999999,3.1930031499999983e-05,0.09692034364169382,1.0,307,0,0.0,0.0,0.0,0.0,0.0,True,0,0,1.2999999999999998
2024-06-19 00:00:00,1.0,0.0004949479159999996,4.3168763999999994e-05,0.09245481592508145,1.0,307,0,0.0,0.0,0.0,0.0,0.0,True,0,0,1.2999999999999998
2024-06-19 01:00:00,0.5,0.00048336720899999993,4.59414814e-05,0.09128053113029316,1.0,307,0,0.0,0.0,0.0,0.0,0.0,True,0,0,1.2999999999999998
2024-06-19 02:00:00,0.47499999799999904,0.00040529761399999987,4.902243419999993e-05,0.09562470793485342,1.0,307,0,0.0,0.0,0.0,0.0,0.0,True,0,0,1.2999999999999998
2024-06-19 03:00:00,0.47499999799999904,0.00047232371699999954,4.0745188599999974e-05,0.09633556699674267,1.0,307,0,0.0,0.0,0.0,0.0,0.0,True,0,0,1.2999999999999998
2024-06-19 04:00:00,0.5,0.000494271826,5.32107975e-05,0.08118200364169383,1.0,307,0,0.0,0.0,0.0,0.0,0.0,True,0,0,1.2999999999999998
2024-06-19 05:00:00,0.5,0.0005155192099999999,4.896831339999999e-05,0.08594102657654729,1.0,307,0,0.0,0.0,0.0,0.0,0.0,True,0,0,1.2999999999999998
2024-06-19 06:00:00,0.47499999799999904,0.000368791729,4.2273547700000004e-05,0.09084575511400654,1.0,307,0,0.0,0.0,0.0,0.0,0.0,True,0,0,1.2999999999999998
2024-06-19 07:00:00,0.44666666899999924,0.000477063407,5.3530261899999996e-05,0.08420548008469059,1.0,307,0,0.0,0.0,0.0,0.0,0.0,True,0,0,1.2999999999999998
2024-06-19 08:00:00,0.5,0.0003466015699999999,3.116652029999996e-05,0.101568205791531,1.0,307,0,0.0,0.0,0.0,0.0,0.0,True,0,0,1.2999999999999998
2024-06-19 09:00:00,0.33333334,0.00040206280399999984,3.795963989999999e-05,0.09123398869706842,1.0,307,0,0.0,0.0,0.0,0.0,0.0,True,0,0,1.2999999999999998
2024-06-19 10:00:00,0.5,0.00045122483699999965,4.303331299999999e-05,0.08182065993811076,1.0,307,0,0.0,0.0,0.0,0.0,0.0,True,0,0,1.2999999999999998
2024-06-19 11:00:00,0.39166666399999905,0.0004874829879999997,3.45461316e-05,0.09079330305211733,1.0,307,0,0.0,0.0,0.0,0.0,0.0,True,0,0,1.2999999999999998
2024-06-19 12:00:00,0.5,0.00046211388099999995,4.209194899999998e-05,0.08669679950162869,1.0,307,0,0.0,0.0,0.0,0.0,0.0,True,0,0,1.2999999999999998
2024-06-19 13:00:00,0.5,0.00041246646799999987,3.9598749999999994e-05,0.08560528364495118,1.0,307,0,0.0,0.0,0.0,0.0,0.0,True,0,0,1.2999999999999998
2024-06-19 14:00:00,0.47499999799999904,0.00039285858899999987,6.067613259999998e-05,0.090264504781759,1.0,307,0,0.0,0.0,0.0,0.0,0.0,True,0,0,1.2999999999999998
2024-06-19 15:00:00,0.5,0.00046616433299999984,5.087674399999999e-05,0.0834289337687296,1.0,307,0,0.0,0.0,0.0,0.0,0.0,True,0,0,1.2999999999999998
2024-06-19 16:00:00,0.41666666,0.0003705527839999998,4.310463289999999e-05,0.08780119414006515,1.0,307,0,0.0,0.0,0.0,0.0,0.0,True,0,0,1.2999999999999998
2024-06-19 17:00:00,0.4,0.0003823818199999999,4.145092039999999e-05,0.09516327778827362,1.0,307,0,0.0,0.0,0.0,0.0,0.0,True,0,0,1.2999999999999998
2024-06-19 18:00:00,0.5,0.00035466346299999985,2.71653147e-05,0.08585196364820849,1.0,307,0,0.0,0.0,0.0,0.0,0.0,True,0,0,1.2999999999999998
2024-06-19 19:00:00,0.33333334,0.00039893959899999995,3.92679525e-05,0.08582779736807823,1.0,307,0,0.0,0.0,0.0,0.0,0.0,True,0,0,1.2999999999999998
2024-06-19 20:00:00,0.5,0.00046495893899999925,5.108047439999998e-05,0.08741687771986963,1.0,307,0,0.0,0.0,0.0,0.0,0.0,True,0,0,1.2999999999999998
2024-06-19 21:00:00,0.33333334,0.0005071333399999999,4.3948979499999996e-05,0.08784025965146584,1.0,307,0,0.0,0.0,0.0,0.0,0.0,True,0,0,1.2999999999999998
2024-06-19 22:00:00,0.5,0.00039570798099999974,4.0423274999999974e-05,0.08475336685667754,1.0,307,0,0.0,0.0,0.0,0.0,0.0,True,0,0,1.2999999999999998
2024-06-19 23:00:00,0.5,0.00039405096499999973,3.9192047499999987e-05,0.08007577606188926,1.0,307,0,0.0,0.0,0.0,0.0,0.0,True,0,0,1.2999999999999998
2024-06-20 00:00:00,1.0,0.00042238328799999996,3.7480995899999986e-05,0.08295820407491858,1.0,307,0,0.0,0.0,0.0,0.0,0.0,True,0,0,1.2999999999999998
2024-06-20 01:00:00,0.4,0.0004882394899999997,5.418341099999996e-05,0.08178371802605859,1.0,307,0,0.0,0.0,0.0,0.0,0.0,True,0,0,1.2999999999999998
2024-06-20 02:00:00,0.5,0.00036037500399999984,3.077940029999999e-05,0.09384620078501635,1.0,307,0,0.0,0.0,0.0,0.0,0.0,True,0,0,1.2999999999999998
2024-06-20 03:00:00,0.5,0.000484134291,3.72414286e-05,0.0825197853908795,1.0,307,0,0.0,0.0,0.0,0.0,0.0,True,0,0,1.2999999999999998
2024-06-20 04:00:00,0.5,0.00044255722699999996,3.740437339999999e-05,0.08284360976547234,1.0,307,0,0.0,0.0,0.0,0.0,0.0,True,0,0,1.2999999999999998
2024-06-20 05:00:00,0.41666666,0.0004294813969999998,3.5923592899999985e-05,0.08368675434527688,1.0,307,0,0.0,0.0,0.0,0.0,0.0,True,0,0,1.2999999999999998
2024-06-20 06:00:00,0.33333334,0.0003764088639999999,3.664095599999998e-05,0.07805835960586327,1.0,307,0,0.0,0.0,0.0,0.0,0.0,True,0,0,1.2999999999999998
2024-06-20 07:00:00,1.0,0.0014325056399999993,0.00022811498599999993,0.03324540288925082,1.0,307,0,0.0,0.0,0.0,0.0,0.0,False,0,0,1.2999999999999998
2024-06-20 09:00:00,0.6666667,0.0006881389299999997,5.0785531e-05,0.11069775216286644,1.0,307,0,0.0,0.0,0.0,0.0,0.0,False,0,0,1.2999999999999998
2024-06-20 11:00:00,0.0,0.0,0.0,0.0,1.0,307,0,0.0,0.0,0.0,0.0,0.0,False,0,0,1.2999999999999998
2024-06-20 12:00:00,0.0,0.0,0.0,0.00024128363192182413,1.0,307,0,0.0,0.0,0.0,0.0,0.0,False,0,0,1.2999999999999998
2024-06-20 13:00:00,0.0,0.0,0.0,0.0,1.0,307,0,0.0,0.0,0.0,0.0,0.0,False,0,0,1.2999999999999998
2024-06-20 14:00:00,0.0,0.0,0.0,0.0,1.0,307,0,0.0,0.0,0.0,0.0,0.0,True,0,0,1.2999999999999998
2024-06-20 15:00:00,0.0,0.0,0.0,0.0,1.0,307,0,0.0,0.0,0.0,0.0,0.0,True,0,0,1.2999999999999998
2024-06-20 16:00:00,0.0,0.0,0.0,0.0,1.0,307,0,0.0,0.0,0.0,0.0,0.0,True,0,0,1.2999999999999998
2024-06-20 17:00:00,0.0,0.0,0.0,0.0,1.0,307,0,0.0,0.0,0.0,0.0,0.0,True,0,0,1.2999999999999998
2024-06-20 18:00:00,0.0,0.0,0.0,0.0,1.0,307,0,0.0,0.0,0.0,0.0,0.0,True,0,0,1.2999999999999998
2024-06-20 19:00:00,0.0,0.0,0.0,0.0,1.0,307,0,0.0,0.0,0.0,0.0,0.0,True,0,0,1.2999999999999998
2024-06-20 20:00:00,0.0,0.0,0.0,0.0,1.0,307,0,0.0,0.0,0.0,0.0,0.0,True,0,0,1.2999999999999998
2024-06-20 21:00:00,0.0,0.0,0.0,0.0,1.0,307,0,0.0,0.0,0.0,0.0,0.0,True,0,0,1.2999999999999998
2024-06-20 22:00:00,0.0,0.0,0.0,0.0,1.0,307,0,0.0,0.0,0.0,0.0,0.0,True,0,0,1.2999999999999998
2024-06-20 23:00:00,0.0,0.0,0.0,0.0,1.0,307,0,0.0,0.0,0.0,0.0,0.0,True,0,0,1.2999999999999998
2024-06-21 00:00:00,0.0,0.0,0.0,0.0,1.0,307,0,0.0,0.0,0.0,0.0,0.0,True,0,0,1.2999999999999998
2024-06-21 01:00:00,0.0,0.0,0.0,0.0,1.0,307,0,0.0,0.0,0.0,0.0,0.0,True,0,0,1.2999999999999998
2024-06-21 02:00:00,0.0,0.0,0.0,0.0,1.0,307,0,0.0,0.0,0.0,0.0,0.0,True,0,0,1.2999999999999998
2024-06-21 03:00:00,0.0,0.0,0.0,0.0,1.0,307,0,0.0,0.0,0.0,0.0,0.0,True,0,0,1.2999999999999998
2024-06-21 04:00:00,0.0,0.0,0.0,0.0,1.0,307,0,0.0,0.0,0.0,0.0,0.0,True,0,0,1.2999999999999998
2024-06-21 05:00:00,0.0,0.0,0.0,0.0,1.0,307,0,0.0,0.0,0.0,0.0,0.0,True,0,0,1.2999999999999998
2024-06-21 06:00:00,0.0,0.0,0.0,0.0,1.0,307,0,0.0,0.0,0.0,0.0,0.0,True,0,0,1.2999999999999998
2024-06-21 07:00:00,0.0,0.0,0.0,0.0,1.0,307,0,0.0,0.0,0.0,0.0,0.0,True,0,0,1.2999999999999998
2024-06-21 08:00:00,0.0,0.0,0.0,0.0,1.0,307,0,0.0,0.0,0.0,0.0,0.0,True,0,0,1.2999999999999998
2024-06-21 09:00:00,0.0,0.0,0.0,0.0,1.0,307,0,0.0,0.0,0.0,0.0,0.0,True,0,0,1.2999999999999998
2024-06-21 10:00:00,0.0,0.0,0.0,0.0,1.0,307,0,0.0,0.0,0.0,0.0,0.0,True,0,0,1.2999999999999998
2024-06-21 11:00:00,0.0,0.0,0.0,0.0,1.0,307,0,0.0,0.0,0.0,0.0,0.0,True,0,0,1.2999999999999998
2024-06-21 12:00:00,0.0,0.0,0.0,0.0,1.0,307,0,0.0,0.0,0.0,0.0,0.0,True,0,0,1.2999999999999998
2024-06-21 13:00:00,0.0,0.0,0.0,0.0,1.0,307,0,0.0,0.0,0.0,0.0,0.0,True,0,0,1.2999999999999998
2024-06-21 14:00:00,0.0,0.0,0.0,0.0,1.0,307,0,0.0,0.0,0.0,0.0,0.0,True,0,0,1.2999999999999998
2024-06-21 15:00:00,0.0,0.0,0.0,0.0,1.0,307,0,0.0,0.0,0.0,0.0,0.0,True,0,0,1.2999999999999998
2024-06-21 16:00:00,0.0,0.0,0.0,0.0,1.0,307,0,0.0,0.0,0.0,0.0,0.0,True,0,0,1.2999999999999998
2024-06-21 17:00:00,0.0,0.0,0.0,0.0,1.0,307,0,0.0,0.0,0.0,0.0,0.0,True,0,0,1.2999999999999998
2024-06-21 18:00:00,0.0,0.0,0.0,0.0,1.0,307,0,0.0,0.0,0.0,0.0,0.0,True,0,0,1.2999999999999998
2024-06-21 19:00:00,0.0,0.0,0.0,0.0,1.0,307,0,0.0,0.0,0.0,0.0,0.0,True,0,0,1.2999999999999998
2024-06-21 20:00:00,0.0,0.0,0.0,0.0,1.0,307,0,0.0,0.0,0.0,0.0,0.0,True,0,0,1.2999999999999998
2024-06-21 21:00:00,0.0,0.0,0.0,0.0,1.0,307,0,0.0,0.0,0.0,0.0,0.0,True,0,0,1.2999999999999998
2024-06-21 22:00:00,0.0,0.0,0.0,0.0,1.0,307,0,0.0,0.0,0.0,0.0,0.0,True,0,0,1.2999999999999998
2024-06-21 23:00:00,0.0,0.0,0.0,0.0,1.0,307,0,0.0,0.0,0.0,0.0,0.0,True,0,0,1.2999999999999998
2024-06-22 00:00:00,0.0,0.0,0.0,0.0,1.0,307,0,0.0,0.0,0.0,0.0,0.0,True,0,0,1.2999999999999998
2024-06-22 01:00:00,0.0,0.0,0.0,0.0,1.0,307,0,0.0,0.0,0.0,0.0,0.0,True,0,0,1.2999999999999998
2024-06-22 02:00:00,0.0,0.0,0.0,0.0,1.0,307,0,0.0,0.0,0.0,0.0,0.0,True,0,0,1.2999999999999998
2024-06-22 03:00:00,0.0,0.0,0.0,0.0,1.0,307,0,0.0,0.0,0.0,0.0,0.0,True,0,0,1.2999999999999998
2024-06-22 04:00:00,0.0,0.0,0.0,0.0,1.0,307,0,0.0,0.0,0.0,0.0,0.0,True,0,0,1.2999999999999998
2024-06-22 05:00:00,0.0,0.0,0.0,0.0,1.0,307,0,0.0,0.0,0.0,0.0,0.0,True,0,0,1.2999999999999998
2024-06-22 06:00:00,0.0,0.0,0.0,0.0,1.0,307,0,0.0,0.0,0.0,0.0,0.0,True,0,0,1.2999999999999998
2024-06-22 07:00:00,0.0,0.0,0.0,0.0,1.0,307,0,0.0,0.0,0.0,0.0,0.0,True,0,0,1.2999999999999998
2024-06-22 08:00:00,0.0,0.0,0.0,0.0,1.0,307,0,0.0,0.0,0.0,0.0,0.0,True,0,0,1.2999999999999998
2024-06-22 09:00:00,0.0,0.0,0.0,0.0,1.0,307,0,0.0,0.0,0.0,0.0,0.0,True,0,0,1.2999999999999998
2024-06-22 10:00:00,0.0,0.0,0.0,0.0,1.0,307,0,0.0,0.0,0.0,0.0,0.0,True,0,0,1.2999999999999998
2024-06-22 11:00:00,0.0,0.0,0.0,0.0,1.0,307,0,0.0,0.0,0.0,0.0,0.0,True,0,0,1.2999999999999998
2024-06-22 12:00:00,0.0,0.0,0.0,0.0,1.0,307,0,0.0,0.0,0.0,0.0,0.0,True,0,0,1.2999999999999998
2024-06-22 13:00:00,0.0,0.0,0.0,0.0,1.0,307,0,0.0,0.0,0.0,0.0,0.0,True,0,0,1.2999999999999998
2024-06-22 14:00:00,0.0,0.0,0.0,0.0,1.0,307,0,0.0,0.0,0.0,0.0,0.0,True,0,0,1.2999999999999998
2024-06-22 15:00:00,0.0,0.0,0.0,0.0,1.0,307,0,0.0,0.0,0.0,0.0,0.0,True,0,0,1.2999999999999998
2024-06-22 16:00:00,0.0,0.0,0.0,0.0,1.0,307,0,0.0,0.0,0.0,0.0,0.0,True,0,0,1.2999999999999998
2024-06-22 17:00:00,0.0,0.0,0.0,0.0,1.0,307,0,0.0,0.0,0.0,0.0,0.0,True,0,0,1.2999999999999998
2024-06-22 18:00:00,0.0,0.0,0.0,0.0,1.0,307,0,0.0,0.0,0.0,0.0,0.0,True,0,0,1.2999999999999998
2024-06-22 19:00:00,0.0,0.0,0.0,0.0,1.0,307,0,0.0,0.0,0.0,0.0,0.0,True,0,0,1.2999999999999998
2024-06-22 20:00:00,0.0,0.0,0.0,0.0,1.0,307,0,0.0,0.0,0.0,0.0,0.0,True,0,0,1.2999999999999998
2024-06-22 21:00:00,0.0,0.0,0.0,0.0,1.0,307,0,0.0,0.0,0.0,0.0,0.0,True,0,0,1.2999999999999998
2024-06-22 22:00:00,0.0,0.0,0.0,0.0,1.0,307,0,0.0,0.0,0.0,0.0,0.0,True,0,0,1.2999999999999998
2024-06-22 23:00:00,0.0,0.0,0.0,0.0,1.0,307,0,0.0,0.0,0.0,0.0,0.0,True,0,0,1.2999999999999998
2024-06-23 00:00:00,0.0,0.0,0.0,0.0,1.0,307,0,0.0,0.0,0.0,0.0,0.0,True,0,0,1.2999999999999998
2024-06-23 01:00:00,0.0,0.0,0.0,0.0,1.0,307,0,0.0,0.0,0.0,0.0,0.0,True,0,0,1.2999999999999998
2024-06-23 02:00:00,0.0,0.0,0.0,0.0,1.0,307,0,0.0,0.0,0.0,0.0,0.0,True,0,0,1.2999999999999998
2024-06-23 03:00:00,0.0,0.0,0.0,0.0,1.0,307,0,0.0,0.0,0.0,0.0,0.0,True,0,0,1.2999999999999998
2024-06-23 04:00:00,0.0,0.0,0.0,0.0,1.0,307,0,0.0,0.0,0.0,0.0,0.0,True,0,0,1.2999999999999998
2024-06-23 05:00:00,0.0,0.0,0.0,0.0,1.0,307,0,0.0,0.0,0.0,0.0,0.0,True,0,0,1.2999999999999998
2024-06-23 06:00:00,0.0,0.0,0.0,0.0,1.0,307,0,0.0,0.0,0.0,0.0,0.0,True,0,0,1.2999999999999998
2024-06-23 07:00:00,0.0,0.0,0.0,0.0,1.0,307,0,0.0,0.0,0.0,0.0,0.0,True,0,0,1.2999999999999998
2024-06-23 08:00:00,0.0,0.0,0.0,0.0,1.0,307,0,0.0,0.0,0.0,0.0,0.0,True,0,0,1.2999999999999998
2024-06-23 09:00:00,0.0,0.0,0.0,0.0,1.0,307,0,0.0,0.0,0.0,0.0,0.0,True,0,0,1.2999999999999998
2024-06-23 10:00:00,0.0,0.0,0.0,0.0,1.0,307,0,0.0,0.0,0.0,0.0,0.0,True,0,0,1.2999999999999998
2024-06-23 11:00:00,0.0,0.0,0.0,0.0,1.0,307,0,0.0,0.0,0.0,0.0,0.0,True,0,0,1.2999999999999998
2024-06-23 12:00:00,0.0,0.0,0.0,0.0,1.0,307,0,0.0,0.0,0.0,0.0,0.0,True,0,0,1.2999999999999998
2024-06-23 13:00:00,0.0,0.0,0.0,0.0,1.0,307,0,0.0,0.0,0.0,0.0,0.0,True,0,0,1.2999999999999998
2024-06-23 14:00:00,0.0,0.0,0.0,0.0,1.0,307,0,0.0,0.0,0.0,0.0,0.0,True,0,0,1.2999999999999998
2024-06-23 15:00:00,0.0,0.0,0.0,0.0,1.0,307,0,0.0,0.0,0.0,0.0,0.0,True,0,0,1.2999999999999998
2024-06-23 16:00:00,0.0,0.0,0.0,0.0,1.0,307,0,0.0,0.0,0.0,0.0,0.0,True,0,0,1.2999999999999998
2024-06-23 17:00:00,0.0,0.0,0.0,0.0,1.0,307,0,0.0,0.0,0.0,0.0,0.0,True,0,0,1.2999999999999998
2024-06-23 18:00:00,0.0,0.0,0.0,0.0,1.0,307,0,0.0,0.0,0.0,0.0,0.0,True,0,0,1.2999999999999998
2024-06-23 19:00:00,0.0,0.0,0.0,0.0,1.0,307,0,0.0,0.0,0.0,0.0,0.0,True,0,0,1.2999999999999998
2024-06-23 20:00:00,0.0,0.0,0.0,0.0,1.0,307,0,0.0,0.0,0.0,0.0,0.0,True,0,0,1.2999999999999998
2024-06-23 21:00:00,0.0,0.0,0.0,0.0,1.0,307,0,0.0,0.0,0.0,0.0,0.0,True,0,0,1.2999999999999998
2024-06-23 22:00:00,0.0,0.0,0.0,0.0,1.0,307,0,0.0,0.0,0.0,0.0,0.0,True,0,0,1.2999999999999998
2024-06-23 23:00:00,0.0,0.0,0.0,0.0,1.0,307,0,0.0,0.0,0.0,0.0,0.0,True,0,0,1.2999999999999998
2024-06-24 00:00:00,0.0,0.0,0.0,0.0,1.0,307,0,0.0,0.0,0.0,0.0,0.0,True,0,0,1.2999999999999998
2024-06-24 01:00:00,0.0,0.0,0.0,0.0,1.0,307,0,0.0,0.0,0.0,0.0,0.0,True,0,0,1.2999999999999998
2024-06-24 02:00:00,0.0,0.0,0.0,0.0,1.0,307,0,0.0,0.0,0.0,0.0,0.0,True,0,0,1.2999999999999998
2024-06-24 03:00:00,0.0,0.0,0.0,0.0,1.0,307,0,0.0,0.0,0.0,0.0,0.0,True,0,0,1.2999999999999998
2024-06-24 04:00:00,0.0,0.0,0.0,0.0,1.0,307,0,0.0,0.0,0.0,0.0,0.0,True,0,0,1.2999999999999998
2024-06-24 05:00:00,0.0,0.0,0.0,0.0,1.0,307,0,0.0,0.0,0.0,0.0,0.0,True,0,0,1.2999999999999998
2024-06-24 06:00:00,0.0,0.0,0.0,0.0,1.0,307,0,0.0,0.0,0.0,0.0,0.0,True,0,0,1.2999999999999998
2024-06-24 07:00:00,0.0,0.0,0.0,0.0,1.0,307,0,0.0,0.0,0.0,0.0,0.0,True,0,0,1.2999999999999998
2024-06-24 08:00:00,0.0,0.0,0.0,0.0,1.0,307,0,0.0,0.0,0.0,0.0,0.0,False,0,0,1.2999999999999998
2024-06-24 09:00:00,0.0,0.0,0.0,0.0,1.0,307,0,0.0,0.0,0.0,0.0,0.0,False,0,0,1.2999999999999998
2024-06-24 10:00:00,0.0,0.0,0.0,0.0,1.0,307,0,0.0,0.0,0.0,0.0,0.0,False,0,0,1.2999999999999998
2024-06-25 15:00:00,0.33333334,0.0008974337599999993,4.501015649999999e-05,0.0970335690048861,1.0,307,0,0.0,0.0,0.0,0.0,0.0,False,0,0,1.2999999999999998
2024-06-25 16:00:00,0.42857143,0.0011547007499999996,8.650636119999986e-05,0.1768435904723126,1.0,307,0,0.0,0.0,0.0,0.0,0.0,False,0,0,1.2999999999999998
2024-06-25 17:00:00,0.5,0.00104592855,9.337680020000001e-05,0.1969172975863193,1.0,307,0,0.0,0.0,0.0,0.0,0.0,False,0,0,1.2999999999999998
2024-06-25 18:00:00,0.42857143,0.0010852876699999996,8.0109293e-05,0.19843165363517914,1.0,307,0,0.0,0.0,0.0,0.0,0.0,True,0,0,1.2999999999999998
2024-06-25 19:00:00,0.5,0.00149564314,0.00011054378019999992,0.265763723423453,1.0,307,0,0.0,0.0,0.0,0.0,0.0,True,0,0,1.2999999999999998
2024-06-25 20:00:00,0.5,0.0013623797799999999,0.00012746878399999998,0.27327605021498397,1.0,307,0,0.0,0.0,0.0,0.0,0.0,True,0,0,1.2999999999999998
2024-06-25 21:00:00,0.5,0.0015056946599999997,0.00016120238899999996,0.2667169052084692,1.0,307,0,0.0,0.0,0.0,0.0,0.0,True,0,0,1.2999999999999998
2024-06-25 22:00:00,0.5714286,0.00115568019,0.00011881167899999997,0.29525459178501623,1.0,307,0,0.0,0.0,0.0,0.0,0.0,True,0,0,1.2999999999999998
2024-06-25 23:00:00,0.5,0.0015470258099999998,0.00012698582399999994,0.3161272857100976,1.0,307,0,0.0,0.0,0.0,0.0,0.0,True,0,0,1.2999999999999998
2024-06-26 00:00:00,0.6666667,0.00232955198,0.00012890240699999994,0.3228226338208468,1.0,307,0,0.0,0.0,0.0,0.0,0.0,True,0,0,1.2999999999999998
2024-06-26 01:00:00,0.5714286,0.0014775714499999997,0.000119901938,0.3312285559022806,1.0,307,0,0.0,0.0,0.0,0.0,0.0,True,0,0,1.2999999999999998
2024-06-26 02:00:00,0.5,0.0018401198399999998,0.00016792834499999995,0.35720584748859957,1.0,307,0,0.0,0.0,0.0,0.0,0.0,True,0,0,1.2999999999999998
2024-06-26 03:00:00,0.5,0.0015726267399999996,0.00011480669199999997,0.2968574192736158,1.0,307,0,0.0,0.0,0.0,0.0,0.0,True,0,0,1.2999999999999998
2024-06-26 04:00:00,0.5714286,0.0019297829399999996,0.00010398434099999999,0.34812049845276877,1.0,307,0,0.0,0.0,0.0,0.0,0.0,True,0,0,1.2999999999999998
2024-06-26 05:00:00,0.5,0.00136586962,0.00010058218099999997,0.3250854220716614,1.0,307,0,0.0,0.0,0.0,0.0,0.0,True,0,0,1.2999999999999998
2024-06-26 06:00:00,0.5714286,0.0011270692599999997,0.000203279868,0.29065011058957657,1.0,307,0,0.0,0.0,0.0,0.0,0.0,False,0,0,1.2999999999999998
2024-06-26 07:00:00,0.6666667,0.00130951044,0.00022139794499999999,0.365242890286645,1.0,307,0,0.0,0.0,0.0,0.0,0.0,False,0,0,1.2999999999999998
2024-06-26 08:00:00,0.5714286,0.002557421959999999,0.000128780605,0.3830013852508142,1.0,307,0,0.0,0.0,0.0,0.0,0.0,False,0,0,1.2999999999999998
2024-06-26 12:00:00,0.5714286,0.002746606459999999,0.000115763179,0.4078878582019544,1.0,307,0,0.0,0.0,0.0,0.0,0.0,False,0,0,1.2999999999999998
2024-06-26 13:00:00,0.5714286,0.00209330733,0.000202302074,0.3720559255895769,1.0,307,0,0.0,0.0,0.0,0.0,0.0,False,0,0,1.2999999999999998
2024-06-27 01:00:00,0.6666667,0.0015926851799999996,0.0001262702669999999,0.31911293790228024,1.0,307,0,0.0,0.0,0.0,0.0,0.0,False,0,0,1.2999999999999998
2024-06-27 02:00:00,0.5714286,0.0013424547199999996,0.000127388012,0.3097618057459284,1.0,307,0,0.0,0.0,0.0,0.0,0.0,False,0,0,1.2999999999999998
2024-06-27 03:00:00,0.641666679999999,0.0014478536099999998,0.00012770785199999995,0.3579812098371336,1.0,307,0,0.0,0.0,0.0,0.0,0.0,False,0,0,1.2999999999999998
2024-06-27 04:00:00,0.5714286,0.0013687486499999993,0.0001046461422,0.32074435299348564,1.0,307,0,0.0,0.0,0.0,0.0,0.0,False,0,0,1.2999999999999998
2024-06-27 05:00:00,0.6666667,0.0017134327099999997,0.00014513341199999988,0.3150166780195439,1.0,307,0,0.0,0.0,0.0,0.0,0.0,False,0,0,1.2999999999999998
2024-06-27 07:00:00,0.6666667,0.00166833249,0.00014582329599999999,0.3981432239283387,1.0,307,0,0.0,0.0,0.0,0.0,0.0,False,0,0,1.2999999999999998
2024-06-27 18:00:00,0.6666667,0.0012560473899999997,0.00016777665499999995,0.30608526584690554,1.0,307,0,0.0,0.0,0.0,0.0,0.0,False,0,0,1.2999999999999998
2024-06-27 22:00:00,0.6666667,0.0023035071199999997,0.00012597343899999996,0.31349385196091206,1.0,307,0,0.0,0.0,0.0,0.0,0.0,False,0,0,1.2999999999999998
2024-06-27 23:00:00,0.5,0.001870290409999999,6.040299879999999e-05,0.38202153758631935,1.0,307,0,0.0,0.0,0.0,0.0,0.0,False,0,0,1.2999999999999998
2024-06-28 00:00:00,0.71428573,0.0009863130399999996,7.957299819999998e-05,0.25439251759609127,1.0,307,0,0.0,0.0,0.0,0.0,0.0,False,0,0,1.2999999999999998
2024-06-28 01:00:00,0.5714286,0.0013448917299999997,0.00013178674399999998,0.2892893864592835,1.0,307,0,0.0,0.0,0.0,0.0,0.0,False,0,0,1.2999999999999998
2024-06-28 02:00:00,0.5,0.0022271617200000002,0.00012036871399999999,0.3142360932833882,1.0,307,0,0.0,0.0,0.0,0.0,0.0,False,0,0,1.2999999999999998
2024-06-28 04:00:00,0.5,0.00138648695,0.000213185327,0.2558021082345277,1.0,307,0,0.0,0.0,0.0,0.0,0.0,False,0,0,1.2999999999999998
2024-06-28 05:00:00,0.5,0.00120653899,0.000145018521,0.34255351533550504,1.0,307,0,0.0,0.0,0.0,0.0,0.0,False,0,0,1.2999999999999998
2024-06-28 06:00:00,0.5714286,0.002256275,0.00018131687099999999,0.32600670963517914,1.0,307,0,0.0,0.0,0.0,0.0,0.0,False,0,0,1.2999999999999998
2024-06-28 07:00:00,0.5583333099999991,0.002137376059999999,0.000217534679,0.3494470436872964,1.0,307,0,0.0,0.0,0.0,0.0,0.0,True,0,0,1.2999999999999998
2024-06-28 08:00:00,0.5,0.0014671284199999999,0.00011456352719999999,0.37498750305863215,1.0,307,0,0.0,0.0,0.0,0.0,0.0,True,0,0,1.2999999999999998
2024-06-28 09:00:00,0.5714286,0.00151525683,0.00010181437199999998,0.3645539013420196,1.0,307,0,0.0,0.0,0.0,0.0,0.0,False,0,0,1.2999999999999998
2024-06-28 10:00:00,0.5,0.0030029718699999997,0.000125071243,0.3799737641791531,1.0,307,0,0.0,0.0,0.0,0.0,0.0,False,0,0,1.2999999999999998
2024-06-28 11:00:00,0.5714286,0.0021291237799999996,0.00027106108099999985,0.36956747562540737,1.0,307,0,0.0,0.0,0.0,0.0,0.0,False,0,0,1.2999999999999998
2024-06-28 15:00:00,0.5,0.00227637145,0.00022266837899999987,0.35900153150162867,1.0,307,0,0.0,0.0,0.0,0.0,0.0,False,0,0,1.2999999999999998
2024-06-28 16:00:00,0.5714286,0.0021816237799999996,0.00012344441199999999,0.367828955257329,1.0,307,0,0.0,0.0,0.0,0.0,0.0,False,0,0,1.2999999999999998
2024-06-28 17:00:00,0.5714286,0.00201135784,0.000144354747,0.37882574586319234,1.0,307,0,0.0,0.0,0.0,0.0,0.0,False,0,0,1.2999999999999998
2024-06-28 22:00:00,0.6,0.0017303302199999997,0.00026502863199999997,0.35356242426058654,1.0,307,0,0.0,0.0,0.0,0.0,0.0,False,0,0,1.2999999999999998
2024-06-29 00:00:00,1.0,0.0024922499299999995,0.000237991057,0.4081450597166124,1.0,307,0,0.0,0.0,0.0,0.0,0.0,False,0,0,1.2999999999999998
2024-06-29 03:00:00,0.6714285909999983,0.00158558519,0.00014924561999999993,0.29933519588273644,1.0,307,0,0.0,0.0,0.0,0.0,0.0,False,0,0,1.2999999999999998
2024-06-29 04:00:00,0.6666667,0.0019870532799999997,0.00014120548499999995,0.40315143450814306,1.0,307,0,0.0,0.0,0.0,0.0,0.0,False,0,0,1.2999999999999998
2024-06-29 05:00:00,0.6666667,0.0016732918899999996,0.000150282953,0.28565891370032603,1.0,307,0,0.0,0.0,0.0,0.0,0.0,False,0,0,1.2999999999999998
2024-06-29 09:00:00,0.5714286,0.0014819985599999997,0.00011909978679999986,0.38186550688925097,1.0,307,0,0.0,0.0,0.0,0.0,0.0,False,0,0,1.2999999999999998
2024-06-29 10:00:00,0.5,0.0018353888899999998,0.00011493735199999998,0.38658743617915325,1.0,307,0,0.0,0.0,0.0,0.0,0.0,False,0,0,1.2999999999999998
2024-06-29 15:00:00,0.5,0.0021269169499999996,0.000319828637,0.37706293484690584,1.0,307,0,0.0,0.0,0.0,0.0,0.0,False,0,0,1.2999999999999998
2024-06-29 17:00:00,0.5714286,0.0012829086599999999,0.0001094945265,0.3322464205700328,1.0,307,0,0.0,0.0,0.0,0.0,0.0,False,0,0,1.2999999999999998
2024-06-29 18:00:00,0.5714286,0.00160084345,0.00013967091499999994,0.3351464545244298,1.0,307,0,0.0,0.0,0.0,0.0,0.0,False,0,0,1.2999999999999998
2024-06-29 20:00:00,0.5714286,0.00199027937,0.00029084931599999996,0.36339604887947863,1.0,307,0,0.0,0.0,0.0,0.0,0.0,False,0,0,1.2999999999999998
2024-06-29 21:00:00,0.5714286,0.0015397413700000001,0.00012772195699999994,0.33458836752442994,1.0,307,0,0.0,0.0,0.0,0.0,0.0,False,0,0,1.2999999999999998
2024-06-29 23:00:00,0.5714286,0.0013302502499999995,0.00011344919319999997,0.3086150065374592,1.0,307,0,0.0,0.0,0.0,0.0,0.0,False,0,0,1.2999999999999998
2024-06-30 01:00:00,0.5714286,0.001198513789999999,0.00011350987999999997,0.28723772420846916,1.0,307,0,0.0,0.0,0.0,0.0,0.0,False,0,0,1.2999999999999998
2024-06-30 02:00:00,0.5714286,0.0011821502399999998,0.0001195203927,0.2782233421986971,1.0,307,0,0.0,0.0,0.0,0.0,0.0,False,0,0,1.2999999999999998
2024-06-30 03:00:00,0.6666667,0.0018591851299999999,0.0001141567443,0.38644101574267103,1.0,307,0,0.0,0.0,0.0,0.0,0.0,False,0,0,1.2999999999999998
2024-06-30 04:00:00,0.5,0.0014360754799999998,0.00012250670699999992,0.26400063169055366,1.0,307,0,0.0,0.0,0.0,0.0,0.0,True,0,0,1.2999999999999998
2024-06-30 05:00:00,0.5,0.00195960115,0.00016160212599999985,0.38865929301954416,1.0,307,0,0.0,0.0,0.0,0.0,0.0,False,0,0,1.2999999999999998
2024-06-30 06:00:00,0.5,0.0028401898799999994,0.00014965673699999997,0.3879511830651466,1.0,307,0,0.0,0.0,0.0,0.0,0.0,False,0,0,1.2999999999999998
2024-06-30 07:00:00,0.5714286,0.0016527121799999997,0.00013089597799999998,0.3638203848338765,1.0,307,0,0.0,0.0,0.0,0.0,0.0,False,0,0,1.2999999999999998
2024-06-30 12:00:00,0.5714286,0.0018562427799999998,0.000188830228,0.3919198070195443,1.0,307,0,0.0,0.0,0.0,0.0,0.0,False,0,0,1.2999999999999998
2024-06-30 13:00:00,0.5,0.00216962186,0.00019547938199999997,0.3646012022703584,1.0,307,0,0.0,0.0,0.0,0.0,0.0,False,0,0,1.2999999999999998
2024-06-30 14:00:00,0.5714286,0.0019685620999999997,0.000124667648,0.3902910532377853,1.0,307,0,0.0,0.0,0.0,0.0,0.0,False,0,0,1.2999999999999998
2024-06-30 15:00:00,0.6666667,0.0015786616199999991,0.00012394149,0.2864005470488599,1.0,307,0,0.0,0.0,0.0,0.0,0.0,True,0,0,1.2999999999999998
2024-06-30 16:00:00,0.5,0.001824674019999999,0.00020486090899999993,0.407899345009772,1.0,307,0,0.0,0.0,0.0,0.0,0.0,True,0,0,1.2999999999999998
2024-06-30 17:00:00,0.5714286,0.0012363174299999996,0.00012178990399999999,0.3139308315863193,1.0,307,0,0.0,0.0,0.0,0.0,0.0,True,0,0,1.2999999999999998
2024-06-30 18:00:00,0.5714286,0.0015482405000000002,0.00015688237999999998,0.33498822010423474,1.0,307,0,0.0,0.0,0.0,0.0,0.0,True,0,0,1.2999999999999998
2024-06-30 19:00:00,0.6666667,0.0014171664699999995,0.00014364325899999996,0.2816472573452769,1.0,307,0,0.0,0.0,0.0,0.0,0.0,True,0,0,1.2999999999999998
2024-06-30 20:00:00,0.5714286,0.0013354515199999997,8.713798199999997e-05,0.31416654625407153,1.0,307,0,0.0,0.0,0.0,0.0,0.0,True,0,0,1.2999999999999998
2024-06-30 21:00:00,0.5,0.0015572144299999997,9.89543238e-05,0.32634540162540704,1.0,307,0,0.0,0.0,0.0,0.0,0.0,True,0,0,1.2999999999999998
2024-06-30 22:00:00,0.641666679999999,0.0012610098799999993,0.00012421032619999996,0.33831881030944666,1.0,307,0,0.0,0.0,0.0,0.0,0.0,True,0,0,1.2999999999999998
2024-06-30 23:00:00,0.42857143,0.00226307185,9.461182199999999e-05,0.36983495655374604,1.0,307,0,0.0,0.0,0.0,0.0,0.0,True,0,0,1.2999999999999998
2024-06-06 05:00:00,,,,0.0,0.0,307,307,,,,0.0,,False,0,0,1.2999999999999998
2024-06-06 06:00:00,,,,0.0,0.0,307,307,,,,0.0,,False,0,0,1.2999999999999998
2024-06-06 07:00:00,,,,0.0,0.0,307,307,,,,0.0,,False,0,0,1.2999999999999998
2024-06-06 08:00:00,,,,0.0,0.0,307,307,,,,0.0,,False,0,0,1.2999999999999998
2024-06-14 00:00:00,,,,0.0,0.0,307,307,,,,0.0,,False,0,0,1.2999999999999998
2024-06-14 01:00:00,,,,0.0,0.0,307,307,,,,0.0,,False,0,0,1.2999999999999998
2024-06-14 05:00:00,,,,0.0,0.0,307,307,,,,0.0,,False,0,0,1.2999999999999998
2024-06-20 08:00:00,,,,0.0,0.0,307,307,,,,0.0,,False,0,0,1.2999999999999998
