point_id,grid_x,grid_y,zone_id_v2,patch_id,mae,matched_flag
0,0,15,1,,,0
1,0,85,3,,,0
2,0,86,3,,,0
3,1,85,3,,,0
4,2,3,1,,,0
5,3,2,1,,,0
6,3,3,1,,,0
7,3,4,1,,,0
8,4,1,1,,,0
9,4,2,1,,,0
10,4,3,1,,,0
11,4,4,1,,,0
12,4,5,1,,,0
13,4,6,1,,,0
14,4,34,2,ps10_v2_p001,0.08209239691495895,1
15,5,0,1,,,0
16,5,1,1,,,0
17,5,2,1,,,0
18,5,3,1,,,0
19,5,6,1,,,0
20,5,34,2,ps10_v2_p001,0.08209239691495895,1
21,5,36,2,ps10_v2_p001,0.08209239691495895,1
22,6,0,1,,,0
23,6,1,1,,,0
24,6,4,1,,,0
25,6,51,2,ps10_v2_p003,0.08081436157226562,1
26,6,54,2,ps10_v2_p003,0.08081436157226562,1
27,7,0,1,,,0
28,7,2,1,,,0
29,7,3,1,,,0
30,7,4,1,,,0
31,7,5,1,,,0
32,7,7,1,,,0
33,7,35,2,ps10_v2_p001,0.08209239691495895,1
34,7,36,2,ps10_v2_p001,0.08209239691495895,1
35,7,37,2,ps10_v2_p001,0.08209239691495895,1
36,7,38,2,ps10_v2_p001,0.08209239691495895,1
37,7,51,2,ps10_v2_p003,0.08081436157226562,1
38,7,53,2,ps10_v2_p003,0.08081436157226562,1
39,7,54,2,ps10_v2_p003,0.08081436157226562,1
40,8,4,1,,,0
41,8,5,1,,,0
42,8,35,2,ps10_v2_p001,0.08209239691495895,1
43,8,36,2,ps10_v2_p001,0.08209239691495895,1
44,8,37,2,ps10_v2_p001,0.08209239691495895,1
45,8,38,2,ps10_v2_p001,0.08209239691495895,1
46,8,50,2,ps10_v2_p003,0.08081436157226562,1
47,8,51,2,ps10_v2_p003,0.08081436157226562,1
48,8,52,2,ps10_v2_p003,0.08081436157226562,1
49,8,53,2,ps10_v2_p003,0.08081436157226562,1
50,8,54,2,ps10_v2_p003,0.08081436157226562,1
51,9,5,1,,,0
52,9,6,1,,,0
53,9,35,2,ps10_v2_p001,0.08209239691495895,1
54,9,36,2,ps10_v2_p001,0.08209239691495895,1
55,9,37,2,ps10_v2_p001,0.08209239691495895,1
56,9,38,2,ps10_v2_p001,0.08209239691495895,1
57,9,39,2,ps10_v2_p001,0.08209239691495895,1
58,9,44,2,ps10_v2_p002,0.07254081964492798,1
59,9,47,2,ps10_v2_p002,0.07254081964492798,1
60,9,49,2,ps10_v2_p002,0.07254081964492798,1
61,9,50,2,ps10_v2_p003,0.08081436157226562,1
62,9,51,2,ps10_v2_p003,0.08081436157226562,1
63,9,54,2,ps10_v2_p003,0.08081436157226562,1
64,9,55,2,ps10_v2_p003,0.08081436157226562,1
65,10,30,2,ps10_v2_p001,0.08209239691495895,1
66,10,31,2,ps10_v2_p001,0.08209239691495895,1
67,10,32,2,ps10_v2_p001,0.08209239691495895,1
68,10,34,2,ps10_v2_p001,0.08209239691495895,1
69,10,35,2,ps10_v2_p001,0.08209239691495895,1
70,10,36,2,ps10_v2_p001,0.08209239691495895,1
71,10,37,2,ps10_v2_p001,0.08209239691495895,1
72,10,38,2,ps10_v2_p001,0.08209239691495895,1
73,10,39,2,ps10_v2_p001,0.08209239691495895,1
74,10,40,2,ps10_v2_p002,0.07254081964492798,1
75,10,41,2,ps10_v2_p002,0.07254081964492798,1
76,10,42,2,ps10_v2_p002,0.07254081964492798,1
77,10,44,2,ps10_v2_p002,0.07254081964492798,1
78,10,45,2,ps10_v2_p002,0.07254081964492798,1
79,10,46,2,ps10_v2_p002,0.07254081964492798,1
80,10,47,2,ps10_v2_p002,0.07254081964492798,1
81,10,48,2,ps10_v2_p002,0.07254081964492798,1
82,10,49,2,ps10_v2_p002,0.07254081964492798,1
83,10,50,2,ps10_v2_p003,0.08081436157226562,1
84,10,54,2,ps10_v2_p003,0.08081436157226562,1
85,10,55,2,ps10_v2_p003,0.08081436157226562,1
86,10,56,2,ps10_v2_p003,0.08081436157226562,1
87,11,13,2,,,0
88,11,30,2,ps10_v2_p001,0.08209239691495895,1
89,11,31,2,ps10_v2_p001,0.08209239691495895,1
90,11,32,2,ps10_v2_p001,0.08209239691495895,1
91,11,33,2,ps10_v2_p001,0.08209239691495895,1
92,11,34,2,ps10_v2_p001,0.08209239691495895,1
93,11,35,2,ps10_v2_p001,0.08209239691495895,1
94,11,36,2,ps10_v2_p001,0.08209239691495895,1
95,11,37,2,ps10_v2_p001,0.08209239691495895,1
96,11,38,2,ps10_v2_p001,0.08209239691495895,1
97,11,39,2,ps10_v2_p001,0.08209239691495895,1
98,11,40,2,ps10_v2_p002,0.07254081964492798,1
99,11,42,2,ps10_v2_p002,0.07254081964492798,1
100,11,44,2,ps10_v2_p002,0.07254081964492798,1
101,11,45,2,ps10_v2_p002,0.07254081964492798,1
102,11,46,2,ps10_v2_p002,0.07254081964492798,1
103,11,47,2,ps10_v2_p002,0.07254081964492798,1
104,11,48,2,ps10_v2_p002,0.07254081964492798,1
105,11,49,2,ps10_v2_p002,0.07254081964492798,1
106,11,50,2,ps10_v2_p003,0.08081436157226562,1
107,11,51,2,ps10_v2_p003,0.08081436157226562,1
108,11,53,2,ps10_v2_p003,0.08081436157226562,1
109,11,54,2,ps10_v2_p003,0.08081436157226562,1
110,11,55,2,ps10_v2_p003,0.08081436157226562,1
111,11,56,2,ps10_v2_p003,0.08081436157226562,1
112,12,31,2,ps10_v2_p001,0.08209239691495895,1
113,12,32,2,ps10_v2_p001,0.08209239691495895,1
114,12,33,2,ps10_v2_p001,0.08209239691495895,1
115,12,34,2,ps10_v2_p001,0.08209239691495895,1
116,12,35,2,ps10_v2_p001,0.08209239691495895,1
117,12,36,2,ps10_v2_p001,0.08209239691495895,1
118,12,37,2,ps10_v2_p001,0.08209239691495895,1
119,12,38,2,ps10_v2_p001,0.08209239691495895,1
120,12,39,2,ps10_v2_p001,0.08209239691495895,1
121,12,40,2,ps10_v2_p002,0.07254081964492798,1
122,12,41,2,ps10_v2_p002,0.07254081964492798,1
123,12,42,2,ps10_v2_p002,0.07254081964492798,1
124,12,43,2,ps10_v2_p002,0.07254081964492798,1
125,12,44,2,ps10_v2_p002,0.07254081964492798,1
126,12,45,2,ps10_v2_p002,0.07254081964492798,1
127,12,46,2,ps10_v2_p002,0.07254081964492798,1
128,12,47,2,ps10_v2_p002,0.07254081964492798,1
129,12,48,2,ps10_v2_p002,0.07254081964492798,1
130,12,49,2,ps10_v2_p002,0.07254081964492798,1
131,12,50,2,ps10_v2_p003,0.08081436157226562,1
132,12,51,2,ps10_v2_p003,0.08081436157226562,1
133,12,52,2,ps10_v2_p003,0.08081436157226562,1
134,12,53,2,ps10_v2_p003,0.08081436157226562,1
135,12,55,2,ps10_v2_p003,0.08081436157226562,1
136,12,56,2,ps10_v2_p003,0.08081436157226562,1
137,12,57,2,ps10_v2_p003,0.08081436157226562,1
138,12,68,2,,,0
139,13,30,2,ps10_v2_p001,0.08209239691495895,1
140,13,31,2,ps10_v2_p001,0.08209239691495895,1
141,13,32,2,ps10_v2_p001,0.08209239691495895,1
142,13,33,2,ps10_v2_p001,0.08209239691495895,1
143,13,34,2,ps10_v2_p001,0.08209239691495895,1
144,13,35,2,ps10_v2_p001,0.08209239691495895,1
145,13,36,2,ps10_v2_p001,0.08209239691495895,1
146,13,37,2,ps10_v2_p001,0.08209239691495895,1
147,13,38,2,ps10_v2_p001,0.08209239691495895,1
148,13,39,2,ps10_v2_p001,0.08209239691495895,1
149,13,40,2,ps10_v2_p002,0.07254081964492798,1
150,13,41,2,ps10_v2_p002,0.07254081964492798,1
151,13,42,2,ps10_v2_p002,0.07254081964492798,1
152,13,43,2,ps10_v2_p002,0.07254081964492798,1
153,13,44,2,ps10_v2_p002,0.07254081964492798,1
154,13,45,2,ps10_v2_p002,0.07254081964492798,1
155,13,46,2,ps10_v2_p002,0.07254081964492798,1
156,13,47,2,ps10_v2_p002,0.07254081964492798,1
157,13,48,2,ps10_v2_p002,0.07254081964492798,1
158,13,49,2,ps10_v2_p002,0.07254081964492798,1
159,13,50,2,ps10_v2_p003,0.08081436157226562,1
160,13,51,2,ps10_v2_p003,0.08081436157226562,1
161,13,52,2,ps10_v2_p003,0.08081436157226562,1
162,13,53,2,ps10_v2_p003,0.08081436157226562,1
163,13,54,2,ps10_v2_p003,0.08081436157226562,1
164,13,56,2,ps10_v2_p003,0.08081436157226562,1
165,13,57,2,ps10_v2_p003,0.08081436157226562,1
166,14,10,1,,,0
167,14,21,2,ps10_v2_p005,0.0877850353717804,1
168,14,28,2,ps10_v2_p005,0.0877850353717804,1
169,14,32,2,ps10_v2_p006,0.09389228373765945,1
170,14,33,2,ps10_v2_p006,0.09389228373765945,1
171,14,34,2,ps10_v2_p006,0.09389228373765945,1
172,14,35,2,ps10_v2_p006,0.09389228373765945,1
173,14,36,2,ps10_v2_p006,0.09389228373765945,1
174,14,37,2,ps10_v2_p006,0.09389228373765945,1
175,14,38,2,ps10_v2_p006,0.09389228373765945,1
176,14,39,2,ps10_v2_p006,0.09389228373765945,1
177,14,40,2,ps10_v2_p007,0.09214077144861221,1
178,14,41,2,ps10_v2_p007,0.09214077144861221,1
179,14,42,2,ps10_v2_p007,0.09214077144861221,1
180,14,43,2,ps10_v2_p007,0.09214077144861221,1
181,14,44,2,ps10_v2_p007,0.09214077144861221,1
182,14,45,2,ps10_v2_p007,0.09214077144861221,1
183,14,46,2,ps10_v2_p007,0.09214077144861221,1
184,14,47,2,ps10_v2_p007,0.09214077144861221,1
185,14,48,2,ps10_v2_p007,0.09214077144861221,1
186,14,49,2,ps10_v2_p007,0.09214077144861221,1
187,14,50,2,ps10_v2_p008,0.07900198549032211,1
188,14,51,2,ps10_v2_p008,0.07900198549032211,1
189,14,52,2,ps10_v2_p008,0.07900198549032211,1
190,14,53,2,ps10_v2_p008,0.07900198549032211,1
191,14,56,2,ps10_v2_p008,0.07900198549032211,1
192,14,57,2,ps10_v2_p008,0.07900198549032211,1
193,14,58,2,ps10_v2_p008,0.07900198549032211,1
194,14,95,3,ps10_v2_p094,0.08673369139432907,1
195,15,9,1,,,0
196,15,10,1,,,0
197,15,20,2,ps10_v2_p005,0.0877850353717804,1
198,15,21,2,ps10_v2_p005,0.0877850353717804,1
199,15,22,2,ps10_v2_p005,0.0877850353717804,1
200,15,23,2,ps10_v2_p005,0.0877850353717804,1
201,15,24,2,ps10_v2_p005,0.0877850353717804,1
202,15,25,2,ps10_v2_p005,0.0877850353717804,1
203,15,28,2,ps10_v2_p005,0.0877850353717804,1
204,15,29,2,ps10_v2_p005,0.0877850353717804,1
205,15,30,2,ps10_v2_p006,0.09389228373765945,1
206,15,31,2,ps10_v2_p006,0.09389228373765945,1
207,15,32,2,ps10_v2_p006,0.09389228373765945,1
208,15,33,2,ps10_v2_p006,0.09389228373765945,1
209,15,34,2,ps10_v2_p006,0.09389228373765945,1
210,15,35,2,ps10_v2_p006,0.09389228373765945,1
211,15,36,2,ps10_v2_p006,0.09389228373765945,1
212,15,37,2,ps10_v2_p006,0.09389228373765945,1
213,15,38,2,ps10_v2_p006,0.09389228373765945,1
214,15,39,2,ps10_v2_p006,0.09389228373765945,1
215,15,40,2,ps10_v2_p007,0.09214077144861221,1
216,15,41,2,ps10_v2_p007,0.09214077144861221,1
217,15,42,2,ps10_v2_p007,0.09214077144861221,1
218,15,43,2,ps10_v2_p007,0.09214077144861221,1
219,15,44,2,ps10_v2_p007,0.09214077144861221,1
220,15,46,2,ps10_v2_p007,0.09214077144861221,1
221,15,47,2,ps10_v2_p007,0.09214077144861221,1
222,15,48,2,ps10_v2_p007,0.09214077144861221,1
223,15,49,2,ps10_v2_p007,0.09214077144861221,1
224,15,50,2,ps10_v2_p008,0.07900198549032211,1
225,15,51,2,ps10_v2_p008,0.07900198549032211,1
226,15,52,2,ps10_v2_p008,0.07900198549032211,1
227,15,53,2,ps10_v2_p008,0.07900198549032211,1
228,15,54,2,ps10_v2_p008,0.07900198549032211,1
229,15,56,2,ps10_v2_p008,0.07900198549032211,1
230,15,57,2,ps10_v2_p008,0.07900198549032211,1
231,15,58,2,ps10_v2_p008,0.07900198549032211,1
232,15,59,2,ps10_v2_p008,0.07900198549032211,1
233,15,60,2,ps10_v2_p009,0.07147493958473206,1
234,16,19,2,ps10_v2_p004,0.07265079766511917,1
235,16,20,2,ps10_v2_p005,0.0877850353717804,1
236,16,21,2,ps10_v2_p005,0.0877850353717804,1
237,16,22,2,ps10_v2_p005,0.0877850353717804,1
238,16,23,2,ps10_v2_p005,0.0877850353717804,1
239,16,24,2,ps10_v2_p005,0.0877850353717804,1
240,16,25,2,ps10_v2_p005,0.0877850353717804,1
241,16,26,2,ps10_v2_p005,0.0877850353717804,1
242,16,27,2,ps10_v2_p005,0.0877850353717804,1
243,16,28,2,ps10_v2_p005,0.0877850353717804,1
244,16,30,2,ps10_v2_p006,0.09389228373765945,1
245,16,31,2,ps10_v2_p006,0.09389228373765945,1
246,16,32,2,ps10_v2_p006,0.09389228373765945,1
247,16,33,2,ps10_v2_p006,0.09389228373765945,1
248,16,34,2,ps10_v2_p006,0.09389228373765945,1
249,16,35,2,ps10_v2_p006,0.09389228373765945,1
250,16,36,2,ps10_v2_p006,0.09389228373765945,1
251,16,37,2,ps10_v2_p006,0.09389228373765945,1
252,16,38,2,ps10_v2_p006,0.09389228373765945,1
253,16,39,2,ps10_v2_p006,0.09389228373765945,1
254,16,40,2,ps10_v2_p007,0.09214077144861221,1
255,16,41,2,ps10_v2_p007,0.09214077144861221,1
256,16,42,2,ps10_v2_p007,0.09214077144861221,1
257,16,43,2,ps10_v2_p007,0.09214077144861221,1
258,16,44,2,ps10_v2_p007,0.09214077144861221,1
259,16,45,2,ps10_v2_p007,0.09214077144861221,1
260,16,46,2,ps10_v2_p007,0.09214077144861221,1
261,16,47,2,ps10_v2_p007,0.09214077144861221,1
262,16,48,2,ps10_v2_p007,0.09214077144861221,1
263,16,49,2,ps10_v2_p007,0.09214077144861221,1
264,16,50,2,ps10_v2_p008,0.07900198549032211,1
265,16,51,2,ps10_v2_p008,0.07900198549032211,1
266,16,52,2,ps10_v2_p008,0.07900198549032211,1
267,16,53,2,ps10_v2_p008,0.07900198549032211,1
268,16,54,2,ps10_v2_p008,0.07900198549032211,1
269,16,55,2,ps10_v2_p008,0.07900198549032211,1
270,16,56,2,ps10_v2_p008,0.07900198549032211,1
271,16,57,2,ps10_v2_p008,0.07900198549032211,1
272,16,58,2,ps10_v2_p008,0.07900198549032211,1
273,16,59,2,ps10_v2_p008,0.07900198549032211,1
274,16,60,2,ps10_v2_p009,0.07147493958473206,1
275,17,19,2,ps10_v2_p004,0.07265079766511917,1
276,17,20,2,ps10_v2_p005,0.0877850353717804,1
277,17,21,2,ps10_v2_p005,0.0877850353717804,1
278,17,22,2,ps10_v2_p005,0.0877850353717804,1
279,17,23,2,ps10_v2_p005,0.0877850353717804,1
280,17,24,2,ps10_v2_p005,0.0877850353717804,1
281,17,25,2,ps10_v2_p005,0.0877850353717804,1
282,17,26,2,ps10_v2_p005,0.0877850353717804,1
283,17,27,2,ps10_v2_p005,0.0877850353717804,1
284,17,29,2,ps10_v2_p005,0.0877850353717804,1
285,17,30,2,ps10_v2_p006,0.09389228373765945,1
286,17,31,2,ps10_v2_p006,0.09389228373765945,1
287,17,32,2,ps10_v2_p006,0.09389228373765945,1
288,17,33,2,ps10_v2_p006,0.09389228373765945,1
289,17,34,2,ps10_v2_p006,0.09389228373765945,1
290,17,35,2,ps10_v2_p006,0.09389228373765945,1
291,17,36,2,ps10_v2_p006,0.09389228373765945,1
292,17,37,2,ps10_v2_p006,0.09389228373765945,1
293,17,38,2,ps10_v2_p006,0.09389228373765945,1
294,17,39,2,ps10_v2_p006,0.09389228373765945,1
295,17,40,2,ps10_v2_p007,0.09214077144861221,1
296,17,41,2,ps10_v2_p007,0.09214077144861221,1
297,17,42,2,ps10_v2_p007,0.09214077144861221,1
298,17,43,2,ps10_v2_p007,0.09214077144861221,1
299,17,44,2,ps10_v2_p007,0.09214077144861221,1
300,17,45,2,ps10_v2_p007,0.09214077144861221,1
301,17,46,2,ps10_v2_p007,0.09214077144861221,1
302,17,47,2,ps10_v2_p007,0.09214077144861221,1
303,17,48,2,ps10_v2_p007,0.09214077144861221,1
304,17,49,2,ps10_v2_p007,0.09214077144861221,1
305,17,50,2,ps10_v2_p008,0.07900198549032211,1
306,17,51,2,ps10_v2_p008,0.07900198549032211,1
307,17,52,2,ps10_v2_p008,0.07900198549032211,1
308,17,53,2,ps10_v2_p008,0.07900198549032211,1
309,17,54,2,ps10_v2_p008,0.07900198549032211,1
310,17,55,2,ps10_v2_p008,0.07900198549032211,1
311,17,56,2,ps10_v2_p008,0.07900198549032211,1
312,17,57,2,ps10_v2_p008,0.07900198549032211,1
313,17,58,2,ps10_v2_p008,0.07900198549032211,1
314,17,59,2,ps10_v2_p008,0.07900198549032211,1
315,17,60,2,ps10_v2_p009,0.07147493958473206,1
316,17,61,2,ps10_v2_p009,0.07147493958473206,1
317,17,71,2,,,0
318,17,100,3,ps10_v2_p094,0.08673369139432907,1
319,18,19,2,ps10_v2_p004,0.07265079766511917,1
320,18,20,2,ps10_v2_p005,0.0877850353717804,1
321,18,21,2,ps10_v2_p005,0.0877850353717804,1
322,18,22,2,ps10_v2_p005,0.0877850353717804,1
323,18,23,2,ps10_v2_p005,0.0877850353717804,1
324,18,24,2,ps10_v2_p005,0.0877850353717804,1
325,18,25,2,ps10_v2_p005,0.0877850353717804,1
326,18,26,2,ps10_v2_p005,0.0877850353717804,1
327,18,27,2,ps10_v2_p005,0.0877850353717804,1
328,18,28,2,ps10_v2_p005,0.0877850353717804,1
329,18,29,2,ps10_v2_p005,0.0877850353717804,1
330,18,31,2,ps10_v2_p006,0.09389228373765945,1
331,18,32,2,ps10_v2_p006,0.09389228373765945,1
332,18,33,2,ps10_v2_p006,0.09389228373765945,1
333,18,34,2,ps10_v2_p006,0.09389228373765945,1
334,18,35,2,ps10_v2_p006,0.09389228373765945,1
335,18,36,2,ps10_v2_p006,0.09389228373765945,1
336,18,37,2,ps10_v2_p006,0.09389228373765945,1
337,18,38,2,ps10_v2_p006,0.09389228373765945,1
338,18,39,2,ps10_v2_p006,0.09389228373765945,1
339,18,40,2,ps10_v2_p007,0.09214077144861221,1
340,18,41,2,ps10_v2_p007,0.09214077144861221,1
341,18,42,2,ps10_v2_p007,0.09214077144861221,1
342,18,43,2,ps10_v2_p007,0.09214077144861221,1
343,18,44,2,ps10_v2_p007,0.09214077144861221,1
344,18,45,2,ps10_v2_p007,0.09214077144861221,1
345,18,46,2,ps10_v2_p007,0.09214077144861221,1
346,18,47,2,ps10_v2_p007,0.09214077144861221,1
347,18,48,2,ps10_v2_p007,0.09214077144861221,1
348,18,49,2,ps10_v2_p007,0.09214077144861221,1
349,18,50,2,ps10_v2_p008,0.07900198549032211,1
350,18,51,2,ps10_v2_p008,0.07900198549032211,1
351,18,52,2,ps10_v2_p008,0.07900198549032211,1
352,18,53,2,ps10_v2_p008,0.07900198549032211,1
353,18,54,2,ps10_v2_p008,0.07900198549032211,1
354,18,55,2,ps10_v2_p008,0.07900198549032211,1
355,18,56,2,ps10_v2_p008,0.07900198549032211,1
356,18,57,2,ps10_v2_p008,0.07900198549032211,1
357,18,59,2,ps10_v2_p008,0.07900198549032211,1
358,18,60,2,ps10_v2_p009,0.07147493958473206,1
359,18,61,2,ps10_v2_p009,0.07147493958473206,1
360,18,62,2,ps10_v2_p009,0.07147493958473206,1
361,18,96,3,ps10_v2_p094,0.08673369139432907,1
362,18,98,3,ps10_v2_p094,0.08673369139432907,1
363,18,99,3,ps10_v2_p094,0.08673369139432907,1
364,18,100,3,ps10_v2_p094,0.08673369139432907,1
365,18,101,3,ps10_v2_p094,0.08673369139432907,1
366,18,102,3,ps10_v2_p094,0.08673369139432907,1
367,19,19,2,ps10_v2_p004,0.07265079766511917,1
368,19,20,2,ps10_v2_p005,0.0877850353717804,1
369,19,21,2,ps10_v2_p005,0.0877850353717804,1
370,19,22,2,ps10_v2_p005,0.0877850353717804,1
371,19,23,2,ps10_v2_p005,0.0877850353717804,1
372,19,24,2,ps10_v2_p005,0.0877850353717804,1
373,19,25,2,ps10_v2_p005,0.0877850353717804,1
374,19,26,2,ps10_v2_p005,0.0877850353717804,1
375,19,27,2,ps10_v2_p005,0.0877850353717804,1
376,19,28,2,ps10_v2_p005,0.0877850353717804,1
377,19,29,2,ps10_v2_p005,0.0877850353717804,1
378,19,30,2,ps10_v2_p006,0.09389228373765945,1
379,19,31,2,ps10_v2_p006,0.09389228373765945,1
380,19,32,2,ps10_v2_p006,0.09389228373765945,1
381,19,33,2,ps10_v2_p006,0.09389228373765945,1
382,19,34,2,ps10_v2_p006,0.09389228373765945,1
383,19,35,2,ps10_v2_p006,0.09389228373765945,1
384,19,36,2,ps10_v2_p006,0.09389228373765945,1
385,19,37,2,ps10_v2_p006,0.09389228373765945,1
386,19,38,2,ps10_v2_p006,0.09389228373765945,1
387,19,39,2,ps10_v2_p006,0.09389228373765945,1
388,19,40,2,ps10_v2_p007,0.09214077144861221,1
389,19,41,2,ps10_v2_p007,0.09214077144861221,1
390,19,42,2,ps10_v2_p007,0.09214077144861221,1
391,19,43,2,ps10_v2_p007,0.09214077144861221,1
392,19,44,2,ps10_v2_p007,0.09214077144861221,1
393,19,45,2,ps10_v2_p007,0.09214077144861221,1
394,19,46,2,ps10_v2_p007,0.09214077144861221,1
395,19,48,2,ps10_v2_p007,0.09214077144861221,1
396,19,49,2,ps10_v2_p007,0.09214077144861221,1
397,19,50,2,ps10_v2_p008,0.07900198549032211,1
398,19,51,2,ps10_v2_p008,0.07900198549032211,1
399,19,52,2,ps10_v2_p008,0.07900198549032211,1
400,19,53,2,ps10_v2_p008,0.07900198549032211,1
401,19,54,2,ps10_v2_p008,0.07900198549032211,1
402,19,55,2,ps10_v2_p008,0.07900198549032211,1
403,19,57,2,ps10_v2_p008,0.07900198549032211,1
404,19,59,2,ps10_v2_p008,0.07900198549032211,1
405,19,60,2,ps10_v2_p009,0.07147493958473206,1
406,19,61,2,ps10_v2_p009,0.07147493958473206,1
407,19,62,2,ps10_v2_p009,0.07147493958473206,1
408,19,95,3,ps10_v2_p094,0.08673369139432907,1
409,19,98,3,ps10_v2_p094,0.08673369139432907,1
410,19,99,3,ps10_v2_p094,0.08673369139432907,1
411,19,101,3,ps10_v2_p094,0.08673369139432907,1
412,19,102,3,ps10_v2_p094,0.08673369139432907,1
413,20,18,2,ps10_v2_p004,0.07265079766511917,1
414,20,19,2,ps10_v2_p004,0.07265079766511917,1
415,20,20,2,ps10_v2_p005,0.0877850353717804,1
416,20,21,2,ps10_v2_p005,0.0877850353717804,1
417,20,22,2,ps10_v2_p005,0.0877850353717804,1
418,20,23,2,ps10_v2_p005,0.0877850353717804,1
419,20,24,2,ps10_v2_p005,0.0877850353717804,1
420,20,25,2,ps10_v2_p005,0.0877850353717804,1
421,20,26,2,ps10_v2_p005,0.0877850353717804,1
422,20,27,2,ps10_v2_p005,0.0877850353717804,1
423,20,28,2,ps10_v2_p005,0.0877850353717804,1
424,20,29,2,ps10_v2_p005,0.0877850353717804,1
425,20,30,2,ps10_v2_p006,0.09389228373765945,1
426,20,31,2,ps10_v2_p006,0.09389228373765945,1
427,20,32,2,ps10_v2_p006,0.09389228373765945,1
428,20,33,2,ps10_v2_p006,0.09389228373765945,1
429,20,34,2,ps10_v2_p006,0.09389228373765945,1
430,20,35,2,ps10_v2_p006,0.09389228373765945,1
431,20,36,2,ps10_v2_p006,0.09389228373765945,1
432,20,37,2,ps10_v2_p006,0.09389228373765945,1
433,20,38,2,ps10_v2_p006,0.09389228373765945,1
434,20,39,2,ps10_v2_p006,0.09389228373765945,1
435,20,40,2,ps10_v2_p007,0.09214077144861221,1
436,20,41,2,ps10_v2_p007,0.09214077144861221,1
437,20,42,2,ps10_v2_p007,0.09214077144861221,1
438,20,43,2,ps10_v2_p007,0.09214077144861221,1
439,20,44,2,ps10_v2_p007,0.09214077144861221,1
440,20,45,2,ps10_v2_p007,0.09214077144861221,1
441,20,46,2,ps10_v2_p007,0.09214077144861221,1
442,20,47,2,ps10_v2_p007,0.09214077144861221,1
443,20,48,2,ps10_v2_p007,0.09214077144861221,1
444,20,49,2,ps10_v2_p007,0.09214077144861221,1
445,20,50,2,ps10_v2_p008,0.07900198549032211,1
446,20,51,2,ps10_v2_p008,0.07900198549032211,1
447,20,52,2,ps10_v2_p008,0.07900198549032211,1
448,20,53,2,ps10_v2_p008,0.07900198549032211,1
449,20,54,2,ps10_v2_p008,0.07900198549032211,1
450,20,55,2,ps10_v2_p008,0.07900198549032211,1
451,20,56,2,ps10_v2_p008,0.07900198549032211,1
452,20,60,2,ps10_v2_p009,0.07147493958473206,1
453,20,61,2,ps10_v2_p009,0.07147493958473206,1
454,20,62,2,ps10_v2_p009,0.07147493958473206,1
455,20,94,2,ps10_v2_p010,0.12016277760267258,1
456,20,95,3,ps10_v2_p095,0.10941444337368011,1
457,20,97,3,ps10_v2_p095,0.10941444337368011,1
458,20,98,3,ps10_v2_p095,0.10941444337368011,1
459,20,99,3,ps10_v2_p095,0.10941444337368011,1
460,20,100,3,ps10_v2_p095,0.10941444337368011,1
461,20,101,3,ps10_v2_p095,0.10941444337368011,1
462,20,103,3,ps10_v2_p095,0.10941444337368011,1
463,21,17,2,ps10_v2_p004,0.07265079766511917,1
464,21,18,2,ps10_v2_p004,0.07265079766511917,1
465,21,19,2,ps10_v2_p004,0.07265079766511917,1
466,21,20,2,ps10_v2_p005,0.0877850353717804,1
467,21,21,2,ps10_v2_p005,0.0877850353717804,1
468,21,22,2,ps10_v2_p005,0.0877850353717804,1
469,21,23,2,ps10_v2_p005,0.0877850353717804,1
470,21,24,2,ps10_v2_p005,0.0877850353717804,1
471,21,25,2,ps10_v2_p005,0.0877850353717804,1
472,21,26,2,ps10_v2_p005,0.0877850353717804,1
473,21,27,2,ps10_v2_p005,0.0877850353717804,1
474,21,28,2,ps10_v2_p005,0.0877850353717804,1
475,21,29,2,ps10_v2_p005,0.0877850353717804,1
476,21,30,2,ps10_v2_p006,0.09389228373765945,1
477,21,31,2,ps10_v2_p006,0.09389228373765945,1
478,21,32,2,ps10_v2_p006,0.09389228373765945,1
479,21,33,2,ps10_v2_p006,0.09389228373765945,1
480,21,34,2,ps10_v2_p006,0.09389228373765945,1
481,21,35,2,ps10_v2_p006,0.09389228373765945,1
482,21,36,2,ps10_v2_p006,0.09389228373765945,1
483,21,37,2,ps10_v2_p006,0.09389228373765945,1
484,21,38,2,ps10_v2_p006,0.09389228373765945,1
485,21,39,2,ps10_v2_p006,0.09389228373765945,1
486,21,40,2,ps10_v2_p007,0.09214077144861221,1
487,21,41,2,ps10_v2_p007,0.09214077144861221,1
488,21,42,2,ps10_v2_p007,0.09214077144861221,1
489,21,43,2,ps10_v2_p007,0.09214077144861221,1
490,21,44,2,ps10_v2_p007,0.09214077144861221,1
491,21,45,2,ps10_v2_p007,0.09214077144861221,1
492,21,46,2,ps10_v2_p007,0.09214077144861221,1
493,21,47,2,ps10_v2_p007,0.09214077144861221,1
494,21,48,2,ps10_v2_p007,0.09214077144861221,1
495,21,49,2,ps10_v2_p007,0.09214077144861221,1
496,21,50,2,ps10_v2_p008,0.07900198549032211,1
497,21,51,2,ps10_v2_p008,0.07900198549032211,1
498,21,52,2,ps10_v2_p008,0.07900198549032211,1
499,21,53,2,ps10_v2_p008,0.07900198549032211,1
500,21,54,2,ps10_v2_p008,0.07900198549032211,1
501,21,55,2,ps10_v2_p008,0.07900198549032211,1
502,21,56,2,ps10_v2_p008,0.07900198549032211,1
503,21,57,2,ps10_v2_p008,0.07900198549032211,1
504,21,58,2,ps10_v2_p008,0.07900198549032211,1
505,21,61,2,ps10_v2_p009,0.07147493958473206,1
506,21,62,2,ps10_v2_p009,0.07147493958473206,1
507,21,97,3,ps10_v2_p095,0.10941444337368011,1
508,21,99,3,ps10_v2_p095,0.10941444337368011,1
509,21,101,3,ps10_v2_p095,0.10941444337368011,1
510,21,103,3,ps10_v2_p095,0.10941444337368011,1
511,22,4,2,,,0
512,22,16,2,ps10_v2_p004,0.07265079766511917,1
513,22,17,2,ps10_v2_p004,0.07265079766511917,1
514,22,18,2,ps10_v2_p004,0.07265079766511917,1
515,22,19,2,ps10_v2_p004,0.07265079766511917,1
516,22,20,2,ps10_v2_p005,0.0877850353717804,1
517,22,21,2,ps10_v2_p005,0.0877850353717804,1
518,22,22,2,ps10_v2_p005,0.0877850353717804,1
519,22,23,2,ps10_v2_p005,0.0877850353717804,1
520,22,24,2,ps10_v2_p005,0.0877850353717804,1
521,22,25,2,ps10_v2_p005,0.0877850353717804,1
522,22,26,2,ps10_v2_p005,0.0877850353717804,1
523,22,27,2,ps10_v2_p005,0.0877850353717804,1
524,22,28,2,ps10_v2_p005,0.0877850353717804,1
525,22,29,2,ps10_v2_p005,0.0877850353717804,1
526,22,30,2,ps10_v2_p006,0.09389228373765945,1
527,22,31,2,ps10_v2_p006,0.09389228373765945,1
528,22,32,2,ps10_v2_p006,0.09389228373765945,1
529,22,33,2,ps10_v2_p006,0.09389228373765945,1
530,22,34,2,ps10_v2_p006,0.09389228373765945,1
531,22,35,2,ps10_v2_p006,0.09389228373765945,1
532,22,36,2,ps10_v2_p006,0.09389228373765945,1
533,22,37,2,ps10_v2_p006,0.09389228373765945,1
534,22,38,2,ps10_v2_p006,0.09389228373765945,1
535,22,39,2,ps10_v2_p006,0.09389228373765945,1
536,22,40,2,ps10_v2_p007,0.09214077144861221,1
537,22,41,2,ps10_v2_p007,0.09214077144861221,1
538,22,42,2,ps10_v2_p007,0.09214077144861221,1
539,22,43,2,ps10_v2_p007,0.09214077144861221,1
540,22,44,2,ps10_v2_p007,0.09214077144861221,1
541,22,45,2,ps10_v2_p007,0.09214077144861221,1
542,22,46,2,ps10_v2_p007,0.09214077144861221,1
543,22,47,2,ps10_v2_p007,0.09214077144861221,1
544,22,48,2,ps10_v2_p007,0.09214077144861221,1
545,22,49,2,ps10_v2_p007,0.09214077144861221,1
546,22,50,2,ps10_v2_p008,0.07900198549032211,1
547,22,51,2,ps10_v2_p008,0.07900198549032211,1
548,22,52,2,ps10_v2_p008,0.07900198549032211,1
549,22,53,2,ps10_v2_p008,0.07900198549032211,1
550,22,54,2,ps10_v2_p008,0.07900198549032211,1
551,22,55,2,ps10_v2_p008,0.07900198549032211,1
552,22,56,2,ps10_v2_p008,0.07900198549032211,1
553,22,57,2,ps10_v2_p008,0.07900198549032211,1
554,22,58,2,ps10_v2_p008,0.07900198549032211,1
555,22,61,2,ps10_v2_p009,0.07147493958473206,1
556,22,62,2,ps10_v2_p009,0.07147493958473206,1
557,22,63,2,ps10_v2_p009,0.07147493958473206,1
558,22,64,2,ps10_v2_p009,0.07147493958473206,1
559,22,74,2,,,0
560,22,81,2,,,0
561,22,83,2,,,0
562,22,92,2,ps10_v2_p010,0.12016277760267258,1
563,22,94,2,ps10_v2_p010,0.12016277760267258,1
564,22,96,2,ps10_v2_p010,0.12016277760267258,1
565,22,97,3,ps10_v2_p095,0.10941444337368011,1
566,22,98,3,ps10_v2_p095,0.10941444337368011,1
567,22,99,3,ps10_v2_p095,0.10941444337368011,1
568,22,100,3,ps10_v2_p095,0.10941444337368011,1
569,22,101,3,ps10_v2_p095,0.10941444337368011,1
570,22,102,3,ps10_v2_p095,0.10941444337368011,1
571,22,103,3,ps10_v2_p095,0.10941444337368011,1
572,23,2,2,,,0
573,23,3,2,,,0
574,23,16,2,ps10_v2_p004,0.07265079766511917,1
575,23,17,2,ps10_v2_p004,0.07265079766511917,1
576,23,18,2,ps10_v2_p004,0.07265079766511917,1
577,23,19,2,ps10_v2_p004,0.07265079766511917,1
578,23,20,2,ps10_v2_p005,0.0877850353717804,1
579,23,21,2,ps10_v2_p005,0.0877850353717804,1
580,23,22,2,ps10_v2_p005,0.0877850353717804,1
581,23,23,2,ps10_v2_p005,0.0877850353717804,1
582,23,24,2,ps10_v2_p005,0.0877850353717804,1
583,23,25,2,ps10_v2_p005,0.0877850353717804,1
584,23,26,2,ps10_v2_p005,0.0877850353717804,1
585,23,27,2,ps10_v2_p005,0.0877850353717804,1
586,23,28,2,ps10_v2_p005,0.0877850353717804,1
587,23,29,2,ps10_v2_p005,0.0877850353717804,1
588,23,30,2,ps10_v2_p006,0.09389228373765945,1
589,23,31,2,ps10_v2_p006,0.09389228373765945,1
590,23,32,2,ps10_v2_p006,0.09389228373765945,1
591,23,33,2,ps10_v2_p006,0.09389228373765945,1
592,23,34,2,ps10_v2_p006,0.09389228373765945,1
593,23,35,2,ps10_v2_p006,0.09389228373765945,1
594,23,36,2,ps10_v2_p006,0.09389228373765945,1
595,23,37,2,ps10_v2_p006,0.09389228373765945,1
596,23,38,2,ps10_v2_p006,0.09389228373765945,1
597,23,39,2,ps10_v2_p006,0.09389228373765945,1
598,23,40,2,ps10_v2_p007,0.09214077144861221,1
599,23,41,2,ps10_v2_p007,0.09214077144861221,1
600,23,42,2,ps10_v2_p007,0.09214077144861221,1
601,23,43,2,ps10_v2_p007,0.09214077144861221,1
602,23,44,2,ps10_v2_p007,0.09214077144861221,1
603,23,45,2,ps10_v2_p007,0.09214077144861221,1
604,23,46,2,ps10_v2_p007,0.09214077144861221,1
605,23,47,2,ps10_v2_p007,0.09214077144861221,1
606,23,48,2,ps10_v2_p007,0.09214077144861221,1
607,23,49,2,ps10_v2_p007,0.09214077144861221,1
608,23,50,2,ps10_v2_p008,0.07900198549032211,1
609,23,51,2,ps10_v2_p008,0.07900198549032211,1
610,23,52,2,ps10_v2_p008,0.07900198549032211,1
611,23,53,2,ps10_v2_p008,0.07900198549032211,1
612,23,54,2,ps10_v2_p008,0.07900198549032211,1
613,23,55,2,ps10_v2_p008,0.07900198549032211,1
614,23,56,2,ps10_v2_p008,0.07900198549032211,1
615,23,57,2,ps10_v2_p008,0.07900198549032211,1
616,23,58,2,ps10_v2_p008,0.07900198549032211,1
617,23,59,2,ps10_v2_p008,0.07900198549032211,1
618,23,61,2,ps10_v2_p009,0.07147493958473206,1
619,23,62,2,ps10_v2_p009,0.07147493958473206,1
620,23,63,2,ps10_v2_p009,0.07147493958473206,1
621,23,64,2,ps10_v2_p009,0.07147493958473206,1
622,23,76,2,,,0
623,23,81,2,,,0
624,23,83,2,,,0
625,23,88,2,,,0
626,23,89,2,,,0
627,23,90,2,ps10_v2_p010,0.12016277760267258,1
628,23,91,2,ps10_v2_p010,0.12016277760267258,1
629,23,92,2,ps10_v2_p010,0.12016277760267258,1
630,23,93,2,ps10_v2_p010,0.12016277760267258,1
631,23,94,2,ps10_v2_p010,0.12016277760267258,1
632,23,95,2,ps10_v2_p010,0.12016277760267258,1
633,23,96,2,ps10_v2_p010,0.12016277760267258,1
634,23,97,2,ps10_v2_p010,0.12016277760267258,1
635,23,99,3,ps10_v2_p095,0.10941444337368011,1
636,23,100,3,ps10_v2_p095,0.10941444337368011,1
637,23,102,3,ps10_v2_p095,0.10941444337368011,1
638,23,104,3,,,0
639,24,2,2,ps10_v2_p011,0.07855818420648575,1
640,24,3,2,ps10_v2_p011,0.07855818420648575,1
641,24,16,2,ps10_v2_p012,0.08126958459615707,1
642,24,17,2,ps10_v2_p012,0.08126958459615707,1
643,24,18,2,ps10_v2_p012,0.08126958459615707,1
644,24,19,2,ps10_v2_p012,0.08126958459615707,1
645,24,20,2,ps10_v2_p013,0.10459129512310028,1
646,24,21,2,ps10_v2_p013,0.10459129512310028,1
647,24,22,2,ps10_v2_p013,0.10459129512310028,1
648,24,23,2,ps10_v2_p013,0.10459129512310028,1
649,24,24,2,ps10_v2_p013,0.10459129512310028,1
650,24,25,2,ps10_v2_p013,0.10459129512310028,1
651,24,26,2,ps10_v2_p013,0.10459129512310028,1
652,24,27,2,ps10_v2_p013,0.10459129512310028,1
653,24,28,2,ps10_v2_p013,0.10459129512310028,1
654,24,29,2,ps10_v2_p013,0.10459129512310028,1
655,24,30,2,ps10_v2_p014,0.1117790937423706,1
656,24,31,2,ps10_v2_p014,0.1117790937423706,1
657,24,32,2,ps10_v2_p014,0.1117790937423706,1
658,24,33,2,ps10_v2_p014,0.1117790937423706,1
659,24,34,2,ps10_v2_p014,0.1117790937423706,1
660,24,35,2,ps10_v2_p014,0.1117790937423706,1
661,24,36,2,ps10_v2_p014,0.1117790937423706,1
662,24,37,2,ps10_v2_p014,0.1117790937423706,1
663,24,38,2,ps10_v2_p014,0.1117790937423706,1
664,24,39,2,ps10_v2_p014,0.1117790937423706,1
665,24,40,2,ps10_v2_p015,0.12111817300319672,1
666,24,41,2,ps10_v2_p015,0.12111817300319672,1
667,24,42,2,ps10_v2_p015,0.12111817300319672,1
668,24,43,2,ps10_v2_p015,0.12111817300319672,1
669,24,44,2,ps10_v2_p015,0.12111817300319672,1
670,24,45,2,ps10_v2_p015,0.12111817300319672,1
671,24,46,2,ps10_v2_p015,0.12111817300319672,1
672,24,47,2,ps10_v2_p015,0.12111817300319672,1
673,24,48,2,ps10_v2_p015,0.12111817300319672,1
674,24,49,2,ps10_v2_p015,0.12111817300319672,1
675,24,50,2,ps10_v2_p016,0.08443538099527359,1
676,24,51,2,ps10_v2_p016,0.08443538099527359,1
677,24,52,2,ps10_v2_p016,0.08443538099527359,1
678,24,53,2,ps10_v2_p016,0.08443538099527359,1
679,24,54,2,ps10_v2_p016,0.08443538099527359,1
680,24,55,2,ps10_v2_p016,0.08443538099527359,1
681,24,56,2,ps10_v2_p016,0.08443538099527359,1
682,24,57,2,ps10_v2_p016,0.08443538099527359,1
683,24,58,2,ps10_v2_p016,0.08443538099527359,1
684,24,59,2,ps10_v2_p016,0.08443538099527359,1
685,24,60,2,ps10_v2_p017,0.07949137687683105,1
686,24,62,2,ps10_v2_p017,0.07949137687683105,1
687,24,63,2,ps10_v2_p017,0.07949137687683105,1
688,24,64,2,ps10_v2_p017,0.07949137687683105,1
689,24,65,2,ps10_v2_p017,0.07949137687683105,1
690,24,75,2,ps10_v2_p018,0.08390919864177704,1
691,24,76,2,ps10_v2_p018,0.08390919864177704,1
692,24,77,2,ps10_v2_p018,0.08390919864177704,1
693,24,78,2,ps10_v2_p018,0.08390919864177704,1
694,24,80,2,ps10_v2_p019,0.08317890763282776,1
695,24,81,2,ps10_v2_p019,0.08317890763282776,1
696,24,82,2,ps10_v2_p019,0.08317890763282776,1
697,24,83,2,ps10_v2_p019,0.08317890763282776,1
698,24,87,2,ps10_v2_p019,0.08317890763282776,1
699,24,89,2,ps10_v2_p019,0.08317890763282776,1
700,24,91,2,ps10_v2_p020,0.10409879684448242,1
701,24,92,2,ps10_v2_p020,0.10409879684448242,1
702,24,93,2,ps10_v2_p020,0.10409879684448242,1
703,24,94,2,ps10_v2_p020,0.10409879684448242,1
704,24,95,2,ps10_v2_p020,0.10409879684448242,1
705,24,96,2,ps10_v2_p020,0.10409879684448242,1
706,24,97,2,ps10_v2_p020,0.10409879684448242,1
707,24,98,2,ps10_v2_p020,0.10409879684448242,1
708,24,99,3,ps10_v2_p095,0.10941444337368011,1
709,24,100,3,ps10_v2_p095,0.10941444337368011,1
710,24,102,3,ps10_v2_p095,0.10941444337368011,1
711,24,103,3,ps10_v2_p095,0.10941444337368011,1
712,24,104,3,,,0
713,25,5,2,ps10_v2_p011,0.07855818420648575,1
714,25,6,2,ps10_v2_p011,0.07855818420648575,1
715,25,15,2,ps10_v2_p012,0.08126958459615707,1
716,25,17,2,ps10_v2_p012,0.08126958459615707,1
717,25,18,2,ps10_v2_p012,0.08126958459615707,1
718,25,19,2,ps10_v2_p012,0.08126958459615707,1
719,25,20,2,ps10_v2_p013,0.10459129512310028,1
720,25,21,2,ps10_v2_p013,0.10459129512310028,1
721,25,22,2,ps10_v2_p013,0.10459129512310028,1
722,25,23,2,ps10_v2_p013,0.10459129512310028,1
723,25,24,2,ps10_v2_p013,0.10459129512310028,1
724,25,25,2,ps10_v2_p013,0.10459129512310028,1
725,25,26,2,ps10_v2_p013,0.10459129512310028,1
726,25,27,2,ps10_v2_p013,0.10459129512310028,1
727,25,28,2,ps10_v2_p013,0.10459129512310028,1
728,25,29,2,ps10_v2_p013,0.10459129512310028,1
729,25,30,2,ps10_v2_p014,0.1117790937423706,1
730,25,31,2,ps10_v2_p014,0.1117790937423706,1
731,25,32,2,ps10_v2_p014,0.1117790937423706,1
732,25,33,2,ps10_v2_p014,0.1117790937423706,1
733,25,34,2,ps10_v2_p014,0.1117790937423706,1
734,25,35,2,ps10_v2_p014,0.1117790937423706,1
735,25,36,2,ps10_v2_p014,0.1117790937423706,1
736,25,37,2,ps10_v2_p014,0.1117790937423706,1
737,25,38,2,ps10_v2_p014,0.1117790937423706,1
738,25,39,2,ps10_v2_p014,0.1117790937423706,1
739,25,40,2,ps10_v2_p015,0.12111817300319672,1
740,25,41,2,ps10_v2_p015,0.12111817300319672,1
741,25,42,2,ps10_v2_p015,0.12111817300319672,1
742,25,43,2,ps10_v2_p015,0.12111817300319672,1
743,25,44,2,ps10_v2_p015,0.12111817300319672,1
744,25,45,2,ps10_v2_p015,0.12111817300319672,1
745,25,46,2,ps10_v2_p015,0.12111817300319672,1
746,25,47,2,ps10_v2_p015,0.12111817300319672,1
747,25,48,2,ps10_v2_p015,0.12111817300319672,1
748,25,49,2,ps10_v2_p015,0.12111817300319672,1
749,25,50,2,ps10_v2_p016,0.08443538099527359,1
750,25,51,2,ps10_v2_p016,0.08443538099527359,1
751,25,52,2,ps10_v2_p016,0.08443538099527359,1
752,25,53,2,ps10_v2_p016,0.08443538099527359,1
753,25,54,2,ps10_v2_p016,0.08443538099527359,1
754,25,55,2,ps10_v2_p016,0.08443538099527359,1
755,25,56,2,ps10_v2_p016,0.08443538099527359,1
756,25,57,2,ps10_v2_p016,0.08443538099527359,1
757,25,58,2,ps10_v2_p016,0.08443538099527359,1
758,25,59,2,ps10_v2_p016,0.08443538099527359,1
759,25,60,2,ps10_v2_p017,0.07949137687683105,1
760,25,62,2,ps10_v2_p017,0.07949137687683105,1
761,25,63,2,ps10_v2_p017,0.07949137687683105,1
762,25,64,2,ps10_v2_p017,0.07949137687683105,1
763,25,65,2,ps10_v2_p017,0.07949137687683105,1
764,25,66,2,ps10_v2_p017,0.07949137687683105,1
765,25,67,2,ps10_v2_p017,0.07949137687683105,1
766,25,77,2,ps10_v2_p018,0.08390919864177704,1
767,25,78,2,ps10_v2_p018,0.08390919864177704,1
768,25,80,2,ps10_v2_p019,0.08317890763282776,1
769,25,81,2,ps10_v2_p019,0.08317890763282776,1
770,25,82,2,ps10_v2_p019,0.08317890763282776,1
771,25,83,2,ps10_v2_p019,0.08317890763282776,1
772,25,85,2,ps10_v2_p019,0.08317890763282776,1
773,25,86,2,ps10_v2_p019,0.08317890763282776,1
774,25,88,2,ps10_v2_p019,0.08317890763282776,1
775,25,89,2,ps10_v2_p019,0.08317890763282776,1
776,25,91,2,ps10_v2_p020,0.10409879684448242,1
777,25,92,2,ps10_v2_p020,0.10409879684448242,1
778,25,93,2,ps10_v2_p020,0.10409879684448242,1
779,25,94,2,ps10_v2_p020,0.10409879684448242,1
780,25,95,2,ps10_v2_p020,0.10409879684448242,1
781,25,96,2,ps10_v2_p020,0.10409879684448242,1
782,25,98,2,ps10_v2_p020,0.10409879684448242,1
783,25,99,2,ps10_v2_p020,0.10409879684448242,1
784,25,101,3,ps10_v2_p095,0.10941444337368011,1
785,25,102,3,ps10_v2_p095,0.10941444337368011,1
786,26,5,2,ps10_v2_p011,0.07855818420648575,1
787,26,6,2,ps10_v2_p011,0.07855818420648575,1
788,26,7,2,ps10_v2_p011,0.07855818420648575,1
789,26,14,2,ps10_v2_p012,0.08126958459615707,1
790,26,16,2,ps10_v2_p012,0.08126958459615707,1
791,26,17,2,ps10_v2_p012,0.08126958459615707,1
792,26,18,2,ps10_v2_p012,0.08126958459615707,1
793,26,19,2,ps10_v2_p012,0.08126958459615707,1
794,26,20,2,ps10_v2_p013,0.10459129512310028,1
795,26,21,2,ps10_v2_p013,0.10459129512310028,1
796,26,22,2,ps10_v2_p013,0.10459129512310028,1
797,26,23,2,ps10_v2_p013,0.10459129512310028,1
798,26,24,2,ps10_v2_p013,0.10459129512310028,1
799,26,25,2,ps10_v2_p013,0.10459129512310028,1
800,26,26,2,ps10_v2_p013,0.10459129512310028,1
801,26,27,2,ps10_v2_p013,0.10459129512310028,1
802,26,28,2,ps10_v2_p013,0.10459129512310028,1
803,26,29,2,ps10_v2_p013,0.10459129512310028,1
804,26,30,2,ps10_v2_p014,0.1117790937423706,1
805,26,31,2,ps10_v2_p014,0.1117790937423706,1
806,26,32,2,ps10_v2_p014,0.1117790937423706,1
807,26,33,2,ps10_v2_p014,0.1117790937423706,1
808,26,34,2,ps10_v2_p014,0.1117790937423706,1
809,26,35,2,ps10_v2_p014,0.1117790937423706,1
810,26,36,2,ps10_v2_p014,0.1117790937423706,1
811,26,37,2,ps10_v2_p014,0.1117790937423706,1
812,26,38,2,ps10_v2_p014,0.1117790937423706,1
813,26,39,2,ps10_v2_p014,0.1117790937423706,1
814,26,40,2,ps10_v2_p015,0.12111817300319672,1
815,26,41,2,ps10_v2_p015,0.12111817300319672,1
816,26,42,2,ps10_v2_p015,0.12111817300319672,1
817,26,43,2,ps10_v2_p015,0.12111817300319672,1
818,26,44,2,ps10_v2_p015,0.12111817300319672,1
819,26,45,2,ps10_v2_p015,0.12111817300319672,1
820,26,46,2,ps10_v2_p015,0.12111817300319672,1
821,26,47,2,ps10_v2_p015,0.12111817300319672,1
822,26,48,2,ps10_v2_p015,0.12111817300319672,1
823,26,49,2,ps10_v2_p015,0.12111817300319672,1
824,26,50,2,ps10_v2_p016,0.08443538099527359,1
825,26,51,2,ps10_v2_p016,0.08443538099527359,1
826,26,52,2,ps10_v2_p016,0.08443538099527359,1
827,26,53,2,ps10_v2_p016,0.08443538099527359,1
828,26,54,2,ps10_v2_p016,0.08443538099527359,1
829,26,55,2,ps10_v2_p016,0.08443538099527359,1
830,26,56,2,ps10_v2_p016,0.08443538099527359,1
831,26,57,2,ps10_v2_p016,0.08443538099527359,1
832,26,58,2,ps10_v2_p016,0.08443538099527359,1
833,26,59,2,ps10_v2_p016,0.08443538099527359,1
834,26,60,2,ps10_v2_p017,0.07949137687683105,1
835,26,61,2,ps10_v2_p017,0.07949137687683105,1
836,26,62,2,ps10_v2_p017,0.07949137687683105,1
837,26,63,2,ps10_v2_p017,0.07949137687683105,1
838,26,64,2,ps10_v2_p017,0.07949137687683105,1
839,26,65,2,ps10_v2_p017,0.07949137687683105,1
840,26,66,2,ps10_v2_p017,0.07949137687683105,1
841,26,77,2,ps10_v2_p018,0.08390919864177704,1
842,26,79,2,ps10_v2_p018,0.08390919864177704,1
843,26,80,2,ps10_v2_p019,0.08317890763282776,1
844,26,81,2,ps10_v2_p019,0.08317890763282776,1
845,26,82,2,ps10_v2_p019,0.08317890763282776,1
846,26,83,2,ps10_v2_p019,0.08317890763282776,1
847,26,84,2,ps10_v2_p019,0.08317890763282776,1
848,26,85,2,ps10_v2_p019,0.08317890763282776,1
849,26,86,2,ps10_v2_p019,0.08317890763282776,1
850,26,87,2,ps10_v2_p019,0.08317890763282776,1
851,26,88,2,ps10_v2_p019,0.08317890763282776,1
852,26,89,2,ps10_v2_p019,0.08317890763282776,1
853,26,90,2,ps10_v2_p020,0.10409879684448242,1
854,26,91,2,ps10_v2_p020,0.10409879684448242,1
855,26,93,2,ps10_v2_p020,0.10409879684448242,1
856,26,94,2,ps10_v2_p020,0.10409879684448242,1
857,26,95,2,ps10_v2_p020,0.10409879684448242,1
858,26,96,2,ps10_v2_p020,0.10409879684448242,1
859,26,97,2,ps10_v2_p020,0.10409879684448242,1
860,26,98,2,ps10_v2_p020,0.10409879684448242,1
861,26,100,3,ps10_v2_p095,0.10941444337368011,1
862,26,101,3,ps10_v2_p095,0.10941444337368011,1
863,26,118,3,,,0
864,27,0,2,ps10_v2_p011,0.07855818420648575,1
865,27,6,2,ps10_v2_p011,0.07855818420648575,1
866,27,7,2,ps10_v2_p011,0.07855818420648575,1
867,27,8,2,ps10_v2_p011,0.07855818420648575,1
868,27,9,2,ps10_v2_p011,0.07855818420648575,1
869,27,16,2,ps10_v2_p012,0.08126958459615707,1
870,27,17,2,ps10_v2_p012,0.08126958459615707,1
871,27,18,2,ps10_v2_p012,0.08126958459615707,1
872,27,19,2,ps10_v2_p012,0.08126958459615707,1
873,27,20,2,ps10_v2_p013,0.10459129512310028,1
874,27,21,2,ps10_v2_p013,0.10459129512310028,1
875,27,22,2,ps10_v2_p013,0.10459129512310028,1
876,27,23,2,ps10_v2_p013,0.10459129512310028,1
877,27,24,2,ps10_v2_p013,0.10459129512310028,1
878,27,25,2,ps10_v2_p013,0.10459129512310028,1
879,27,26,2,ps10_v2_p013,0.10459129512310028,1
880,27,27,2,ps10_v2_p013,0.10459129512310028,1
881,27,28,2,ps10_v2_p013,0.10459129512310028,1
882,27,29,2,ps10_v2_p013,0.10459129512310028,1
883,27,30,2,ps10_v2_p014,0.1117790937423706,1
884,27,31,2,ps10_v2_p014,0.1117790937423706,1
885,27,32,2,ps10_v2_p014,0.1117790937423706,1
886,27,33,2,ps10_v2_p014,0.1117790937423706,1
887,27,34,2,ps10_v2_p014,0.1117790937423706,1
888,27,35,2,ps10_v2_p014,0.1117790937423706,1
889,27,36,2,ps10_v2_p014,0.1117790937423706,1
890,27,37,2,ps10_v2_p014,0.1117790937423706,1
891,27,38,2,ps10_v2_p014,0.1117790937423706,1
892,27,39,2,ps10_v2_p014,0.1117790937423706,1
893,27,40,2,ps10_v2_p015,0.12111817300319672,1
894,27,41,2,ps10_v2_p015,0.12111817300319672,1
895,27,42,2,ps10_v2_p015,0.12111817300319672,1
896,27,43,2,ps10_v2_p015,0.12111817300319672,1
897,27,44,2,ps10_v2_p015,0.12111817300319672,1
898,27,45,2,ps10_v2_p015,0.12111817300319672,1
899,27,46,2,ps10_v2_p015,0.12111817300319672,1
900,27,47,2,ps10_v2_p015,0.12111817300319672,1
901,27,48,2,ps10_v2_p015,0.12111817300319672,1
902,27,49,2,ps10_v2_p015,0.12111817300319672,1
903,27,50,2,ps10_v2_p016,0.08443538099527359,1
904,27,51,2,ps10_v2_p016,0.08443538099527359,1
905,27,52,2,ps10_v2_p016,0.08443538099527359,1
906,27,53,2,ps10_v2_p016,0.08443538099527359,1
907,27,54,2,ps10_v2_p016,0.08443538099527359,1
908,27,55,2,ps10_v2_p016,0.08443538099527359,1
909,27,56,2,ps10_v2_p016,0.08443538099527359,1
910,27,57,2,ps10_v2_p016,0.08443538099527359,1
911,27,58,2,ps10_v2_p016,0.08443538099527359,1
912,27,59,2,ps10_v2_p016,0.08443538099527359,1
913,27,60,2,ps10_v2_p017,0.07949137687683105,1
914,27,61,2,ps10_v2_p017,0.07949137687683105,1
915,27,62,2,ps10_v2_p017,0.07949137687683105,1
916,27,63,2,ps10_v2_p017,0.07949137687683105,1
917,27,64,2,ps10_v2_p017,0.07949137687683105,1
918,27,65,2,ps10_v2_p017,0.07949137687683105,1
919,27,66,2,ps10_v2_p017,0.07949137687683105,1
920,27,67,2,ps10_v2_p017,0.07949137687683105,1
921,27,79,2,ps10_v2_p018,0.08390919864177704,1
922,27,80,2,ps10_v2_p019,0.08317890763282776,1
923,27,81,2,ps10_v2_p019,0.08317890763282776,1
924,27,82,2,ps10_v2_p019,0.08317890763282776,1
925,27,83,2,ps10_v2_p019,0.08317890763282776,1
926,27,84,2,ps10_v2_p019,0.08317890763282776,1
927,27,85,2,ps10_v2_p019,0.08317890763282776,1
928,27,86,2,ps10_v2_p019,0.08317890763282776,1
929,27,87,2,ps10_v2_p019,0.08317890763282776,1
930,27,88,2,ps10_v2_p019,0.08317890763282776,1
931,27,90,2,ps10_v2_p020,0.10409879684448242,1
932,27,91,2,ps10_v2_p020,0.10409879684448242,1
933,27,92,2,ps10_v2_p020,0.10409879684448242,1
934,27,93,2,ps10_v2_p020,0.10409879684448242,1
935,27,94,2,ps10_v2_p020,0.10409879684448242,1
936,27,95,2,ps10_v2_p020,0.10409879684448242,1
937,27,96,2,ps10_v2_p020,0.10409879684448242,1
938,27,97,2,ps10_v2_p020,0.10409879684448242,1
939,27,98,2,ps10_v2_p020,0.10409879684448242,1
940,27,117,3,,,0
941,28,7,2,ps10_v2_p011,0.07855818420648575,1
942,28,8,2,ps10_v2_p011,0.07855818420648575,1
943,28,9,2,ps10_v2_p011,0.07855818420648575,1
944,28,10,2,ps10_v2_p012,0.08126958459615707,1
945,28,13,2,ps10_v2_p012,0.08126958459615707,1
946,28,14,2,ps10_v2_p012,0.08126958459615707,1
947,28,17,2,ps10_v2_p012,0.08126958459615707,1
948,28,18,2,ps10_v2_p012,0.08126958459615707,1
949,28,19,2,ps10_v2_p012,0.08126958459615707,1
950,28,20,2,ps10_v2_p013,0.10459129512310028,1
951,28,21,2,ps10_v2_p013,0.10459129512310028,1
952,28,22,2,ps10_v2_p013,0.10459129512310028,1
953,28,23,2,ps10_v2_p013,0.10459129512310028,1
954,28,24,2,ps10_v2_p013,0.10459129512310028,1
955,28,25,2,ps10_v2_p013,0.10459129512310028,1
956,28,26,2,ps10_v2_p013,0.10459129512310028,1
957,28,27,2,ps10_v2_p013,0.10459129512310028,1
958,28,28,2,ps10_v2_p013,0.10459129512310028,1
959,28,29,2,ps10_v2_p013,0.10459129512310028,1
960,28,30,2,ps10_v2_p014,0.1117790937423706,1
961,28,31,2,ps10_v2_p014,0.1117790937423706,1
962,28,32,2,ps10_v2_p014,0.1117790937423706,1
963,28,33,2,ps10_v2_p014,0.1117790937423706,1
964,28,34,2,ps10_v2_p014,0.1117790937423706,1
965,28,35,2,ps10_v2_p014,0.1117790937423706,1
966,28,36,2,ps10_v2_p014,0.1117790937423706,1
967,28,37,2,ps10_v2_p014,0.1117790937423706,1
968,28,38,2,ps10_v2_p014,0.1117790937423706,1
969,28,39,2,ps10_v2_p014,0.1117790937423706,1
970,28,40,2,ps10_v2_p015,0.12111817300319672,1
971,28,41,2,ps10_v2_p015,0.12111817300319672,1
972,28,42,2,ps10_v2_p015,0.12111817300319672,1
973,28,43,2,ps10_v2_p015,0.12111817300319672,1
974,28,44,2,ps10_v2_p015,0.12111817300319672,1
975,28,45,2,ps10_v2_p015,0.12111817300319672,1
976,28,46,2,ps10_v2_p015,0.12111817300319672,1
977,28,47,2,ps10_v2_p015,0.12111817300319672,1
978,28,48,2,ps10_v2_p015,0.12111817300319672,1
979,28,49,2,ps10_v2_p015,0.12111817300319672,1
980,28,50,2,ps10_v2_p016,0.08443538099527359,1
981,28,51,2,ps10_v2_p016,0.08443538099527359,1
982,28,52,2,ps10_v2_p016,0.08443538099527359,1
983,28,53,2,ps10_v2_p016,0.08443538099527359,1
984,28,54,2,ps10_v2_p016,0.08443538099527359,1
985,28,55,2,ps10_v2_p016,0.08443538099527359,1
986,28,56,2,ps10_v2_p016,0.08443538099527359,1
987,28,57,2,ps10_v2_p016,0.08443538099527359,1
988,28,58,2,ps10_v2_p016,0.08443538099527359,1
989,28,59,2,ps10_v2_p016,0.08443538099527359,1
990,28,60,2,ps10_v2_p017,0.07949137687683105,1
991,28,61,2,ps10_v2_p017,0.07949137687683105,1
992,28,62,2,ps10_v2_p017,0.07949137687683105,1
993,28,63,2,ps10_v2_p017,0.07949137687683105,1
994,28,64,2,ps10_v2_p017,0.07949137687683105,1
995,28,65,2,ps10_v2_p017,0.07949137687683105,1
996,28,66,2,ps10_v2_p017,0.07949137687683105,1
997,28,67,2,ps10_v2_p017,0.07949137687683105,1
998,28,78,2,ps10_v2_p018,0.08390919864177704,1
999,28,79,2,ps10_v2_p018,0.08390919864177704,1
1000,28,80,2,ps10_v2_p019,0.08317890763282776,1
1001,28,81,2,ps10_v2_p019,0.08317890763282776,1
1002,28,82,2,ps10_v2_p019,0.08317890763282776,1
1003,28,84,2,ps10_v2_p019,0.08317890763282776,1
1004,28,85,2,ps10_v2_p019,0.08317890763282776,1
1005,28,86,2,ps10_v2_p019,0.08317890763282776,1
1006,28,87,2,ps10_v2_p019,0.08317890763282776,1
1007,28,88,2,ps10_v2_p019,0.08317890763282776,1
1008,28,89,2,ps10_v2_p019,0.08317890763282776,1
1009,28,90,2,ps10_v2_p020,0.10409879684448242,1
1010,28,91,2,ps10_v2_p020,0.10409879684448242,1
1011,28,92,2,ps10_v2_p020,0.10409879684448242,1
1012,28,93,2,ps10_v2_p020,0.10409879684448242,1
1013,28,94,2,ps10_v2_p020,0.10409879684448242,1
1014,28,95,2,ps10_v2_p020,0.10409879684448242,1
1015,28,96,2,ps10_v2_p020,0.10409879684448242,1
1016,28,97,2,ps10_v2_p020,0.10409879684448242,1
1017,28,98,2,ps10_v2_p020,0.10409879684448242,1
1018,28,117,3,,,0
1019,29,8,2,ps10_v2_p011,0.07855818420648575,1
1020,29,9,2,ps10_v2_p011,0.07855818420648575,1
1021,29,10,2,ps10_v2_p012,0.08126958459615707,1
1022,29,16,2,ps10_v2_p012,0.08126958459615707,1
1023,29,17,2,ps10_v2_p012,0.08126958459615707,1
1024,29,18,2,ps10_v2_p012,0.08126958459615707,1
1025,29,19,2,ps10_v2_p012,0.08126958459615707,1
1026,29,20,2,ps10_v2_p013,0.10459129512310028,1
1027,29,21,2,ps10_v2_p013,0.10459129512310028,1
1028,29,22,2,ps10_v2_p013,0.10459129512310028,1
1029,29,23,2,ps10_v2_p013,0.10459129512310028,1
1030,29,24,2,ps10_v2_p013,0.10459129512310028,1
1031,29,25,2,ps10_v2_p013,0.10459129512310028,1
1032,29,26,2,ps10_v2_p013,0.10459129512310028,1
1033,29,27,2,ps10_v2_p013,0.10459129512310028,1
1034,29,28,2,ps10_v2_p013,0.10459129512310028,1
1035,29,29,2,ps10_v2_p013,0.10459129512310028,1
1036,29,30,2,ps10_v2_p014,0.1117790937423706,1
1037,29,31,2,ps10_v2_p014,0.1117790937423706,1
1038,29,32,2,ps10_v2_p014,0.1117790937423706,1
1039,29,33,2,ps10_v2_p014,0.1117790937423706,1
1040,29,34,2,ps10_v2_p014,0.1117790937423706,1
1041,29,35,2,ps10_v2_p014,0.1117790937423706,1
1042,29,36,2,ps10_v2_p014,0.1117790937423706,1
1043,29,37,2,ps10_v2_p014,0.1117790937423706,1
1044,29,38,2,ps10_v2_p014,0.1117790937423706,1
1045,29,39,2,ps10_v2_p014,0.1117790937423706,1
1046,29,40,2,ps10_v2_p015,0.12111817300319672,1
1047,29,41,2,ps10_v2_p015,0.12111817300319672,1
1048,29,42,2,ps10_v2_p015,0.12111817300319672,1
1049,29,43,2,ps10_v2_p015,0.12111817300319672,1
1050,29,44,2,ps10_v2_p015,0.12111817300319672,1
1051,29,45,2,ps10_v2_p015,0.12111817300319672,1
1052,29,46,2,ps10_v2_p015,0.12111817300319672,1
1053,29,47,2,ps10_v2_p015,0.12111817300319672,1
1054,29,48,2,ps10_v2_p015,0.12111817300319672,1
1055,29,49,2,ps10_v2_p015,0.12111817300319672,1
1056,29,50,2,ps10_v2_p016,0.08443538099527359,1
1057,29,51,2,ps10_v2_p016,0.08443538099527359,1
1058,29,52,2,ps10_v2_p016,0.08443538099527359,1
1059,29,54,2,ps10_v2_p016,0.08443538099527359,1
1060,29,55,2,ps10_v2_p016,0.08443538099527359,1
1061,29,56,2,ps10_v2_p016,0.08443538099527359,1
1062,29,57,2,ps10_v2_p016,0.08443538099527359,1
1063,29,58,2,ps10_v2_p016,0.08443538099527359,1
1064,29,59,2,ps10_v2_p016,0.08443538099527359,1
1065,29,60,2,ps10_v2_p017,0.07949137687683105,1
1066,29,61,2,ps10_v2_p017,0.07949137687683105,1
1067,29,62,2,ps10_v2_p017,0.07949137687683105,1
1068,29,63,2,ps10_v2_p017,0.07949137687683105,1
1069,29,64,2,ps10_v2_p017,0.07949137687683105,1
1070,29,65,2,ps10_v2_p017,0.07949137687683105,1
1071,29,66,2,ps10_v2_p017,0.07949137687683105,1
1072,29,67,2,ps10_v2_p017,0.07949137687683105,1
1073,29,77,2,ps10_v2_p018,0.08390919864177704,1
1074,29,78,2,ps10_v2_p018,0.08390919864177704,1
1075,29,79,2,ps10_v2_p018,0.08390919864177704,1
1076,29,80,2,ps10_v2_p019,0.08317890763282776,1
1077,29,81,2,ps10_v2_p019,0.08317890763282776,1
1078,29,82,2,ps10_v2_p019,0.08317890763282776,1
1079,29,83,2,ps10_v2_p019,0.08317890763282776,1
1080,29,84,2,ps10_v2_p019,0.08317890763282776,1
1081,29,85,2,ps10_v2_p019,0.08317890763282776,1
1082,29,86,2,ps10_v2_p019,0.08317890763282776,1
1083,29,87,2,ps10_v2_p019,0.08317890763282776,1
1084,29,88,2,ps10_v2_p019,0.08317890763282776,1
1085,29,89,2,ps10_v2_p019,0.08317890763282776,1
1086,29,90,2,ps10_v2_p020,0.10409879684448242,1
1087,29,91,2,ps10_v2_p020,0.10409879684448242,1
1088,29,92,2,ps10_v2_p020,0.10409879684448242,1
1089,29,93,2,ps10_v2_p020,0.10409879684448242,1
1090,29,94,2,ps10_v2_p020,0.10409879684448242,1
1091,29,95,2,ps10_v2_p020,0.10409879684448242,1
1092,29,96,2,ps10_v2_p020,0.10409879684448242,1
1093,29,97,2,ps10_v2_p020,0.10409879684448242,1
1094,30,8,2,ps10_v2_p011,0.07855818420648575,1
1095,30,9,2,ps10_v2_p011,0.07855818420648575,1
1096,30,10,2,ps10_v2_p012,0.08126958459615707,1
1097,30,15,2,ps10_v2_p012,0.08126958459615707,1
1098,30,16,2,ps10_v2_p012,0.08126958459615707,1
1099,30,17,2,ps10_v2_p012,0.08126958459615707,1
1100,30,18,2,ps10_v2_p012,0.08126958459615707,1
1101,30,19,2,ps10_v2_p012,0.08126958459615707,1
1102,30,20,2,ps10_v2_p013,0.10459129512310028,1
1103,30,21,2,ps10_v2_p013,0.10459129512310028,1
1104,30,22,2,ps10_v2_p013,0.10459129512310028,1
1105,30,23,2,ps10_v2_p013,0.10459129512310028,1
1106,30,24,2,ps10_v2_p013,0.10459129512310028,1
1107,30,25,2,ps10_v2_p013,0.10459129512310028,1
1108,30,26,2,ps10_v2_p013,0.10459129512310028,1
1109,30,27,2,ps10_v2_p013,0.10459129512310028,1
1110,30,28,2,ps10_v2_p013,0.10459129512310028,1
1111,30,29,2,ps10_v2_p013,0.10459129512310028,1
1112,30,30,2,ps10_v2_p014,0.1117790937423706,1
1113,30,31,2,ps10_v2_p014,0.1117790937423706,1
1114,30,32,2,ps10_v2_p014,0.1117790937423706,1
1115,30,33,2,ps10_v2_p014,0.1117790937423706,1
1116,30,34,2,ps10_v2_p014,0.1117790937423706,1
1117,30,35,2,ps10_v2_p014,0.1117790937423706,1
1118,30,36,2,ps10_v2_p014,0.1117790937423706,1
1119,30,37,2,ps10_v2_p014,0.1117790937423706,1
1120,30,38,2,ps10_v2_p014,0.1117790937423706,1
1121,30,39,2,ps10_v2_p014,0.1117790937423706,1
1122,30,40,2,ps10_v2_p015,0.12111817300319672,1
1123,30,41,2,ps10_v2_p015,0.12111817300319672,1
1124,30,42,2,ps10_v2_p015,0.12111817300319672,1
1125,30,43,2,ps10_v2_p015,0.12111817300319672,1
1126,30,44,2,ps10_v2_p015,0.12111817300319672,1
1127,30,45,2,ps10_v2_p015,0.12111817300319672,1
1128,30,46,2,ps10_v2_p015,0.12111817300319672,1
1129,30,47,2,ps10_v2_p015,0.12111817300319672,1
1130,30,48,2,ps10_v2_p015,0.12111817300319672,1
1131,30,49,2,ps10_v2_p015,0.12111817300319672,1
1132,30,50,2,ps10_v2_p016,0.08443538099527359,1
1133,30,51,2,ps10_v2_p016,0.08443538099527359,1
1134,30,52,2,ps10_v2_p016,0.08443538099527359,1
1135,30,53,2,ps10_v2_p016,0.08443538099527359,1
1136,30,54,2,ps10_v2_p016,0.08443538099527359,1
1137,30,55,2,ps10_v2_p016,0.08443538099527359,1
1138,30,56,2,ps10_v2_p016,0.08443538099527359,1
1139,30,57,2,ps10_v2_p016,0.08443538099527359,1
1140,30,58,2,ps10_v2_p016,0.08443538099527359,1
1141,30,59,2,ps10_v2_p016,0.08443538099527359,1
1142,30,60,2,ps10_v2_p017,0.07949137687683105,1
1143,30,61,2,ps10_v2_p017,0.07949137687683105,1
1144,30,62,2,ps10_v2_p017,0.07949137687683105,1
1145,30,63,2,ps10_v2_p017,0.07949137687683105,1
1146,30,64,2,ps10_v2_p017,0.07949137687683105,1
1147,30,65,2,ps10_v2_p017,0.07949137687683105,1
1148,30,66,2,ps10_v2_p017,0.07949137687683105,1
1149,30,67,2,ps10_v2_p017,0.07949137687683105,1
1150,30,68,2,ps10_v2_p017,0.07949137687683105,1
1151,30,73,2,ps10_v2_p018,0.08390919864177704,1
1152,30,77,2,ps10_v2_p018,0.08390919864177704,1
1153,30,78,2,ps10_v2_p018,0.08390919864177704,1
1154,30,79,2,ps10_v2_p018,0.08390919864177704,1
1155,30,80,2,ps10_v2_p019,0.08317890763282776,1
1156,30,81,2,ps10_v2_p019,0.08317890763282776,1
1157,30,82,2,ps10_v2_p019,0.08317890763282776,1
1158,30,83,2,ps10_v2_p019,0.08317890763282776,1
1159,30,84,2,ps10_v2_p019,0.08317890763282776,1
1160,30,85,2,ps10_v2_p019,0.08317890763282776,1
1161,30,86,2,ps10_v2_p019,0.08317890763282776,1
1162,30,87,2,ps10_v2_p019,0.08317890763282776,1
1163,30,88,2,ps10_v2_p019,0.08317890763282776,1
1164,30,89,2,ps10_v2_p019,0.08317890763282776,1
1165,30,90,2,ps10_v2_p020,0.10409879684448242,1
1166,30,91,2,ps10_v2_p020,0.10409879684448242,1
1167,30,92,2,ps10_v2_p020,0.10409879684448242,1
1168,30,93,2,ps10_v2_p020,0.10409879684448242,1
1169,30,94,2,ps10_v2_p020,0.10409879684448242,1
1170,30,95,2,ps10_v2_p020,0.10409879684448242,1
1171,30,96,2,ps10_v2_p020,0.10409879684448242,1
1172,30,115,3,ps10_v2_p096,0.11085256189107895,1
1173,31,7,2,ps10_v2_p011,0.07855818420648575,1
1174,31,8,2,ps10_v2_p011,0.07855818420648575,1
1175,31,9,2,ps10_v2_p011,0.07855818420648575,1
1176,31,10,2,ps10_v2_p012,0.08126958459615707,1
1177,31,11,2,ps10_v2_p012,0.08126958459615707,1
1178,31,15,2,ps10_v2_p012,0.08126958459615707,1
1179,31,16,2,ps10_v2_p012,0.08126958459615707,1
1180,31,17,2,ps10_v2_p012,0.08126958459615707,1
1181,31,18,2,ps10_v2_p012,0.08126958459615707,1
1182,31,19,2,ps10_v2_p012,0.08126958459615707,1
1183,31,20,2,ps10_v2_p013,0.10459129512310028,1
1184,31,21,2,ps10_v2_p013,0.10459129512310028,1
1185,31,22,2,ps10_v2_p013,0.10459129512310028,1
1186,31,23,2,ps10_v2_p013,0.10459129512310028,1
1187,31,24,2,ps10_v2_p013,0.10459129512310028,1
1188,31,25,2,ps10_v2_p013,0.10459129512310028,1
1189,31,26,2,ps10_v2_p013,0.10459129512310028,1
1190,31,27,2,ps10_v2_p013,0.10459129512310028,1
1191,31,28,2,ps10_v2_p013,0.10459129512310028,1
1192,31,29,2,ps10_v2_p013,0.10459129512310028,1
1193,31,30,2,ps10_v2_p014,0.1117790937423706,1
1194,31,31,2,ps10_v2_p014,0.1117790937423706,1
1195,31,32,2,ps10_v2_p014,0.1117790937423706,1
1196,31,33,2,ps10_v2_p014,0.1117790937423706,1
1197,31,34,2,ps10_v2_p014,0.1117790937423706,1
1198,31,35,2,ps10_v2_p014,0.1117790937423706,1
1199,31,36,2,ps10_v2_p014,0.1117790937423706,1
1200,31,37,2,ps10_v2_p014,0.1117790937423706,1
1201,31,38,2,ps10_v2_p014,0.1117790937423706,1
1202,31,39,2,ps10_v2_p014,0.1117790937423706,1
1203,31,40,2,ps10_v2_p015,0.12111817300319672,1
1204,31,41,2,ps10_v2_p015,0.12111817300319672,1
1205,31,42,2,ps10_v2_p015,0.12111817300319672,1
1206,31,43,2,ps10_v2_p015,0.12111817300319672,1
1207,31,44,2,ps10_v2_p015,0.12111817300319672,1
1208,31,45,2,ps10_v2_p015,0.12111817300319672,1
1209,31,46,2,ps10_v2_p015,0.12111817300319672,1
1210,31,47,2,ps10_v2_p015,0.12111817300319672,1
1211,31,48,2,ps10_v2_p015,0.12111817300319672,1
1212,31,49,2,ps10_v2_p015,0.12111817300319672,1
1213,31,50,2,ps10_v2_p016,0.08443538099527359,1
1214,31,51,2,ps10_v2_p016,0.08443538099527359,1
1215,31,52,2,ps10_v2_p016,0.08443538099527359,1
1216,31,53,2,ps10_v2_p016,0.08443538099527359,1
1217,31,54,2,ps10_v2_p016,0.08443538099527359,1
1218,31,55,2,ps10_v2_p016,0.08443538099527359,1
1219,31,56,2,ps10_v2_p016,0.08443538099527359,1
1220,31,57,2,ps10_v2_p016,0.08443538099527359,1
1221,31,58,2,ps10_v2_p016,0.08443538099527359,1
1222,31,59,2,ps10_v2_p016,0.08443538099527359,1
1223,31,60,2,ps10_v2_p017,0.07949137687683105,1
1224,31,61,2,ps10_v2_p017,0.07949137687683105,1
1225,31,62,2,ps10_v2_p017,0.07949137687683105,1
1226,31,63,2,ps10_v2_p017,0.07949137687683105,1
1227,31,64,2,ps10_v2_p017,0.07949137687683105,1
1228,31,65,2,ps10_v2_p017,0.07949137687683105,1
1229,31,66,2,ps10_v2_p017,0.07949137687683105,1
1230,31,67,2,ps10_v2_p017,0.07949137687683105,1
1231,31,68,2,ps10_v2_p017,0.07949137687683105,1
1232,31,69,2,ps10_v2_p017,0.07949137687683105,1
1233,31,72,2,ps10_v2_p018,0.08390919864177704,1
1234,31,76,2,ps10_v2_p018,0.08390919864177704,1
1235,31,77,2,ps10_v2_p018,0.08390919864177704,1
1236,31,78,2,ps10_v2_p018,0.08390919864177704,1
1237,31,79,2,ps10_v2_p018,0.08390919864177704,1
1238,31,80,2,ps10_v2_p019,0.08317890763282776,1
1239,31,81,2,ps10_v2_p019,0.08317890763282776,1
1240,31,82,2,ps10_v2_p019,0.08317890763282776,1
1241,31,83,2,ps10_v2_p019,0.08317890763282776,1
1242,31,84,2,ps10_v2_p019,0.08317890763282776,1
1243,31,85,2,ps10_v2_p019,0.08317890763282776,1
1244,31,86,2,ps10_v2_p019,0.08317890763282776,1
1245,31,87,2,ps10_v2_p019,0.08317890763282776,1
1246,31,88,2,ps10_v2_p019,0.08317890763282776,1
1247,31,89,2,ps10_v2_p019,0.08317890763282776,1
1248,31,90,2,ps10_v2_p020,0.10409879684448242,1
1249,31,91,2,ps10_v2_p020,0.10409879684448242,1
1250,31,92,2,ps10_v2_p020,0.10409879684448242,1
1251,31,94,2,ps10_v2_p020,0.10409879684448242,1
1252,31,110,3,,,0
1253,31,114,3,ps10_v2_p096,0.11085256189107895,1
1254,31,115,3,ps10_v2_p096,0.11085256189107895,1
1255,32,7,2,ps10_v2_p011,0.07855818420648575,1
1256,32,8,2,ps10_v2_p011,0.07855818420648575,1
1257,32,9,2,ps10_v2_p011,0.07855818420648575,1
1258,32,10,2,ps10_v2_p012,0.08126958459615707,1
1259,32,11,2,ps10_v2_p012,0.08126958459615707,1
1260,32,12,2,ps10_v2_p012,0.08126958459615707,1
1261,32,13,2,ps10_v2_p012,0.08126958459615707,1
1262,32,14,2,ps10_v2_p012,0.08126958459615707,1
1263,32,15,2,ps10_v2_p012,0.08126958459615707,1
1264,32,16,2,ps10_v2_p012,0.08126958459615707,1
1265,32,17,2,ps10_v2_p012,0.08126958459615707,1
1266,32,18,2,ps10_v2_p012,0.08126958459615707,1
1267,32,19,2,ps10_v2_p012,0.08126958459615707,1
1268,32,20,2,ps10_v2_p013,0.10459129512310028,1
1269,32,21,2,ps10_v2_p013,0.10459129512310028,1
1270,32,22,2,ps10_v2_p013,0.10459129512310028,1
1271,32,23,2,ps10_v2_p013,0.10459129512310028,1
1272,32,24,2,ps10_v2_p013,0.10459129512310028,1
1273,32,25,2,ps10_v2_p013,0.10459129512310028,1
1274,32,26,2,ps10_v2_p013,0.10459129512310028,1
1275,32,27,2,ps10_v2_p013,0.10459129512310028,1
1276,32,28,2,ps10_v2_p013,0.10459129512310028,1
1277,32,29,2,ps10_v2_p013,0.10459129512310028,1
1278,32,30,2,ps10_v2_p014,0.1117790937423706,1
1279,32,31,2,ps10_v2_p014,0.1117790937423706,1
1280,32,32,2,ps10_v2_p014,0.1117790937423706,1
1281,32,33,2,ps10_v2_p014,0.1117790937423706,1
1282,32,34,2,ps10_v2_p014,0.1117790937423706,1
1283,32,35,2,ps10_v2_p014,0.1117790937423706,1
1284,32,36,2,ps10_v2_p014,0.1117790937423706,1
1285,32,37,2,ps10_v2_p014,0.1117790937423706,1
1286,32,38,2,ps10_v2_p014,0.1117790937423706,1
1287,32,39,2,ps10_v2_p014,0.1117790937423706,1
1288,32,40,2,ps10_v2_p015,0.12111817300319672,1
1289,32,41,2,ps10_v2_p015,0.12111817300319672,1
1290,32,42,2,ps10_v2_p015,0.12111817300319672,1
1291,32,43,2,ps10_v2_p015,0.12111817300319672,1
1292,32,44,2,ps10_v2_p015,0.12111817300319672,1
1293,32,45,2,ps10_v2_p015,0.12111817300319672,1
1294,32,46,2,ps10_v2_p015,0.12111817300319672,1
1295,32,47,2,ps10_v2_p015,0.12111817300319672,1
1296,32,48,2,ps10_v2_p015,0.12111817300319672,1
1297,32,49,2,ps10_v2_p015,0.12111817300319672,1
1298,32,50,2,ps10_v2_p016,0.08443538099527359,1
1299,32,51,2,ps10_v2_p016,0.08443538099527359,1
1300,32,52,2,ps10_v2_p016,0.08443538099527359,1
1301,32,53,2,ps10_v2_p016,0.08443538099527359,1
1302,32,55,2,ps10_v2_p016,0.08443538099527359,1
1303,32,56,2,ps10_v2_p016,0.08443538099527359,1
1304,32,57,2,ps10_v2_p016,0.08443538099527359,1
1305,32,58,2,ps10_v2_p016,0.08443538099527359,1
1306,32,59,2,ps10_v2_p016,0.08443538099527359,1
1307,32,60,2,ps10_v2_p017,0.07949137687683105,1
1308,32,61,2,ps10_v2_p017,0.07949137687683105,1
1309,32,62,2,ps10_v2_p017,0.07949137687683105,1
1310,32,63,2,ps10_v2_p017,0.07949137687683105,1
1311,32,64,2,ps10_v2_p017,0.07949137687683105,1
1312,32,65,2,ps10_v2_p017,0.07949137687683105,1
1313,32,66,2,ps10_v2_p017,0.07949137687683105,1
1314,32,67,2,ps10_v2_p017,0.07949137687683105,1
1315,32,68,2,ps10_v2_p017,0.07949137687683105,1
1316,32,69,2,ps10_v2_p017,0.07949137687683105,1
1317,32,70,2,ps10_v2_p018,0.08390919864177704,1
1318,32,76,2,ps10_v2_p018,0.08390919864177704,1
1319,32,77,2,ps10_v2_p018,0.08390919864177704,1
1320,32,78,2,ps10_v2_p018,0.08390919864177704,1
1321,32,79,2,ps10_v2_p018,0.08390919864177704,1
1322,32,80,2,ps10_v2_p019,0.08317890763282776,1
1323,32,81,2,ps10_v2_p019,0.08317890763282776,1
1324,32,82,2,ps10_v2_p019,0.08317890763282776,1
1325,32,83,2,ps10_v2_p019,0.08317890763282776,1
1326,32,84,2,ps10_v2_p019,0.08317890763282776,1
1327,32,85,2,ps10_v2_p019,0.08317890763282776,1
1328,32,86,2,ps10_v2_p019,0.08317890763282776,1
1329,32,87,2,ps10_v2_p019,0.08317890763282776,1
1330,32,88,2,ps10_v2_p019,0.08317890763282776,1
1331,32,89,2,ps10_v2_p019,0.08317890763282776,1
1332,32,90,2,ps10_v2_p020,0.10409879684448242,1
1333,32,91,2,ps10_v2_p020,0.10409879684448242,1
1334,32,114,3,ps10_v2_p096,0.11085256189107895,1
1335,32,115,3,ps10_v2_p096,0.11085256189107895,1
1336,33,9,2,ps10_v2_p011,0.07855818420648575,1
1337,33,10,2,ps10_v2_p012,0.08126958459615707,1
1338,33,11,2,ps10_v2_p012,0.08126958459615707,1
1339,33,12,2,ps10_v2_p012,0.08126958459615707,1
1340,33,13,2,ps10_v2_p012,0.08126958459615707,1
1341,33,14,2,ps10_v2_p012,0.08126958459615707,1
1342,33,15,2,ps10_v2_p012,0.08126958459615707,1
1343,33,16,2,ps10_v2_p012,0.08126958459615707,1
1344,33,17,2,ps10_v2_p012,0.08126958459615707,1
1345,33,18,2,ps10_v2_p012,0.08126958459615707,1
1346,33,19,2,ps10_v2_p012,0.08126958459615707,1
1347,33,20,2,ps10_v2_p013,0.10459129512310028,1
1348,33,21,2,ps10_v2_p013,0.10459129512310028,1
1349,33,22,2,ps10_v2_p013,0.10459129512310028,1
1350,33,23,2,ps10_v2_p013,0.10459129512310028,1
1351,33,24,2,ps10_v2_p013,0.10459129512310028,1
1352,33,25,2,ps10_v2_p013,0.10459129512310028,1
1353,33,26,2,ps10_v2_p013,0.10459129512310028,1
1354,33,27,2,ps10_v2_p013,0.10459129512310028,1
1355,33,28,2,ps10_v2_p013,0.10459129512310028,1
1356,33,29,2,ps10_v2_p013,0.10459129512310028,1
1357,33,30,2,ps10_v2_p014,0.1117790937423706,1
1358,33,31,2,ps10_v2_p014,0.1117790937423706,1
1359,33,32,2,ps10_v2_p014,0.1117790937423706,1
1360,33,33,2,ps10_v2_p014,0.1117790937423706,1
1361,33,34,2,ps10_v2_p014,0.1117790937423706,1
1362,33,35,2,ps10_v2_p014,0.1117790937423706,1
1363,33,36,2,ps10_v2_p014,0.1117790937423706,1
1364,33,37,2,ps10_v2_p014,0.1117790937423706,1
1365,33,38,2,ps10_v2_p014,0.1117790937423706,1
1366,33,39,2,ps10_v2_p014,0.1117790937423706,1
1367,33,40,2,ps10_v2_p015,0.12111817300319672,1
1368,33,41,2,ps10_v2_p015,0.12111817300319672,1
1369,33,42,2,ps10_v2_p015,0.12111817300319672,1
1370,33,43,2,ps10_v2_p015,0.12111817300319672,1
1371,33,44,2,ps10_v2_p015,0.12111817300319672,1
1372,33,45,2,ps10_v2_p015,0.12111817300319672,1
1373,33,46,2,ps10_v2_p015,0.12111817300319672,1
1374,33,47,2,ps10_v2_p015,0.12111817300319672,1
1375,33,48,2,ps10_v2_p015,0.12111817300319672,1
1376,33,49,2,ps10_v2_p015,0.12111817300319672,1
1377,33,50,2,ps10_v2_p016,0.08443538099527359,1
1378,33,51,2,ps10_v2_p016,0.08443538099527359,1
1379,33,52,2,ps10_v2_p016,0.08443538099527359,1
1380,33,54,2,ps10_v2_p016,0.08443538099527359,1
1381,33,55,2,ps10_v2_p016,0.08443538099527359,1
1382,33,56,2,ps10_v2_p016,0.08443538099527359,1
1383,33,57,2,ps10_v2_p016,0.08443538099527359,1
1384,33,58,2,ps10_v2_p016,0.08443538099527359,1
1385,33,59,2,ps10_v2_p016,0.08443538099527359,1
1386,33,60,2,ps10_v2_p017,0.07949137687683105,1
1387,33,61,2,ps10_v2_p017,0.07949137687683105,1
1388,33,62,2,ps10_v2_p017,0.07949137687683105,1
1389,33,63,2,ps10_v2_p017,0.07949137687683105,1
1390,33,64,2,ps10_v2_p017,0.07949137687683105,1
1391,33,65,2,ps10_v2_p017,0.07949137687683105,1
1392,33,66,2,ps10_v2_p017,0.07949137687683105,1
1393,33,67,2,ps10_v2_p017,0.07949137687683105,1
1394,33,68,2,ps10_v2_p017,0.07949137687683105,1
1395,33,69,2,ps10_v2_p017,0.07949137687683105,1
1396,33,70,2,ps10_v2_p018,0.08390919864177704,1
1397,33,77,2,ps10_v2_p018,0.08390919864177704,1
1398,33,78,2,ps10_v2_p018,0.08390919864177704,1
1399,33,79,2,ps10_v2_p018,0.08390919864177704,1
1400,33,80,2,ps10_v2_p019,0.08317890763282776,1
1401,33,81,2,ps10_v2_p019,0.08317890763282776,1
1402,33,82,2,ps10_v2_p019,0.08317890763282776,1
1403,33,83,2,ps10_v2_p019,0.08317890763282776,1
1404,33,84,2,ps10_v2_p019,0.08317890763282776,1
1405,33,85,2,ps10_v2_p019,0.08317890763282776,1
1406,33,86,2,ps10_v2_p019,0.08317890763282776,1
1407,33,87,2,ps10_v2_p019,0.08317890763282776,1
1408,33,88,2,ps10_v2_p019,0.08317890763282776,1
1409,33,89,2,ps10_v2_p019,0.08317890763282776,1
1410,33,90,2,ps10_v2_p020,0.10409879684448242,1
1411,33,93,2,ps10_v2_p020,0.10409879684448242,1
1412,33,107,3,,,0
1413,34,8,2,ps10_v2_p021,0.09459203481674194,1
1414,34,9,2,ps10_v2_p021,0.09459203481674194,1
1415,34,10,2,ps10_v2_p022,0.13349862396717072,1
1416,34,11,2,ps10_v2_p022,0.13349862396717072,1
1417,34,12,2,ps10_v2_p022,0.13349862396717072,1
1418,34,13,2,ps10_v2_p022,0.13349862396717072,1
1419,34,15,2,ps10_v2_p022,0.13349862396717072,1
1420,34,16,2,ps10_v2_p022,0.13349862396717072,1
1421,34,17,2,ps10_v2_p022,0.13349862396717072,1
1422,34,18,2,ps10_v2_p022,0.13349862396717072,1
1423,34,19,2,ps10_v2_p022,0.13349862396717072,1
1424,34,20,2,ps10_v2_p023,0.11417277902364731,1
1425,34,21,2,ps10_v2_p023,0.11417277902364731,1
1426,34,22,2,ps10_v2_p023,0.11417277902364731,1
1427,34,23,2,ps10_v2_p023,0.11417277902364731,1
1428,34,24,2,ps10_v2_p023,0.11417277902364731,1
1429,34,25,2,ps10_v2_p023,0.11417277902364731,1
1430,34,26,2,ps10_v2_p023,0.11417277902364731,1
1431,34,27,2,ps10_v2_p023,0.11417277902364731,1
1432,34,28,2,ps10_v2_p023,0.11417277902364731,1
1433,34,29,2,ps10_v2_p023,0.11417277902364731,1
1434,34,30,2,ps10_v2_p024,0.11586709320545197,1
1435,34,31,2,ps10_v2_p024,0.11586709320545197,1
1436,34,32,2,ps10_v2_p024,0.11586709320545197,1
1437,34,33,2,ps10_v2_p024,0.11586709320545197,1
1438,34,34,2,ps10_v2_p024,0.11586709320545197,1
1439,34,35,2,ps10_v2_p024,0.11586709320545197,1
1440,34,36,2,ps10_v2_p024,0.11586709320545197,1
1441,34,37,2,ps10_v2_p024,0.11586709320545197,1
1442,34,38,2,ps10_v2_p024,0.11586709320545197,1
1443,34,39,2,ps10_v2_p024,0.11586709320545197,1
1444,34,40,2,ps10_v2_p025,0.13403438031673431,1
1445,34,41,2,ps10_v2_p025,0.13403438031673431,1
1446,34,42,2,ps10_v2_p025,0.13403438031673431,1
1447,34,43,2,ps10_v2_p025,0.13403438031673431,1
1448,34,44,2,ps10_v2_p025,0.13403438031673431,1
1449,34,45,2,ps10_v2_p025,0.13403438031673431,1
1450,34,46,2,ps10_v2_p025,0.13403438031673431,1
1451,34,47,2,ps10_v2_p025,0.13403438031673431,1
1452,34,48,2,ps10_v2_p025,0.13403438031673431,1
1453,34,49,2,ps10_v2_p025,0.13403438031673431,1
1454,34,50,2,ps10_v2_p026,0.11675342917442322,1
1455,34,51,2,ps10_v2_p026,0.11675342917442322,1
1456,34,52,2,ps10_v2_p026,0.11675342917442322,1
1457,34,54,2,ps10_v2_p026,0.11675342917442322,1
1458,34,55,2,ps10_v2_p026,0.11675342917442322,1
1459,34,56,2,ps10_v2_p026,0.11675342917442322,1
1460,34,57,2,ps10_v2_p026,0.11675342917442322,1
1461,34,58,2,ps10_v2_p026,0.11675342917442322,1
1462,34,59,2,ps10_v2_p026,0.11675342917442322,1
1463,34,60,2,ps10_v2_p027,0.1077428013086319,1
1464,34,61,2,ps10_v2_p027,0.1077428013086319,1
1465,34,62,2,ps10_v2_p027,0.1077428013086319,1
1466,34,63,2,ps10_v2_p027,0.1077428013086319,1
1467,34,64,2,ps10_v2_p027,0.1077428013086319,1
1468,34,65,2,ps10_v2_p027,0.1077428013086319,1
1469,34,66,2,ps10_v2_p027,0.1077428013086319,1
1470,34,67,2,ps10_v2_p027,0.1077428013086319,1
1471,34,68,2,ps10_v2_p027,0.1077428013086319,1
1472,34,69,2,ps10_v2_p027,0.1077428013086319,1
1473,34,70,2,ps10_v2_p028,0.1068531721830368,1
1474,34,71,2,ps10_v2_p028,0.1068531721830368,1
1475,34,75,2,ps10_v2_p028,0.1068531721830368,1
1476,34,76,2,ps10_v2_p028,0.1068531721830368,1
1477,34,77,2,ps10_v2_p028,0.1068531721830368,1
1478,34,78,2,ps10_v2_p028,0.1068531721830368,1
1479,34,79,2,ps10_v2_p028,0.1068531721830368,1
1480,34,80,2,ps10_v2_p029,0.07719051092863083,1
1481,34,81,2,ps10_v2_p029,0.07719051092863083,1
1482,34,82,2,ps10_v2_p029,0.07719051092863083,1
1483,34,83,2,ps10_v2_p029,0.07719051092863083,1
1484,34,84,2,ps10_v2_p029,0.07719051092863083,1
1485,34,85,2,ps10_v2_p029,0.07719051092863083,1
1486,34,86,2,ps10_v2_p029,0.07719051092863083,1
1487,34,87,2,ps10_v2_p029,0.07719051092863083,1
1488,34,88,2,ps10_v2_p029,0.07719051092863083,1
1489,34,93,2,ps10_v2_p030,0.0751272663474083,1
1490,34,94,2,ps10_v2_p030,0.0751272663474083,1
1491,34,95,2,ps10_v2_p030,0.0751272663474083,1
1492,34,105,3,,,0
1493,34,106,3,,,0
1494,34,107,3,,,0
1495,34,114,3,ps10_v2_p096,0.11085256189107895,1
1496,34,115,3,ps10_v2_p096,0.11085256189107895,1
1497,34,116,3,ps10_v2_p096,0.11085256189107895,1
1498,35,7,2,ps10_v2_p021,0.09459203481674194,1
1499,35,8,2,ps10_v2_p021,0.09459203481674194,1
1500,35,9,2,ps10_v2_p021,0.09459203481674194,1
1501,35,10,2,ps10_v2_p022,0.13349862396717072,1
1502,35,11,2,ps10_v2_p022,0.13349862396717072,1
1503,35,12,2,ps10_v2_p022,0.13349862396717072,1
1504,35,13,2,ps10_v2_p022,0.13349862396717072,1
1505,35,14,2,ps10_v2_p022,0.13349862396717072,1
1506,35,15,2,ps10_v2_p022,0.13349862396717072,1
1507,35,16,2,ps10_v2_p022,0.13349862396717072,1
1508,35,17,2,ps10_v2_p022,0.13349862396717072,1
1509,35,18,2,ps10_v2_p022,0.13349862396717072,1
1510,35,19,2,ps10_v2_p022,0.13349862396717072,1
1511,35,20,2,ps10_v2_p023,0.11417277902364731,1
1512,35,21,2,ps10_v2_p023,0.11417277902364731,1
1513,35,22,2,ps10_v2_p023,0.11417277902364731,1
1514,35,23,2,ps10_v2_p023,0.11417277902364731,1
1515,35,24,2,ps10_v2_p023,0.11417277902364731,1
1516,35,25,2,ps10_v2_p023,0.11417277902364731,1
1517,35,26,2,ps10_v2_p023,0.11417277902364731,1
1518,35,27,2,ps10_v2_p023,0.11417277902364731,1
1519,35,28,2,ps10_v2_p023,0.11417277902364731,1
1520,35,29,2,ps10_v2_p023,0.11417277902364731,1
1521,35,30,2,ps10_v2_p024,0.11586709320545197,1
1522,35,31,2,ps10_v2_p024,0.11586709320545197,1
1523,35,32,2,ps10_v2_p024,0.11586709320545197,1
1524,35,33,2,ps10_v2_p024,0.11586709320545197,1
1525,35,34,2,ps10_v2_p024,0.11586709320545197,1
1526,35,35,2,ps10_v2_p024,0.11586709320545197,1
1527,35,36,2,ps10_v2_p024,0.11586709320545197,1
1528,35,37,2,ps10_v2_p024,0.11586709320545197,1
1529,35,38,2,ps10_v2_p024,0.11586709320545197,1
1530,35,39,2,ps10_v2_p024,0.11586709320545197,1
1531,35,40,2,ps10_v2_p025,0.13403438031673431,1
1532,35,41,2,ps10_v2_p025,0.13403438031673431,1
1533,35,42,2,ps10_v2_p025,0.13403438031673431,1
1534,35,43,2,ps10_v2_p025,0.13403438031673431,1
1535,35,44,2,ps10_v2_p025,0.13403438031673431,1
1536,35,45,2,ps10_v2_p025,0.13403438031673431,1
1537,35,46,2,ps10_v2_p025,0.13403438031673431,1
1538,35,47,2,ps10_v2_p025,0.13403438031673431,1
1539,35,48,2,ps10_v2_p025,0.13403438031673431,1
1540,35,49,2,ps10_v2_p025,0.13403438031673431,1
1541,35,50,2,ps10_v2_p026,0.11675342917442322,1
1542,35,51,2,ps10_v2_p026,0.11675342917442322,1
1543,35,52,2,ps10_v2_p026,0.11675342917442322,1
1544,35,54,2,ps10_v2_p026,0.11675342917442322,1
1545,35,55,2,ps10_v2_p026,0.11675342917442322,1
1546,35,56,2,ps10_v2_p026,0.11675342917442322,1
1547,35,57,2,ps10_v2_p026,0.11675342917442322,1
1548,35,58,2,ps10_v2_p026,0.11675342917442322,1
1549,35,59,2,ps10_v2_p026,0.11675342917442322,1
1550,35,60,2,ps10_v2_p027,0.1077428013086319,1
1551,35,61,2,ps10_v2_p027,0.1077428013086319,1
1552,35,62,2,ps10_v2_p027,0.1077428013086319,1
1553,35,63,2,ps10_v2_p027,0.1077428013086319,1
1554,35,64,2,ps10_v2_p027,0.1077428013086319,1
1555,35,65,2,ps10_v2_p027,0.1077428013086319,1
1556,35,66,2,ps10_v2_p027,0.1077428013086319,1
1557,35,67,2,ps10_v2_p027,0.1077428013086319,1
1558,35,68,2,ps10_v2_p027,0.1077428013086319,1
1559,35,69,2,ps10_v2_p027,0.1077428013086319,1
1560,35,70,2,ps10_v2_p028,0.1068531721830368,1
1561,35,71,2,ps10_v2_p028,0.1068531721830368,1
1562,35,72,2,ps10_v2_p028,0.1068531721830368,1
1563,35,75,2,ps10_v2_p028,0.1068531721830368,1
1564,35,76,2,ps10_v2_p028,0.1068531721830368,1
1565,35,77,2,ps10_v2_p028,0.1068531721830368,1
1566,35,78,2,ps10_v2_p028,0.1068531721830368,1
1567,35,79,2,ps10_v2_p028,0.1068531721830368,1
1568,35,80,2,ps10_v2_p029,0.07719051092863083,1
1569,35,81,2,ps10_v2_p029,0.07719051092863083,1
1570,35,82,2,ps10_v2_p029,0.07719051092863083,1
1571,35,83,2,ps10_v2_p029,0.07719051092863083,1
1572,35,84,2,ps10_v2_p029,0.07719051092863083,1
1573,35,85,2,ps10_v2_p029,0.07719051092863083,1
1574,35,88,2,ps10_v2_p029,0.07719051092863083,1
1575,35,89,2,ps10_v2_p029,0.07719051092863083,1
1576,35,96,2,ps10_v2_p030,0.0751272663474083,1
1577,35,97,2,ps10_v2_p030,0.0751272663474083,1
1578,35,103,3,,,0
1579,35,105,3,,,0
1580,35,106,3,,,0
1581,35,115,3,ps10_v2_p096,0.11085256189107895,1
1582,36,8,2,ps10_v2_p021,0.09459203481674194,1
1583,36,9,2,ps10_v2_p021,0.09459203481674194,1
1584,36,10,2,ps10_v2_p022,0.13349862396717072,1
1585,36,11,2,ps10_v2_p022,0.13349862396717072,1
1586,36,12,2,ps10_v2_p022,0.13349862396717072,1
1587,36,13,2,ps10_v2_p022,0.13349862396717072,1
1588,36,14,2,ps10_v2_p022,0.13349862396717072,1
1589,36,15,2,ps10_v2_p022,0.13349862396717072,1
1590,36,16,2,ps10_v2_p022,0.13349862396717072,1
1591,36,17,2,ps10_v2_p022,0.13349862396717072,1
1592,36,18,2,ps10_v2_p022,0.13349862396717072,1
1593,36,19,2,ps10_v2_p022,0.13349862396717072,1
1594,36,20,2,ps10_v2_p023,0.11417277902364731,1
1595,36,21,2,ps10_v2_p023,0.11417277902364731,1
1596,36,22,2,ps10_v2_p023,0.11417277902364731,1
1597,36,23,2,ps10_v2_p023,0.11417277902364731,1
1598,36,24,2,ps10_v2_p023,0.11417277902364731,1
1599,36,25,2,ps10_v2_p023,0.11417277902364731,1
1600,36,26,2,ps10_v2_p023,0.11417277902364731,1
1601,36,27,2,ps10_v2_p023,0.11417277902364731,1
1602,36,28,2,ps10_v2_p023,0.11417277902364731,1
1603,36,29,2,ps10_v2_p023,0.11417277902364731,1
1604,36,30,2,ps10_v2_p024,0.11586709320545197,1
1605,36,31,2,ps10_v2_p024,0.11586709320545197,1
1606,36,32,2,ps10_v2_p024,0.11586709320545197,1
1607,36,33,2,ps10_v2_p024,0.11586709320545197,1
1608,36,34,2,ps10_v2_p024,0.11586709320545197,1
1609,36,35,2,ps10_v2_p024,0.11586709320545197,1
1610,36,36,2,ps10_v2_p024,0.11586709320545197,1
1611,36,37,2,ps10_v2_p024,0.11586709320545197,1
1612,36,38,2,ps10_v2_p024,0.11586709320545197,1
1613,36,39,2,ps10_v2_p024,0.11586709320545197,1
1614,36,40,2,ps10_v2_p025,0.13403438031673431,1
1615,36,41,2,ps10_v2_p025,0.13403438031673431,1
1616,36,42,2,ps10_v2_p025,0.13403438031673431,1
1617,36,43,2,ps10_v2_p025,0.13403438031673431,1
1618,36,44,2,ps10_v2_p025,0.13403438031673431,1
1619,36,45,2,ps10_v2_p025,0.13403438031673431,1
1620,36,46,2,ps10_v2_p025,0.13403438031673431,1
1621,36,47,2,ps10_v2_p025,0.13403438031673431,1
1622,36,48,2,ps10_v2_p025,0.13403438031673431,1
1623,36,49,2,ps10_v2_p025,0.13403438031673431,1
1624,36,50,2,ps10_v2_p026,0.11675342917442322,1
1625,36,51,2,ps10_v2_p026,0.11675342917442322,1
1626,36,52,2,ps10_v2_p026,0.11675342917442322,1
1627,36,53,2,ps10_v2_p026,0.11675342917442322,1
1628,36,55,2,ps10_v2_p026,0.11675342917442322,1
1629,36,56,2,ps10_v2_p026,0.11675342917442322,1
1630,36,57,2,ps10_v2_p026,0.11675342917442322,1
1631,36,58,2,ps10_v2_p026,0.11675342917442322,1
1632,36,59,2,ps10_v2_p026,0.11675342917442322,1
1633,36,60,2,ps10_v2_p027,0.1077428013086319,1
1634,36,61,2,ps10_v2_p027,0.1077428013086319,1
1635,36,62,2,ps10_v2_p027,0.1077428013086319,1
1636,36,63,2,ps10_v2_p027,0.1077428013086319,1
1637,36,64,2,ps10_v2_p027,0.1077428013086319,1
1638,36,65,2,ps10_v2_p027,0.1077428013086319,1
1639,36,66,2,ps10_v2_p027,0.1077428013086319,1
1640,36,67,2,ps10_v2_p027,0.1077428013086319,1
1641,36,68,2,ps10_v2_p027,0.1077428013086319,1
1642,36,69,2,ps10_v2_p027,0.1077428013086319,1
1643,36,70,2,ps10_v2_p028,0.1068531721830368,1
1644,36,71,2,ps10_v2_p028,0.1068531721830368,1
1645,36,72,2,ps10_v2_p028,0.1068531721830368,1
1646,36,73,2,ps10_v2_p028,0.1068531721830368,1
1647,36,75,2,ps10_v2_p028,0.1068531721830368,1
1648,36,76,2,ps10_v2_p028,0.1068531721830368,1
1649,36,77,2,ps10_v2_p028,0.1068531721830368,1
1650,36,78,2,ps10_v2_p028,0.1068531721830368,1
1651,36,79,2,ps10_v2_p028,0.1068531721830368,1
1652,36,80,2,ps10_v2_p029,0.07719051092863083,1
1653,36,81,2,ps10_v2_p029,0.07719051092863083,1
1654,36,82,2,ps10_v2_p029,0.07719051092863083,1
1655,36,83,2,ps10_v2_p029,0.07719051092863083,1
1656,36,85,2,ps10_v2_p029,0.07719051092863083,1
1657,36,87,2,ps10_v2_p029,0.07719051092863083,1
1658,36,88,2,ps10_v2_p029,0.07719051092863083,1
1659,36,89,2,ps10_v2_p029,0.07719051092863083,1
1660,36,94,2,ps10_v2_p030,0.0751272663474083,1
1661,36,96,2,ps10_v2_p030,0.0751272663474083,1
1662,36,100,3,,,0
1663,36,102,3,,,0
1664,36,103,3,,,0
1665,36,114,3,ps10_v2_p096,0.11085256189107895,1
1666,36,115,3,ps10_v2_p096,0.11085256189107895,1
1667,37,8,2,ps10_v2_p021,0.09459203481674194,1
1668,37,10,2,ps10_v2_p022,0.13349862396717072,1
1669,37,11,2,ps10_v2_p022,0.13349862396717072,1
1670,37,12,2,ps10_v2_p022,0.13349862396717072,1
1671,37,13,2,ps10_v2_p022,0.13349862396717072,1
1672,37,14,2,ps10_v2_p022,0.13349862396717072,1
1673,37,15,2,ps10_v2_p022,0.13349862396717072,1
1674,37,16,2,ps10_v2_p022,0.13349862396717072,1
1675,37,17,2,ps10_v2_p022,0.13349862396717072,1
1676,37,18,2,ps10_v2_p022,0.13349862396717072,1
1677,37,19,2,ps10_v2_p022,0.13349862396717072,1
1678,37,20,2,ps10_v2_p023,0.11417277902364731,1
1679,37,21,2,ps10_v2_p023,0.11417277902364731,1
1680,37,22,2,ps10_v2_p023,0.11417277902364731,1
1681,37,23,2,ps10_v2_p023,0.11417277902364731,1
1682,37,24,2,ps10_v2_p023,0.11417277902364731,1
1683,37,25,2,ps10_v2_p023,0.11417277902364731,1
1684,37,26,2,ps10_v2_p023,0.11417277902364731,1
1685,37,27,2,ps10_v2_p023,0.11417277902364731,1
1686,37,28,2,ps10_v2_p023,0.11417277902364731,1
1687,37,29,2,ps10_v2_p023,0.11417277902364731,1
1688,37,30,2,ps10_v2_p024,0.11586709320545197,1
1689,37,31,2,ps10_v2_p024,0.11586709320545197,1
1690,37,32,2,ps10_v2_p024,0.11586709320545197,1
1691,37,33,2,ps10_v2_p024,0.11586709320545197,1
1692,37,34,2,ps10_v2_p024,0.11586709320545197,1
1693,37,35,2,ps10_v2_p024,0.11586709320545197,1
1694,37,36,2,ps10_v2_p024,0.11586709320545197,1
1695,37,37,2,ps10_v2_p024,0.11586709320545197,1
1696,37,38,2,ps10_v2_p024,0.11586709320545197,1
1697,37,39,2,ps10_v2_p024,0.11586709320545197,1
1698,37,40,2,ps10_v2_p025,0.13403438031673431,1
1699,37,41,2,ps10_v2_p025,0.13403438031673431,1
1700,37,42,2,ps10_v2_p025,0.13403438031673431,1
1701,37,43,2,ps10_v2_p025,0.13403438031673431,1
1702,37,44,2,ps10_v2_p025,0.13403438031673431,1
1703,37,45,2,ps10_v2_p025,0.13403438031673431,1
1704,37,46,2,ps10_v2_p025,0.13403438031673431,1
1705,37,47,2,ps10_v2_p025,0.13403438031673431,1
1706,37,48,2,ps10_v2_p025,0.13403438031673431,1
1707,37,49,2,ps10_v2_p025,0.13403438031673431,1
1708,37,50,2,ps10_v2_p026,0.11675342917442322,1
1709,37,51,2,ps10_v2_p026,0.11675342917442322,1
1710,37,53,2,ps10_v2_p026,0.11675342917442322,1
1711,37,54,2,ps10_v2_p026,0.11675342917442322,1
1712,37,55,2,ps10_v2_p026,0.11675342917442322,1
1713,37,56,2,ps10_v2_p026,0.11675342917442322,1
1714,37,57,2,ps10_v2_p026,0.11675342917442322,1
1715,37,58,2,ps10_v2_p026,0.11675342917442322,1
1716,37,59,2,ps10_v2_p026,0.11675342917442322,1
1717,37,60,2,ps10_v2_p027,0.1077428013086319,1
1718,37,61,2,ps10_v2_p027,0.1077428013086319,1
1719,37,62,2,ps10_v2_p027,0.1077428013086319,1
1720,37,63,2,ps10_v2_p027,0.1077428013086319,1
1721,37,64,2,ps10_v2_p027,0.1077428013086319,1
1722,37,65,2,ps10_v2_p027,0.1077428013086319,1
1723,37,66,2,ps10_v2_p027,0.1077428013086319,1
1724,37,67,2,ps10_v2_p027,0.1077428013086319,1
1725,37,68,2,ps10_v2_p027,0.1077428013086319,1
1726,37,69,2,ps10_v2_p027,0.1077428013086319,1
1727,37,70,2,ps10_v2_p028,0.1068531721830368,1
1728,37,71,2,ps10_v2_p028,0.1068531721830368,1
1729,37,72,2,ps10_v2_p028,0.1068531721830368,1
1730,37,73,2,ps10_v2_p028,0.1068531721830368,1
1731,37,74,2,ps10_v2_p028,0.1068531721830368,1
1732,37,75,2,ps10_v2_p028,0.1068531721830368,1
1733,37,76,2,ps10_v2_p028,0.1068531721830368,1
1734,37,77,2,ps10_v2_p028,0.1068531721830368,1
1735,37,78,2,ps10_v2_p028,0.1068531721830368,1
1736,37,79,2,ps10_v2_p028,0.1068531721830368,1
1737,37,80,2,ps10_v2_p029,0.07719051092863083,1
1738,37,81,2,ps10_v2_p029,0.07719051092863083,1
1739,37,85,2,ps10_v2_p029,0.07719051092863083,1
1740,37,87,2,ps10_v2_p029,0.07719051092863083,1
1741,37,88,2,ps10_v2_p029,0.07719051092863083,1
1742,37,89,2,ps10_v2_p029,0.07719051092863083,1
1743,37,92,2,ps10_v2_p030,0.0751272663474083,1
1744,37,93,2,ps10_v2_p030,0.0751272663474083,1
1745,37,94,2,ps10_v2_p030,0.0751272663474083,1
1746,37,96,2,ps10_v2_p030,0.0751272663474083,1
1747,37,100,3,,,0
1748,37,102,3,,,0
1749,37,103,3,,,0
1750,37,114,3,ps10_v2_p096,0.11085256189107895,1
1751,38,8,2,ps10_v2_p021,0.09459203481674194,1
1752,38,9,2,ps10_v2_p021,0.09459203481674194,1
1753,38,10,2,ps10_v2_p022,0.13349862396717072,1
1754,38,11,2,ps10_v2_p022,0.13349862396717072,1
1755,38,12,2,ps10_v2_p022,0.13349862396717072,1
1756,38,13,2,ps10_v2_p022,0.13349862396717072,1
1757,38,14,2,ps10_v2_p022,0.13349862396717072,1
1758,38,15,2,ps10_v2_p022,0.13349862396717072,1
1759,38,16,2,ps10_v2_p022,0.13349862396717072,1
1760,38,17,2,ps10_v2_p022,0.13349862396717072,1
1761,38,18,2,ps10_v2_p022,0.13349862396717072,1
1762,38,19,2,ps10_v2_p022,0.13349862396717072,1
1763,38,20,2,ps10_v2_p023,0.11417277902364731,1
1764,38,21,2,ps10_v2_p023,0.11417277902364731,1
1765,38,22,2,ps10_v2_p023,0.11417277902364731,1
1766,38,23,2,ps10_v2_p023,0.11417277902364731,1
1767,38,24,2,ps10_v2_p023,0.11417277902364731,1
1768,38,25,2,ps10_v2_p023,0.11417277902364731,1
1769,38,26,2,ps10_v2_p023,0.11417277902364731,1
1770,38,27,2,ps10_v2_p023,0.11417277902364731,1
1771,38,28,2,ps10_v2_p023,0.11417277902364731,1
1772,38,29,2,ps10_v2_p023,0.11417277902364731,1
1773,38,30,2,ps10_v2_p024,0.11586709320545197,1
1774,38,31,2,ps10_v2_p024,0.11586709320545197,1
1775,38,32,2,ps10_v2_p024,0.11586709320545197,1
1776,38,33,2,ps10_v2_p024,0.11586709320545197,1
1777,38,34,2,ps10_v2_p024,0.11586709320545197,1
1778,38,35,2,ps10_v2_p024,0.11586709320545197,1
1779,38,36,2,ps10_v2_p024,0.11586709320545197,1
1780,38,37,2,ps10_v2_p024,0.11586709320545197,1
1781,38,38,2,ps10_v2_p024,0.11586709320545197,1
1782,38,39,2,ps10_v2_p024,0.11586709320545197,1
1783,38,40,2,ps10_v2_p025,0.13403438031673431,1
1784,38,41,2,ps10_v2_p025,0.13403438031673431,1
1785,38,42,2,ps10_v2_p025,0.13403438031673431,1
1786,38,43,2,ps10_v2_p025,0.13403438031673431,1
1787,38,44,2,ps10_v2_p025,0.13403438031673431,1
1788,38,45,2,ps10_v2_p025,0.13403438031673431,1
1789,38,46,2,ps10_v2_p025,0.13403438031673431,1
1790,38,47,2,ps10_v2_p025,0.13403438031673431,1
1791,38,48,2,ps10_v2_p025,0.13403438031673431,1
1792,38,49,2,ps10_v2_p025,0.13403438031673431,1
1793,38,50,2,ps10_v2_p026,0.11675342917442322,1
1794,38,51,2,ps10_v2_p026,0.11675342917442322,1
1795,38,52,2,ps10_v2_p026,0.11675342917442322,1
1796,38,53,2,ps10_v2_p026,0.11675342917442322,1
1797,38,54,2,ps10_v2_p026,0.11675342917442322,1
1798,38,55,2,ps10_v2_p026,0.11675342917442322,1
1799,38,56,2,ps10_v2_p026,0.11675342917442322,1
1800,38,57,2,ps10_v2_p026,0.11675342917442322,1
1801,38,58,2,ps10_v2_p026,0.11675342917442322,1
1802,38,59,2,ps10_v2_p026,0.11675342917442322,1
1803,38,60,2,ps10_v2_p027,0.1077428013086319,1
1804,38,61,2,ps10_v2_p027,0.1077428013086319,1
1805,38,62,2,ps10_v2_p027,0.1077428013086319,1
1806,38,63,2,ps10_v2_p027,0.1077428013086319,1
1807,38,64,2,ps10_v2_p027,0.1077428013086319,1
1808,38,65,2,ps10_v2_p027,0.1077428013086319,1
1809,38,66,2,ps10_v2_p027,0.1077428013086319,1
1810,38,67,2,ps10_v2_p027,0.1077428013086319,1
1811,38,68,2,ps10_v2_p027,0.1077428013086319,1
1812,38,69,2,ps10_v2_p027,0.1077428013086319,1
1813,38,70,2,ps10_v2_p028,0.1068531721830368,1
1814,38,71,2,ps10_v2_p028,0.1068531721830368,1
1815,38,72,2,ps10_v2_p028,0.1068531721830368,1
1816,38,73,2,ps10_v2_p028,0.1068531721830368,1
1817,38,74,2,ps10_v2_p028,0.1068531721830368,1
1818,38,75,2,ps10_v2_p028,0.1068531721830368,1
1819,38,76,2,ps10_v2_p028,0.1068531721830368,1
1820,38,77,2,ps10_v2_p028,0.1068531721830368,1
1821,38,79,2,ps10_v2_p028,0.1068531721830368,1
1822,38,80,2,ps10_v2_p029,0.07719051092863083,1
1823,38,81,2,ps10_v2_p029,0.07719051092863083,1
1824,38,82,2,ps10_v2_p029,0.07719051092863083,1
1825,38,85,2,ps10_v2_p029,0.07719051092863083,1
1826,38,87,2,ps10_v2_p029,0.07719051092863083,1
1827,38,88,2,ps10_v2_p029,0.07719051092863083,1
1828,38,90,2,ps10_v2_p030,0.0751272663474083,1
1829,38,91,2,ps10_v2_p030,0.0751272663474083,1
1830,38,93,2,ps10_v2_p030,0.0751272663474083,1
1831,38,94,2,ps10_v2_p030,0.0751272663474083,1
1832,38,95,2,ps10_v2_p030,0.0751272663474083,1
1833,38,96,2,ps10_v2_p030,0.0751272663474083,1
1834,38,97,3,,,0
1835,38,99,3,,,0
1836,38,111,3,,,0
1837,38,116,3,ps10_v2_p096,0.11085256189107895,1
1838,39,8,2,ps10_v2_p021,0.09459203481674194,1
1839,39,9,2,ps10_v2_p021,0.09459203481674194,1
1840,39,10,2,ps10_v2_p022,0.13349862396717072,1
1841,39,11,2,ps10_v2_p022,0.13349862396717072,1
1842,39,12,2,ps10_v2_p022,0.13349862396717072,1
1843,39,13,2,ps10_v2_p022,0.13349862396717072,1
1844,39,14,2,ps10_v2_p022,0.13349862396717072,1
1845,39,15,2,ps10_v2_p022,0.13349862396717072,1
1846,39,16,2,ps10_v2_p022,0.13349862396717072,1
1847,39,17,2,ps10_v2_p022,0.13349862396717072,1
1848,39,18,2,ps10_v2_p022,0.13349862396717072,1
1849,39,19,2,ps10_v2_p022,0.13349862396717072,1
1850,39,20,2,ps10_v2_p023,0.11417277902364731,1
1851,39,21,2,ps10_v2_p023,0.11417277902364731,1
1852,39,22,2,ps10_v2_p023,0.11417277902364731,1
1853,39,23,2,ps10_v2_p023,0.11417277902364731,1
1854,39,24,2,ps10_v2_p023,0.11417277902364731,1
1855,39,25,2,ps10_v2_p023,0.11417277902364731,1
1856,39,26,2,ps10_v2_p023,0.11417277902364731,1
1857,39,27,2,ps10_v2_p023,0.11417277902364731,1
1858,39,28,2,ps10_v2_p023,0.11417277902364731,1
1859,39,29,2,ps10_v2_p023,0.11417277902364731,1
1860,39,30,2,ps10_v2_p024,0.11586709320545197,1
1861,39,31,2,ps10_v2_p024,0.11586709320545197,1
1862,39,32,2,ps10_v2_p024,0.11586709320545197,1
1863,39,33,2,ps10_v2_p024,0.11586709320545197,1
1864,39,34,2,ps10_v2_p024,0.11586709320545197,1
1865,39,35,2,ps10_v2_p024,0.11586709320545197,1
1866,39,36,2,ps10_v2_p024,0.11586709320545197,1
1867,39,37,2,ps10_v2_p024,0.11586709320545197,1
1868,39,38,2,ps10_v2_p024,0.11586709320545197,1
1869,39,39,2,ps10_v2_p024,0.11586709320545197,1
1870,39,40,2,ps10_v2_p025,0.13403438031673431,1
1871,39,41,2,ps10_v2_p025,0.13403438031673431,1
1872,39,42,2,ps10_v2_p025,0.13403438031673431,1
1873,39,43,2,ps10_v2_p025,0.13403438031673431,1
1874,39,44,2,ps10_v2_p025,0.13403438031673431,1
1875,39,45,2,ps10_v2_p025,0.13403438031673431,1
1876,39,46,2,ps10_v2_p025,0.13403438031673431,1
1877,39,47,2,ps10_v2_p025,0.13403438031673431,1
1878,39,48,2,ps10_v2_p025,0.13403438031673431,1
1879,39,49,2,ps10_v2_p025,0.13403438031673431,1
1880,39,50,2,ps10_v2_p026,0.11675342917442322,1
1881,39,51,2,ps10_v2_p026,0.11675342917442322,1
1882,39,52,2,ps10_v2_p026,0.11675342917442322,1
1883,39,53,2,ps10_v2_p026,0.11675342917442322,1
1884,39,54,2,ps10_v2_p026,0.11675342917442322,1
1885,39,55,2,ps10_v2_p026,0.11675342917442322,1
1886,39,56,2,ps10_v2_p026,0.11675342917442322,1
1887,39,57,2,ps10_v2_p026,0.11675342917442322,1
1888,39,58,2,ps10_v2_p026,0.11675342917442322,1
1889,39,59,2,ps10_v2_p026,0.11675342917442322,1
1890,39,60,2,ps10_v2_p027,0.1077428013086319,1
1891,39,61,2,ps10_v2_p027,0.1077428013086319,1
1892,39,62,2,ps10_v2_p027,0.1077428013086319,1
1893,39,63,2,ps10_v2_p027,0.1077428013086319,1
1894,39,64,2,ps10_v2_p027,0.1077428013086319,1
1895,39,65,2,ps10_v2_p027,0.1077428013086319,1
1896,39,66,2,ps10_v2_p027,0.1077428013086319,1
1897,39,67,2,ps10_v2_p027,0.1077428013086319,1
1898,39,68,2,ps10_v2_p027,0.1077428013086319,1
1899,39,69,2,ps10_v2_p027,0.1077428013086319,1
1900,39,70,2,ps10_v2_p028,0.1068531721830368,1
1901,39,71,2,ps10_v2_p028,0.1068531721830368,1
1902,39,72,2,ps10_v2_p028,0.1068531721830368,1
1903,39,73,2,ps10_v2_p028,0.1068531721830368,1
1904,39,74,2,ps10_v2_p028,0.1068531721830368,1
1905,39,75,2,ps10_v2_p028,0.1068531721830368,1
1906,39,76,2,ps10_v2_p028,0.1068531721830368,1
1907,39,77,2,ps10_v2_p028,0.1068531721830368,1
1908,39,78,2,ps10_v2_p028,0.1068531721830368,1
1909,39,79,2,ps10_v2_p028,0.1068531721830368,1
1910,39,81,2,ps10_v2_p029,0.07719051092863083,1
1911,39,82,2,ps10_v2_p029,0.07719051092863083,1
1912,39,83,2,ps10_v2_p029,0.07719051092863083,1
1913,39,85,2,ps10_v2_p029,0.07719051092863083,1
1914,39,86,2,ps10_v2_p029,0.07719051092863083,1
1915,39,88,2,ps10_v2_p029,0.07719051092863083,1
1916,39,89,2,ps10_v2_p029,0.07719051092863083,1
1917,39,90,2,ps10_v2_p030,0.0751272663474083,1
1918,39,91,2,ps10_v2_p030,0.0751272663474083,1
1919,39,92,2,ps10_v2_p030,0.0751272663474083,1
1920,39,93,2,ps10_v2_p030,0.0751272663474083,1
1921,39,94,2,ps10_v2_p030,0.0751272663474083,1
1922,39,95,2,ps10_v2_p030,0.0751272663474083,1
1923,39,96,2,ps10_v2_p030,0.0751272663474083,1
1924,39,97,3,,,0
1925,39,111,3,,,0
1926,40,8,2,ps10_v2_p021,0.09459203481674194,1
1927,40,9,2,ps10_v2_p021,0.09459203481674194,1
1928,40,10,2,ps10_v2_p022,0.13349862396717072,1
1929,40,11,2,ps10_v2_p022,0.13349862396717072,1
1930,40,12,2,ps10_v2_p022,0.13349862396717072,1
1931,40,13,2,ps10_v2_p022,0.13349862396717072,1
1932,40,14,2,ps10_v2_p022,0.13349862396717072,1
1933,40,15,2,ps10_v2_p022,0.13349862396717072,1
1934,40,16,2,ps10_v2_p022,0.13349862396717072,1
1935,40,17,2,ps10_v2_p022,0.13349862396717072,1
1936,40,18,2,ps10_v2_p022,0.13349862396717072,1
1937,40,19,2,ps10_v2_p022,0.13349862396717072,1
1938,40,20,2,ps10_v2_p023,0.11417277902364731,1
1939,40,21,2,ps10_v2_p023,0.11417277902364731,1
1940,40,22,2,ps10_v2_p023,0.11417277902364731,1
1941,40,23,2,ps10_v2_p023,0.11417277902364731,1
1942,40,24,2,ps10_v2_p023,0.11417277902364731,1
1943,40,25,2,ps10_v2_p023,0.11417277902364731,1
1944,40,26,2,ps10_v2_p023,0.11417277902364731,1
1945,40,27,2,ps10_v2_p023,0.11417277902364731,1
1946,40,28,2,ps10_v2_p023,0.11417277902364731,1
1947,40,29,2,ps10_v2_p023,0.11417277902364731,1
1948,40,30,2,ps10_v2_p024,0.11586709320545197,1
1949,40,31,2,ps10_v2_p024,0.11586709320545197,1
1950,40,32,2,ps10_v2_p024,0.11586709320545197,1
1951,40,33,2,ps10_v2_p024,0.11586709320545197,1
1952,40,34,2,ps10_v2_p024,0.11586709320545197,1
1953,40,35,2,ps10_v2_p024,0.11586709320545197,1
1954,40,36,2,ps10_v2_p024,0.11586709320545197,1
1955,40,37,2,ps10_v2_p024,0.11586709320545197,1
1956,40,38,2,ps10_v2_p024,0.11586709320545197,1
1957,40,39,2,ps10_v2_p024,0.11586709320545197,1
1958,40,40,2,ps10_v2_p025,0.13403438031673431,1
1959,40,41,2,ps10_v2_p025,0.13403438031673431,1
1960,40,42,2,ps10_v2_p025,0.13403438031673431,1
1961,40,43,2,ps10_v2_p025,0.13403438031673431,1
1962,40,44,2,ps10_v2_p025,0.13403438031673431,1
1963,40,45,2,ps10_v2_p025,0.13403438031673431,1
1964,40,46,2,ps10_v2_p025,0.13403438031673431,1
1965,40,47,2,ps10_v2_p025,0.13403438031673431,1
1966,40,48,2,ps10_v2_p025,0.13403438031673431,1
1967,40,49,2,ps10_v2_p025,0.13403438031673431,1
1968,40,50,2,ps10_v2_p026,0.11675342917442322,1
1969,40,51,2,ps10_v2_p026,0.11675342917442322,1
1970,40,52,2,ps10_v2_p026,0.11675342917442322,1
1971,40,53,2,ps10_v2_p026,0.11675342917442322,1
1972,40,54,2,ps10_v2_p026,0.11675342917442322,1
1973,40,55,2,ps10_v2_p026,0.11675342917442322,1
1974,40,56,2,ps10_v2_p026,0.11675342917442322,1
1975,40,57,2,ps10_v2_p026,0.11675342917442322,1
1976,40,58,2,ps10_v2_p026,0.11675342917442322,1
1977,40,59,2,ps10_v2_p026,0.11675342917442322,1
1978,40,60,2,ps10_v2_p027,0.1077428013086319,1
1979,40,61,2,ps10_v2_p027,0.1077428013086319,1
1980,40,62,2,ps10_v2_p027,0.1077428013086319,1
1981,40,63,2,ps10_v2_p027,0.1077428013086319,1
1982,40,64,2,ps10_v2_p027,0.1077428013086319,1
1983,40,65,2,ps10_v2_p027,0.1077428013086319,1
1984,40,66,2,ps10_v2_p027,0.1077428013086319,1
1985,40,67,2,ps10_v2_p027,0.1077428013086319,1
1986,40,68,2,ps10_v2_p027,0.1077428013086319,1
1987,40,69,2,ps10_v2_p027,0.1077428013086319,1
1988,40,70,2,ps10_v2_p028,0.1068531721830368,1
1989,40,71,2,ps10_v2_p028,0.1068531721830368,1
1990,40,72,2,ps10_v2_p028,0.1068531721830368,1
1991,40,73,2,ps10_v2_p028,0.1068531721830368,1
1992,40,74,2,ps10_v2_p028,0.1068531721830368,1
1993,40,75,2,ps10_v2_p028,0.1068531721830368,1
1994,40,76,2,ps10_v2_p028,0.1068531721830368,1
1995,40,77,2,ps10_v2_p028,0.1068531721830368,1
1996,40,78,2,ps10_v2_p028,0.1068531721830368,1
1997,40,79,2,ps10_v2_p028,0.1068531721830368,1
1998,40,81,2,ps10_v2_p029,0.07719051092863083,1
1999,40,82,2,ps10_v2_p029,0.07719051092863083,1
2000,40,83,2,ps10_v2_p029,0.07719051092863083,1
2001,40,85,2,ps10_v2_p029,0.07719051092863083,1
2002,40,86,2,ps10_v2_p029,0.07719051092863083,1
2003,40,88,2,ps10_v2_p029,0.07719051092863083,1
2004,40,89,2,ps10_v2_p029,0.07719051092863083,1
2005,40,90,2,ps10_v2_p030,0.0751272663474083,1
2006,40,91,2,ps10_v2_p030,0.0751272663474083,1
2007,40,92,2,ps10_v2_p030,0.0751272663474083,1
2008,40,93,2,ps10_v2_p030,0.0751272663474083,1
2009,40,94,2,ps10_v2_p030,0.0751272663474083,1
2010,40,95,2,ps10_v2_p030,0.0751272663474083,1
2011,40,96,3,,,0
2012,41,8,2,ps10_v2_p021,0.09459203481674194,1
2013,41,9,2,ps10_v2_p021,0.09459203481674194,1
2014,41,10,2,ps10_v2_p022,0.13349862396717072,1
2015,41,11,2,ps10_v2_p022,0.13349862396717072,1
2016,41,12,2,ps10_v2_p022,0.13349862396717072,1
2017,41,13,2,ps10_v2_p022,0.13349862396717072,1
2018,41,14,2,ps10_v2_p022,0.13349862396717072,1
2019,41,15,2,ps10_v2_p022,0.13349862396717072,1
2020,41,16,2,ps10_v2_p022,0.13349862396717072,1
2021,41,17,2,ps10_v2_p022,0.13349862396717072,1
2022,41,18,2,ps10_v2_p022,0.13349862396717072,1
2023,41,19,2,ps10_v2_p022,0.13349862396717072,1
2024,41,20,2,ps10_v2_p023,0.11417277902364731,1
2025,41,21,2,ps10_v2_p023,0.11417277902364731,1
2026,41,22,2,ps10_v2_p023,0.11417277902364731,1
2027,41,23,2,ps10_v2_p023,0.11417277902364731,1
2028,41,24,2,ps10_v2_p023,0.11417277902364731,1
2029,41,25,2,ps10_v2_p023,0.11417277902364731,1
2030,41,26,2,ps10_v2_p023,0.11417277902364731,1
2031,41,27,2,ps10_v2_p023,0.11417277902364731,1
2032,41,28,2,ps10_v2_p023,0.11417277902364731,1
2033,41,29,2,ps10_v2_p023,0.11417277902364731,1
2034,41,30,2,ps10_v2_p024,0.11586709320545197,1
2035,41,31,2,ps10_v2_p024,0.11586709320545197,1
2036,41,32,2,ps10_v2_p024,0.11586709320545197,1
2037,41,33,2,ps10_v2_p024,0.11586709320545197,1
2038,41,34,2,ps10_v2_p024,0.11586709320545197,1
2039,41,35,2,ps10_v2_p024,0.11586709320545197,1
2040,41,36,2,ps10_v2_p024,0.11586709320545197,1
2041,41,37,2,ps10_v2_p024,0.11586709320545197,1
2042,41,38,2,ps10_v2_p024,0.11586709320545197,1
2043,41,39,2,ps10_v2_p024,0.11586709320545197,1
2044,41,40,2,ps10_v2_p025,0.13403438031673431,1
2045,41,41,2,ps10_v2_p025,0.13403438031673431,1
2046,41,42,2,ps10_v2_p025,0.13403438031673431,1
2047,41,43,2,ps10_v2_p025,0.13403438031673431,1
2048,41,44,2,ps10_v2_p025,0.13403438031673431,1
2049,41,45,2,ps10_v2_p025,0.13403438031673431,1
2050,41,46,2,ps10_v2_p025,0.13403438031673431,1
2051,41,47,2,ps10_v2_p025,0.13403438031673431,1
2052,41,48,2,ps10_v2_p025,0.13403438031673431,1
2053,41,49,2,ps10_v2_p025,0.13403438031673431,1
2054,41,50,2,ps10_v2_p026,0.11675342917442322,1
2055,41,51,2,ps10_v2_p026,0.11675342917442322,1
2056,41,52,2,ps10_v2_p026,0.11675342917442322,1
2057,41,53,2,ps10_v2_p026,0.11675342917442322,1
2058,41,54,2,ps10_v2_p026,0.11675342917442322,1
2059,41,55,2,ps10_v2_p026,0.11675342917442322,1
2060,41,56,2,ps10_v2_p026,0.11675342917442322,1
2061,41,57,2,ps10_v2_p026,0.11675342917442322,1
2062,41,58,2,ps10_v2_p026,0.11675342917442322,1
2063,41,59,2,ps10_v2_p026,0.11675342917442322,1
2064,41,60,2,ps10_v2_p027,0.1077428013086319,1
2065,41,61,2,ps10_v2_p027,0.1077428013086319,1
2066,41,62,2,ps10_v2_p027,0.1077428013086319,1
2067,41,63,2,ps10_v2_p027,0.1077428013086319,1
2068,41,64,2,ps10_v2_p027,0.1077428013086319,1
2069,41,65,2,ps10_v2_p027,0.1077428013086319,1
2070,41,66,2,ps10_v2_p027,0.1077428013086319,1
2071,41,67,2,ps10_v2_p027,0.1077428013086319,1
2072,41,68,2,ps10_v2_p027,0.1077428013086319,1
2073,41,69,2,ps10_v2_p027,0.1077428013086319,1
2074,41,70,2,ps10_v2_p028,0.1068531721830368,1
2075,41,71,2,ps10_v2_p028,0.1068531721830368,1
2076,41,72,2,ps10_v2_p028,0.1068531721830368,1
2077,41,73,2,ps10_v2_p028,0.1068531721830368,1
2078,41,74,2,ps10_v2_p028,0.1068531721830368,1
2079,41,75,2,ps10_v2_p028,0.1068531721830368,1
2080,41,76,2,ps10_v2_p028,0.1068531721830368,1
2081,41,77,2,ps10_v2_p028,0.1068531721830368,1
2082,41,78,2,ps10_v2_p028,0.1068531721830368,1
2083,41,81,2,ps10_v2_p029,0.07719051092863083,1
2084,41,83,2,ps10_v2_p029,0.07719051092863083,1
2085,41,85,2,ps10_v2_p029,0.07719051092863083,1
2086,41,86,2,ps10_v2_p029,0.07719051092863083,1
2087,41,87,2,ps10_v2_p029,0.07719051092863083,1
2088,41,88,2,ps10_v2_p029,0.07719051092863083,1
2089,41,89,2,ps10_v2_p029,0.07719051092863083,1
2090,41,90,2,ps10_v2_p030,0.0751272663474083,1
2091,41,91,2,ps10_v2_p030,0.0751272663474083,1
2092,41,92,2,ps10_v2_p030,0.0751272663474083,1
2093,41,94,2,ps10_v2_p030,0.0751272663474083,1
2094,41,110,3,,,0
2095,41,116,3,ps10_v2_p097,0.11312031745910645,1
2096,42,8,2,ps10_v2_p021,0.09459203481674194,1
2097,42,9,2,ps10_v2_p021,0.09459203481674194,1
2098,42,10,2,ps10_v2_p022,0.13349862396717072,1
2099,42,11,2,ps10_v2_p022,0.13349862396717072,1
2100,42,12,2,ps10_v2_p022,0.13349862396717072,1
2101,42,13,2,ps10_v2_p022,0.13349862396717072,1
2102,42,14,2,ps10_v2_p022,0.13349862396717072,1
2103,42,15,2,ps10_v2_p022,0.13349862396717072,1
2104,42,16,2,ps10_v2_p022,0.13349862396717072,1
2105,42,17,2,ps10_v2_p022,0.13349862396717072,1
2106,42,18,2,ps10_v2_p022,0.13349862396717072,1
2107,42,19,2,ps10_v2_p022,0.13349862396717072,1
2108,42,20,2,ps10_v2_p023,0.11417277902364731,1
2109,42,21,2,ps10_v2_p023,0.11417277902364731,1
2110,42,22,2,ps10_v2_p023,0.11417277902364731,1
2111,42,23,2,ps10_v2_p023,0.11417277902364731,1
2112,42,24,2,ps10_v2_p023,0.11417277902364731,1
2113,42,25,2,ps10_v2_p023,0.11417277902364731,1
2114,42,26,2,ps10_v2_p023,0.11417277902364731,1
2115,42,27,2,ps10_v2_p023,0.11417277902364731,1
2116,42,28,2,ps10_v2_p023,0.11417277902364731,1
2117,42,29,2,ps10_v2_p023,0.11417277902364731,1
2118,42,30,2,ps10_v2_p024,0.11586709320545197,1
2119,42,31,2,ps10_v2_p024,0.11586709320545197,1
2120,42,32,2,ps10_v2_p024,0.11586709320545197,1
2121,42,33,2,ps10_v2_p024,0.11586709320545197,1
2122,42,34,2,ps10_v2_p024,0.11586709320545197,1
2123,42,35,2,ps10_v2_p024,0.11586709320545197,1
2124,42,36,2,ps10_v2_p024,0.11586709320545197,1
2125,42,37,2,ps10_v2_p024,0.11586709320545197,1
2126,42,38,2,ps10_v2_p024,0.11586709320545197,1
2127,42,39,2,ps10_v2_p024,0.11586709320545197,1
2128,42,40,2,ps10_v2_p025,0.13403438031673431,1
2129,42,41,2,ps10_v2_p025,0.13403438031673431,1
2130,42,42,2,ps10_v2_p025,0.13403438031673431,1
2131,42,43,2,ps10_v2_p025,0.13403438031673431,1
2132,42,44,2,ps10_v2_p025,0.13403438031673431,1
2133,42,45,2,ps10_v2_p025,0.13403438031673431,1
2134,42,46,2,ps10_v2_p025,0.13403438031673431,1
2135,42,47,2,ps10_v2_p025,0.13403438031673431,1
2136,42,48,2,ps10_v2_p025,0.13403438031673431,1
2137,42,49,2,ps10_v2_p025,0.13403438031673431,1
2138,42,50,2,ps10_v2_p026,0.11675342917442322,1
2139,42,51,2,ps10_v2_p026,0.11675342917442322,1
2140,42,52,2,ps10_v2_p026,0.11675342917442322,1
2141,42,53,2,ps10_v2_p026,0.11675342917442322,1
2142,42,54,2,ps10_v2_p026,0.11675342917442322,1
2143,42,55,2,ps10_v2_p026,0.11675342917442322,1
2144,42,56,2,ps10_v2_p026,0.11675342917442322,1
2145,42,57,2,ps10_v2_p026,0.11675342917442322,1
2146,42,58,2,ps10_v2_p026,0.11675342917442322,1
2147,42,59,2,ps10_v2_p026,0.11675342917442322,1
2148,42,60,2,ps10_v2_p027,0.1077428013086319,1
2149,42,61,2,ps10_v2_p027,0.1077428013086319,1
2150,42,62,2,ps10_v2_p027,0.1077428013086319,1
2151,42,63,2,ps10_v2_p027,0.1077428013086319,1
2152,42,64,2,ps10_v2_p027,0.1077428013086319,1
2153,42,65,2,ps10_v2_p027,0.1077428013086319,1
2154,42,66,2,ps10_v2_p027,0.1077428013086319,1
2155,42,67,2,ps10_v2_p027,0.1077428013086319,1
2156,42,68,2,ps10_v2_p027,0.1077428013086319,1
2157,42,69,2,ps10_v2_p027,0.1077428013086319,1
2158,42,70,2,ps10_v2_p028,0.1068531721830368,1
2159,42,71,2,ps10_v2_p028,0.1068531721830368,1
2160,42,72,2,ps10_v2_p028,0.1068531721830368,1
2161,42,73,2,ps10_v2_p028,0.1068531721830368,1
2162,42,74,2,ps10_v2_p028,0.1068531721830368,1
2163,42,75,2,ps10_v2_p028,0.1068531721830368,1
2164,42,76,2,ps10_v2_p028,0.1068531721830368,1
2165,42,77,2,ps10_v2_p028,0.1068531721830368,1
2166,42,78,2,ps10_v2_p028,0.1068531721830368,1
2167,42,79,2,ps10_v2_p028,0.1068531721830368,1
2168,42,81,2,ps10_v2_p029,0.07719051092863083,1
2169,42,82,2,ps10_v2_p029,0.07719051092863083,1
2170,42,85,2,ps10_v2_p029,0.07719051092863083,1
2171,42,86,2,ps10_v2_p029,0.07719051092863083,1
2172,42,87,2,ps10_v2_p029,0.07719051092863083,1
2173,42,88,2,ps10_v2_p029,0.07719051092863083,1
2174,42,89,2,ps10_v2_p029,0.07719051092863083,1
2175,42,90,2,ps10_v2_p030,0.0751272663474083,1
2176,42,91,2,ps10_v2_p030,0.0751272663474083,1
2177,42,92,2,ps10_v2_p030,0.0751272663474083,1
2178,42,110,3,,,0
2179,42,116,3,ps10_v2_p097,0.11312031745910645,1
2180,42,118,3,ps10_v2_p097,0.11312031745910645,1
2181,43,7,2,ps10_v2_p021,0.09459203481674194,1
2182,43,8,2,ps10_v2_p021,0.09459203481674194,1
2183,43,9,2,ps10_v2_p021,0.09459203481674194,1
2184,43,10,2,ps10_v2_p022,0.13349862396717072,1
2185,43,11,2,ps10_v2_p022,0.13349862396717072,1
2186,43,12,2,ps10_v2_p022,0.13349862396717072,1
2187,43,13,2,ps10_v2_p022,0.13349862396717072,1
2188,43,14,2,ps10_v2_p022,0.13349862396717072,1
2189,43,15,2,ps10_v2_p022,0.13349862396717072,1
2190,43,16,2,ps10_v2_p022,0.13349862396717072,1
2191,43,17,2,ps10_v2_p022,0.13349862396717072,1
2192,43,18,2,ps10_v2_p022,0.13349862396717072,1
2193,43,19,2,ps10_v2_p022,0.13349862396717072,1
2194,43,20,2,ps10_v2_p023,0.11417277902364731,1
2195,43,21,2,ps10_v2_p023,0.11417277902364731,1
2196,43,22,2,ps10_v2_p023,0.11417277902364731,1
2197,43,23,2,ps10_v2_p023,0.11417277902364731,1
2198,43,24,2,ps10_v2_p023,0.11417277902364731,1
2199,43,25,2,ps10_v2_p023,0.11417277902364731,1
2200,43,26,2,ps10_v2_p023,0.11417277902364731,1
2201,43,27,2,ps10_v2_p023,0.11417277902364731,1
2202,43,28,2,ps10_v2_p023,0.11417277902364731,1
2203,43,29,2,ps10_v2_p023,0.11417277902364731,1
2204,43,30,2,ps10_v2_p024,0.11586709320545197,1
2205,43,31,2,ps10_v2_p024,0.11586709320545197,1
2206,43,32,2,ps10_v2_p024,0.11586709320545197,1
2207,43,33,2,ps10_v2_p024,0.11586709320545197,1
2208,43,34,2,ps10_v2_p024,0.11586709320545197,1
2209,43,35,2,ps10_v2_p024,0.11586709320545197,1
2210,43,36,2,ps10_v2_p024,0.11586709320545197,1
2211,43,37,2,ps10_v2_p024,0.11586709320545197,1
2212,43,38,2,ps10_v2_p024,0.11586709320545197,1
2213,43,39,2,ps10_v2_p024,0.11586709320545197,1
2214,43,40,2,ps10_v2_p025,0.13403438031673431,1
2215,43,41,2,ps10_v2_p025,0.13403438031673431,1
2216,43,42,2,ps10_v2_p025,0.13403438031673431,1
2217,43,43,2,ps10_v2_p025,0.13403438031673431,1
2218,43,44,2,ps10_v2_p025,0.13403438031673431,1
2219,43,45,2,ps10_v2_p025,0.13403438031673431,1
2220,43,46,2,ps10_v2_p025,0.13403438031673431,1
2221,43,47,2,ps10_v2_p025,0.13403438031673431,1
2222,43,48,2,ps10_v2_p025,0.13403438031673431,1
2223,43,49,2,ps10_v2_p025,0.13403438031673431,1
2224,43,50,2,ps10_v2_p026,0.11675342917442322,1
2225,43,51,2,ps10_v2_p026,0.11675342917442322,1
2226,43,52,2,ps10_v2_p026,0.11675342917442322,1
2227,43,53,2,ps10_v2_p026,0.11675342917442322,1
2228,43,54,2,ps10_v2_p026,0.11675342917442322,1
2229,43,55,2,ps10_v2_p026,0.11675342917442322,1
2230,43,56,2,ps10_v2_p026,0.11675342917442322,1
2231,43,57,2,ps10_v2_p026,0.11675342917442322,1
2232,43,58,2,ps10_v2_p026,0.11675342917442322,1
2233,43,59,2,ps10_v2_p026,0.11675342917442322,1
2234,43,60,2,ps10_v2_p027,0.1077428013086319,1
2235,43,61,2,ps10_v2_p027,0.1077428013086319,1
2236,43,62,2,ps10_v2_p027,0.1077428013086319,1
2237,43,63,2,ps10_v2_p027,0.1077428013086319,1
2238,43,64,2,ps10_v2_p027,0.1077428013086319,1
2239,43,65,2,ps10_v2_p027,0.1077428013086319,1
2240,43,66,2,ps10_v2_p027,0.1077428013086319,1
2241,43,67,2,ps10_v2_p027,0.1077428013086319,1
2242,43,68,2,ps10_v2_p027,0.1077428013086319,1
2243,43,69,2,ps10_v2_p027,0.1077428013086319,1
2244,43,70,2,ps10_v2_p028,0.1068531721830368,1
2245,43,71,2,ps10_v2_p028,0.1068531721830368,1
2246,43,72,2,ps10_v2_p028,0.1068531721830368,1
2247,43,73,2,ps10_v2_p028,0.1068531721830368,1
2248,43,74,2,ps10_v2_p028,0.1068531721830368,1
2249,43,75,2,ps10_v2_p028,0.1068531721830368,1
2250,43,76,2,ps10_v2_p028,0.1068531721830368,1
2251,43,77,2,ps10_v2_p028,0.1068531721830368,1
2252,43,78,2,ps10_v2_p028,0.1068531721830368,1
2253,43,80,2,ps10_v2_p029,0.07719051092863083,1
2254,43,81,2,ps10_v2_p029,0.07719051092863083,1
2255,43,82,2,ps10_v2_p029,0.07719051092863083,1
2256,43,84,2,ps10_v2_p029,0.07719051092863083,1
2257,43,85,2,ps10_v2_p029,0.07719051092863083,1
2258,43,86,2,ps10_v2_p029,0.07719051092863083,1
2259,43,87,2,ps10_v2_p029,0.07719051092863083,1
2260,43,88,2,ps10_v2_p029,0.07719051092863083,1
2261,43,117,3,ps10_v2_p097,0.11312031745910645,1
2262,44,7,2,ps10_v2_p031,0.12897394597530365,1
2263,44,9,2,ps10_v2_p031,0.12897394597530365,1
2264,44,10,2,ps10_v2_p032,0.1299489587545395,1
2265,44,11,2,ps10_v2_p032,0.1299489587545395,1
2266,44,12,2,ps10_v2_p032,0.1299489587545395,1
2267,44,13,2,ps10_v2_p032,0.1299489587545395,1
2268,44,14,2,ps10_v2_p032,0.1299489587545395,1
2269,44,15,2,ps10_v2_p032,0.1299489587545395,1
2270,44,16,2,ps10_v2_p032,0.1299489587545395,1
2271,44,17,2,ps10_v2_p032,0.1299489587545395,1
2272,44,18,2,ps10_v2_p032,0.1299489587545395,1
2273,44,19,2,ps10_v2_p032,0.1299489587545395,1
2274,44,20,2,ps10_v2_p033,0.12040070444345474,1
2275,44,21,2,ps10_v2_p033,0.12040070444345474,1
2276,44,22,2,ps10_v2_p033,0.12040070444345474,1
2277,44,23,2,ps10_v2_p033,0.12040070444345474,1
2278,44,24,2,ps10_v2_p033,0.12040070444345474,1
2279,44,25,2,ps10_v2_p033,0.12040070444345474,1
2280,44,26,2,ps10_v2_p033,0.12040070444345474,1
2281,44,27,2,ps10_v2_p033,0.12040070444345474,1
2282,44,28,2,ps10_v2_p033,0.12040070444345474,1
2283,44,29,2,ps10_v2_p033,0.12040070444345474,1
2284,44,30,2,ps10_v2_p034,0.12817557156085968,1
2285,44,31,2,ps10_v2_p034,0.12817557156085968,1
2286,44,32,2,ps10_v2_p034,0.12817557156085968,1
2287,44,33,2,ps10_v2_p034,0.12817557156085968,1
2288,44,34,2,ps10_v2_p034,0.12817557156085968,1
2289,44,35,2,ps10_v2_p034,0.12817557156085968,1
2290,44,36,2,ps10_v2_p034,0.12817557156085968,1
2291,44,37,2,ps10_v2_p034,0.12817557156085968,1
2292,44,38,2,ps10_v2_p034,0.12817557156085968,1
2293,44,39,2,ps10_v2_p034,0.12817557156085968,1
2294,44,40,2,ps10_v2_p035,0.122052401304245,1
2295,44,41,2,ps10_v2_p035,0.122052401304245,1
2296,44,42,2,ps10_v2_p035,0.122052401304245,1
2297,44,43,2,ps10_v2_p035,0.122052401304245,1
2298,44,44,2,ps10_v2_p035,0.122052401304245,1
2299,44,45,2,ps10_v2_p035,0.122052401304245,1
2300,44,46,2,ps10_v2_p035,0.122052401304245,1
2301,44,47,2,ps10_v2_p035,0.122052401304245,1
2302,44,48,2,ps10_v2_p035,0.122052401304245,1
2303,44,49,2,ps10_v2_p035,0.122052401304245,1
2304,44,50,2,ps10_v2_p036,0.14983005821704865,1
2305,44,51,2,ps10_v2_p036,0.14983005821704865,1
2306,44,52,2,ps10_v2_p036,0.14983005821704865,1
2307,44,53,2,ps10_v2_p036,0.14983005821704865,1
2308,44,54,2,ps10_v2_p036,0.14983005821704865,1
2309,44,55,2,ps10_v2_p036,0.14983005821704865,1
2310,44,56,2,ps10_v2_p036,0.14983005821704865,1
2311,44,57,2,ps10_v2_p036,0.14983005821704865,1
2312,44,58,2,ps10_v2_p036,0.14983005821704865,1
2313,44,59,2,ps10_v2_p036,0.14983005821704865,1
2314,44,60,2,ps10_v2_p037,0.1348414123058319,1
2315,44,61,2,ps10_v2_p037,0.1348414123058319,1
2316,44,62,2,ps10_v2_p037,0.1348414123058319,1
2317,44,63,2,ps10_v2_p037,0.1348414123058319,1
2318,44,64,2,ps10_v2_p037,0.1348414123058319,1
2319,44,65,2,ps10_v2_p037,0.1348414123058319,1
2320,44,66,2,ps10_v2_p037,0.1348414123058319,1
2321,44,67,2,ps10_v2_p037,0.1348414123058319,1
2322,44,68,2,ps10_v2_p037,0.1348414123058319,1
2323,44,69,2,ps10_v2_p037,0.1348414123058319,1
2324,44,70,2,ps10_v2_p038,0.09893573075532913,1
2325,44,71,2,ps10_v2_p038,0.09893573075532913,1
2326,44,72,2,ps10_v2_p038,0.09893573075532913,1
2327,44,73,2,ps10_v2_p038,0.09893573075532913,1
2328,44,74,2,ps10_v2_p038,0.09893573075532913,1
2329,44,75,2,ps10_v2_p038,0.09893573075532913,1
2330,44,76,2,ps10_v2_p038,0.09893573075532913,1
2331,44,77,2,ps10_v2_p038,0.09893573075532913,1
2332,44,80,2,ps10_v2_p039,0.0965966209769249,1
2333,44,81,2,ps10_v2_p039,0.0965966209769249,1
2334,44,83,2,ps10_v2_p039,0.0965966209769249,1
2335,44,84,2,ps10_v2_p039,0.0965966209769249,1
2336,44,85,2,ps10_v2_p039,0.0965966209769249,1
2337,44,86,2,ps10_v2_p039,0.0965966209769249,1
2338,44,87,2,ps10_v2_p039,0.0965966209769249,1
2339,44,111,3,,,0
2340,44,112,3,,,0
2341,44,118,3,ps10_v2_p097,0.11312031745910645,1
2342,44,159,3,,,0
2343,44,194,3,,,0
2344,45,9,2,ps10_v2_p031,0.12897394597530365,1
2345,45,10,2,ps10_v2_p032,0.1299489587545395,1
2346,45,11,2,ps10_v2_p032,0.1299489587545395,1
2347,45,12,2,ps10_v2_p032,0.1299489587545395,1
2348,45,13,2,ps10_v2_p032,0.1299489587545395,1
2349,45,14,2,ps10_v2_p032,0.1299489587545395,1
2350,45,15,2,ps10_v2_p032,0.1299489587545395,1
2351,45,16,2,ps10_v2_p032,0.1299489587545395,1
2352,45,17,2,ps10_v2_p032,0.1299489587545395,1
2353,45,18,2,ps10_v2_p032,0.1299489587545395,1
2354,45,19,2,ps10_v2_p032,0.1299489587545395,1
2355,45,20,2,ps10_v2_p033,0.12040070444345474,1
2356,45,21,2,ps10_v2_p033,0.12040070444345474,1
2357,45,22,2,ps10_v2_p033,0.12040070444345474,1
2358,45,23,2,ps10_v2_p033,0.12040070444345474,1
2359,45,24,2,ps10_v2_p033,0.12040070444345474,1
2360,45,25,2,ps10_v2_p033,0.12040070444345474,1
2361,45,26,2,ps10_v2_p033,0.12040070444345474,1
2362,45,27,2,ps10_v2_p033,0.12040070444345474,1
2363,45,28,2,ps10_v2_p033,0.12040070444345474,1
2364,45,29,2,ps10_v2_p033,0.12040070444345474,1
2365,45,30,2,ps10_v2_p034,0.12817557156085968,1
2366,45,31,2,ps10_v2_p034,0.12817557156085968,1
2367,45,32,2,ps10_v2_p034,0.12817557156085968,1
2368,45,33,2,ps10_v2_p034,0.12817557156085968,1
2369,45,34,2,ps10_v2_p034,0.12817557156085968,1
2370,45,35,2,ps10_v2_p034,0.12817557156085968,1
2371,45,36,2,ps10_v2_p034,0.12817557156085968,1
2372,45,37,2,ps10_v2_p034,0.12817557156085968,1
2373,45,38,2,ps10_v2_p034,0.12817557156085968,1
2374,45,39,2,ps10_v2_p034,0.12817557156085968,1
2375,45,40,2,ps10_v2_p035,0.122052401304245,1
2376,45,41,2,ps10_v2_p035,0.122052401304245,1
2377,45,42,2,ps10_v2_p035,0.122052401304245,1
2378,45,43,2,ps10_v2_p035,0.122052401304245,1
2379,45,44,2,ps10_v2_p035,0.122052401304245,1
2380,45,45,2,ps10_v2_p035,0.122052401304245,1
2381,45,46,2,ps10_v2_p035,0.122052401304245,1
2382,45,47,2,ps10_v2_p035,0.122052401304245,1
2383,45,48,2,ps10_v2_p035,0.122052401304245,1
2384,45,49,2,ps10_v2_p035,0.122052401304245,1
2385,45,50,2,ps10_v2_p036,0.14983005821704865,1
2386,45,51,2,ps10_v2_p036,0.14983005821704865,1
2387,45,52,2,ps10_v2_p036,0.14983005821704865,1
2388,45,53,2,ps10_v2_p036,0.14983005821704865,1
2389,45,54,2,ps10_v2_p036,0.14983005821704865,1
2390,45,55,2,ps10_v2_p036,0.14983005821704865,1
2391,45,56,2,ps10_v2_p036,0.14983005821704865,1
2392,45,57,2,ps10_v2_p036,0.14983005821704865,1
2393,45,58,2,ps10_v2_p036,0.14983005821704865,1
2394,45,59,2,ps10_v2_p036,0.14983005821704865,1
2395,45,60,2,ps10_v2_p037,0.1348414123058319,1
2396,45,61,2,ps10_v2_p037,0.1348414123058319,1
2397,45,62,2,ps10_v2_p037,0.1348414123058319,1
2398,45,63,2,ps10_v2_p037,0.1348414123058319,1
2399,45,64,2,ps10_v2_p037,0.1348414123058319,1
2400,45,65,2,ps10_v2_p037,0.1348414123058319,1
2401,45,66,2,ps10_v2_p037,0.1348414123058319,1
2402,45,67,2,ps10_v2_p037,0.1348414123058319,1
2403,45,68,2,ps10_v2_p037,0.1348414123058319,1
2404,45,69,2,ps10_v2_p037,0.1348414123058319,1
2405,45,70,2,ps10_v2_p038,0.09893573075532913,1
2406,45,71,2,ps10_v2_p038,0.09893573075532913,1
2407,45,72,2,ps10_v2_p038,0.09893573075532913,1
2408,45,73,2,ps10_v2_p038,0.09893573075532913,1
2409,45,74,2,ps10_v2_p038,0.09893573075532913,1
2410,45,76,2,ps10_v2_p038,0.09893573075532913,1
2411,45,77,2,ps10_v2_p038,0.09893573075532913,1
2412,45,80,2,ps10_v2_p039,0.0965966209769249,1
2413,45,81,2,ps10_v2_p039,0.0965966209769249,1
2414,45,82,2,ps10_v2_p039,0.0965966209769249,1
2415,45,83,2,ps10_v2_p039,0.0965966209769249,1
2416,45,84,2,ps10_v2_p039,0.0965966209769249,1
2417,45,85,2,ps10_v2_p039,0.0965966209769249,1
2418,45,111,3,,,0
2419,45,112,3,,,0
2420,45,118,3,ps10_v2_p097,0.11312031745910645,1
2421,45,121,3,ps10_v2_p097,0.11312031745910645,1
2422,45,159,3,,,0
2423,45,194,3,,,0
2424,46,9,2,ps10_v2_p031,0.12897394597530365,1
2425,46,10,2,ps10_v2_p032,0.1299489587545395,1
2426,46,11,2,ps10_v2_p032,0.1299489587545395,1
2427,46,12,2,ps10_v2_p032,0.1299489587545395,1
2428,46,13,2,ps10_v2_p032,0.1299489587545395,1
2429,46,14,2,ps10_v2_p032,0.1299489587545395,1
2430,46,15,2,ps10_v2_p032,0.1299489587545395,1
2431,46,16,2,ps10_v2_p032,0.1299489587545395,1
2432,46,17,2,ps10_v2_p032,0.1299489587545395,1
2433,46,18,2,ps10_v2_p032,0.1299489587545395,1
2434,46,19,2,ps10_v2_p032,0.1299489587545395,1
2435,46,20,2,ps10_v2_p033,0.12040070444345474,1
2436,46,21,2,ps10_v2_p033,0.12040070444345474,1
2437,46,22,2,ps10_v2_p033,0.12040070444345474,1
2438,46,23,2,ps10_v2_p033,0.12040070444345474,1
2439,46,24,2,ps10_v2_p033,0.12040070444345474,1
2440,46,25,2,ps10_v2_p033,0.12040070444345474,1
2441,46,26,2,ps10_v2_p033,0.12040070444345474,1
2442,46,27,2,ps10_v2_p033,0.12040070444345474,1
2443,46,28,2,ps10_v2_p033,0.12040070444345474,1
2444,46,29,2,ps10_v2_p033,0.12040070444345474,1
2445,46,30,2,ps10_v2_p034,0.12817557156085968,1
2446,46,31,2,ps10_v2_p034,0.12817557156085968,1
2447,46,32,2,ps10_v2_p034,0.12817557156085968,1
2448,46,33,2,ps10_v2_p034,0.12817557156085968,1
2449,46,34,2,ps10_v2_p034,0.12817557156085968,1
2450,46,35,2,ps10_v2_p034,0.12817557156085968,1
2451,46,36,2,ps10_v2_p034,0.12817557156085968,1
2452,46,37,2,ps10_v2_p034,0.12817557156085968,1
2453,46,38,2,ps10_v2_p034,0.12817557156085968,1
2454,46,39,2,ps10_v2_p034,0.12817557156085968,1
2455,46,40,2,ps10_v2_p035,0.122052401304245,1
2456,46,41,2,ps10_v2_p035,0.122052401304245,1
2457,46,42,2,ps10_v2_p035,0.122052401304245,1
2458,46,43,2,ps10_v2_p035,0.122052401304245,1
2459,46,44,2,ps10_v2_p035,0.122052401304245,1
2460,46,45,2,ps10_v2_p035,0.122052401304245,1
2461,46,46,2,ps10_v2_p035,0.122052401304245,1
2462,46,47,2,ps10_v2_p035,0.122052401304245,1
2463,46,48,2,ps10_v2_p035,0.122052401304245,1
2464,46,49,2,ps10_v2_p035,0.122052401304245,1
2465,46,50,2,ps10_v2_p036,0.14983005821704865,1
2466,46,51,2,ps10_v2_p036,0.14983005821704865,1
2467,46,52,2,ps10_v2_p036,0.14983005821704865,1
2468,46,53,2,ps10_v2_p036,0.14983005821704865,1
2469,46,54,2,ps10_v2_p036,0.14983005821704865,1
2470,46,55,2,ps10_v2_p036,0.14983005821704865,1
2471,46,56,2,ps10_v2_p036,0.14983005821704865,1
2472,46,57,2,ps10_v2_p036,0.14983005821704865,1
2473,46,58,2,ps10_v2_p036,0.14983005821704865,1
2474,46,59,2,ps10_v2_p036,0.14983005821704865,1
2475,46,60,2,ps10_v2_p037,0.1348414123058319,1
2476,46,61,2,ps10_v2_p037,0.1348414123058319,1
2477,46,62,2,ps10_v2_p037,0.1348414123058319,1
2478,46,63,2,ps10_v2_p037,0.1348414123058319,1
2479,46,64,2,ps10_v2_p037,0.1348414123058319,1
2480,46,65,2,ps10_v2_p037,0.1348414123058319,1
2481,46,66,2,ps10_v2_p037,0.1348414123058319,1
2482,46,67,2,ps10_v2_p037,0.1348414123058319,1
2483,46,68,2,ps10_v2_p037,0.1348414123058319,1
2484,46,69,2,ps10_v2_p037,0.1348414123058319,1
2485,46,70,2,ps10_v2_p038,0.09893573075532913,1
2486,46,71,2,ps10_v2_p038,0.09893573075532913,1
2487,46,72,2,ps10_v2_p038,0.09893573075532913,1
2488,46,73,2,ps10_v2_p038,0.09893573075532913,1
2489,46,74,2,ps10_v2_p038,0.09893573075532913,1
2490,46,75,2,ps10_v2_p038,0.09893573075532913,1
2491,46,76,2,ps10_v2_p038,0.09893573075532913,1
2492,46,77,2,ps10_v2_p038,0.09893573075532913,1
2493,46,80,2,ps10_v2_p039,0.0965966209769249,1
2494,46,81,2,ps10_v2_p039,0.0965966209769249,1
2495,46,82,2,ps10_v2_p039,0.0965966209769249,1
2496,46,83,2,ps10_v2_p039,0.0965966209769249,1
2497,46,84,2,ps10_v2_p039,0.0965966209769249,1
2498,46,85,2,ps10_v2_p039,0.0965966209769249,1
2499,46,92,2,,,0
2500,46,112,3,,,0
2501,46,114,3,ps10_v2_p097,0.11312031745910645,1
2502,46,196,3,,,0
2503,47,8,2,ps10_v2_p031,0.12897394597530365,1
2504,47,9,2,ps10_v2_p031,0.12897394597530365,1
2505,47,10,2,ps10_v2_p032,0.1299489587545395,1
2506,47,11,2,ps10_v2_p032,0.1299489587545395,1
2507,47,12,2,ps10_v2_p032,0.1299489587545395,1
2508,47,13,2,ps10_v2_p032,0.1299489587545395,1
2509,47,14,2,ps10_v2_p032,0.1299489587545395,1
2510,47,15,2,ps10_v2_p032,0.1299489587545395,1
2511,47,16,2,ps10_v2_p032,0.1299489587545395,1
2512,47,17,2,ps10_v2_p032,0.1299489587545395,1
2513,47,18,2,ps10_v2_p032,0.1299489587545395,1
2514,47,19,2,ps10_v2_p032,0.1299489587545395,1
2515,47,20,2,ps10_v2_p033,0.12040070444345474,1
2516,47,21,2,ps10_v2_p033,0.12040070444345474,1
2517,47,22,2,ps10_v2_p033,0.12040070444345474,1
2518,47,23,2,ps10_v2_p033,0.12040070444345474,1
2519,47,24,2,ps10_v2_p033,0.12040070444345474,1
2520,47,25,2,ps10_v2_p033,0.12040070444345474,1
2521,47,26,2,ps10_v2_p033,0.12040070444345474,1
2522,47,27,2,ps10_v2_p033,0.12040070444345474,1
2523,47,28,2,ps10_v2_p033,0.12040070444345474,1
2524,47,29,2,ps10_v2_p033,0.12040070444345474,1
2525,47,30,2,ps10_v2_p034,0.12817557156085968,1
2526,47,31,2,ps10_v2_p034,0.12817557156085968,1
2527,47,32,2,ps10_v2_p034,0.12817557156085968,1
2528,47,33,2,ps10_v2_p034,0.12817557156085968,1
2529,47,34,2,ps10_v2_p034,0.12817557156085968,1
2530,47,35,2,ps10_v2_p034,0.12817557156085968,1
2531,47,36,2,ps10_v2_p034,0.12817557156085968,1
2532,47,37,2,ps10_v2_p034,0.12817557156085968,1
2533,47,38,2,ps10_v2_p034,0.12817557156085968,1
2534,47,39,2,ps10_v2_p034,0.12817557156085968,1
2535,47,40,2,ps10_v2_p035,0.122052401304245,1
2536,47,41,2,ps10_v2_p035,0.122052401304245,1
2537,47,42,2,ps10_v2_p035,0.122052401304245,1
2538,47,43,2,ps10_v2_p035,0.122052401304245,1
2539,47,44,2,ps10_v2_p035,0.122052401304245,1
2540,47,45,2,ps10_v2_p035,0.122052401304245,1
2541,47,46,2,ps10_v2_p035,0.122052401304245,1
2542,47,47,2,ps10_v2_p035,0.122052401304245,1
2543,47,48,2,ps10_v2_p035,0.122052401304245,1
2544,47,49,2,ps10_v2_p035,0.122052401304245,1
2545,47,50,2,ps10_v2_p036,0.14983005821704865,1
2546,47,51,2,ps10_v2_p036,0.14983005821704865,1
2547,47,52,2,ps10_v2_p036,0.14983005821704865,1
2548,47,53,2,ps10_v2_p036,0.14983005821704865,1
2549,47,54,2,ps10_v2_p036,0.14983005821704865,1
2550,47,55,2,ps10_v2_p036,0.14983005821704865,1
2551,47,56,2,ps10_v2_p036,0.14983005821704865,1
2552,47,57,2,ps10_v2_p036,0.14983005821704865,1
2553,47,58,2,ps10_v2_p036,0.14983005821704865,1
2554,47,59,2,ps10_v2_p036,0.14983005821704865,1
2555,47,60,2,ps10_v2_p037,0.1348414123058319,1
2556,47,61,2,ps10_v2_p037,0.1348414123058319,1
2557,47,62,2,ps10_v2_p037,0.1348414123058319,1
2558,47,63,2,ps10_v2_p037,0.1348414123058319,1
2559,47,64,2,ps10_v2_p037,0.1348414123058319,1
2560,47,65,2,ps10_v2_p037,0.1348414123058319,1
2561,47,66,2,ps10_v2_p037,0.1348414123058319,1
2562,47,67,2,ps10_v2_p037,0.1348414123058319,1
2563,47,68,2,ps10_v2_p037,0.1348414123058319,1
2564,47,69,2,ps10_v2_p037,0.1348414123058319,1
2565,47,70,2,ps10_v2_p038,0.09893573075532913,1
2566,47,71,2,ps10_v2_p038,0.09893573075532913,1
2567,47,72,2,ps10_v2_p038,0.09893573075532913,1
2568,47,73,2,ps10_v2_p038,0.09893573075532913,1
2569,47,74,2,ps10_v2_p038,0.09893573075532913,1
2570,47,75,2,ps10_v2_p038,0.09893573075532913,1
2571,47,78,2,ps10_v2_p038,0.09893573075532913,1
2572,47,79,2,ps10_v2_p038,0.09893573075532913,1
2573,47,80,2,ps10_v2_p039,0.0965966209769249,1
2574,47,81,2,ps10_v2_p039,0.0965966209769249,1
2575,47,82,2,ps10_v2_p039,0.0965966209769249,1
2576,47,83,2,ps10_v2_p039,0.0965966209769249,1
2577,47,84,2,ps10_v2_p039,0.0965966209769249,1
2578,47,89,2,ps10_v2_p039,0.0965966209769249,1
2579,47,91,2,,,0
2580,47,92,2,,,0
2581,47,112,3,,,0
2582,47,114,3,ps10_v2_p097,0.11312031745910645,1
2583,47,198,3,,,0
2584,48,8,2,ps10_v2_p031,0.12897394597530365,1
2585,48,9,2,ps10_v2_p031,0.12897394597530365,1
2586,48,10,2,ps10_v2_p032,0.1299489587545395,1
2587,48,11,2,ps10_v2_p032,0.1299489587545395,1
2588,48,12,2,ps10_v2_p032,0.1299489587545395,1
2589,48,13,2,ps10_v2_p032,0.1299489587545395,1
2590,48,14,2,ps10_v2_p032,0.1299489587545395,1
2591,48,15,2,ps10_v2_p032,0.1299489587545395,1
2592,48,16,2,ps10_v2_p032,0.1299489587545395,1
2593,48,17,2,ps10_v2_p032,0.1299489587545395,1
2594,48,18,2,ps10_v2_p032,0.1299489587545395,1
2595,48,19,2,ps10_v2_p032,0.1299489587545395,1
2596,48,20,2,ps10_v2_p033,0.12040070444345474,1
2597,48,21,2,ps10_v2_p033,0.12040070444345474,1
2598,48,22,2,ps10_v2_p033,0.12040070444345474,1
2599,48,23,2,ps10_v2_p033,0.12040070444345474,1
2600,48,24,2,ps10_v2_p033,0.12040070444345474,1
2601,48,25,2,ps10_v2_p033,0.12040070444345474,1
2602,48,26,2,ps10_v2_p033,0.12040070444345474,1
2603,48,27,2,ps10_v2_p033,0.12040070444345474,1
2604,48,28,2,ps10_v2_p033,0.12040070444345474,1
2605,48,29,2,ps10_v2_p033,0.12040070444345474,1
2606,48,30,2,ps10_v2_p034,0.12817557156085968,1
2607,48,31,2,ps10_v2_p034,0.12817557156085968,1
2608,48,32,2,ps10_v2_p034,0.12817557156085968,1
2609,48,33,2,ps10_v2_p034,0.12817557156085968,1
2610,48,34,2,ps10_v2_p034,0.12817557156085968,1
2611,48,35,2,ps10_v2_p034,0.12817557156085968,1
2612,48,36,2,ps10_v2_p034,0.12817557156085968,1
2613,48,37,2,ps10_v2_p034,0.12817557156085968,1
2614,48,38,2,ps10_v2_p034,0.12817557156085968,1
2615,48,39,2,ps10_v2_p034,0.12817557156085968,1
2616,48,40,2,ps10_v2_p035,0.122052401304245,1
2617,48,41,2,ps10_v2_p035,0.122052401304245,1
2618,48,42,2,ps10_v2_p035,0.122052401304245,1
2619,48,43,2,ps10_v2_p035,0.122052401304245,1
2620,48,44,2,ps10_v2_p035,0.122052401304245,1
2621,48,45,2,ps10_v2_p035,0.122052401304245,1
2622,48,46,2,ps10_v2_p035,0.122052401304245,1
2623,48,47,2,ps10_v2_p035,0.122052401304245,1
2624,48,48,2,ps10_v2_p035,0.122052401304245,1
2625,48,49,2,ps10_v2_p035,0.122052401304245,1
2626,48,50,2,ps10_v2_p036,0.14983005821704865,1
2627,48,51,2,ps10_v2_p036,0.14983005821704865,1
2628,48,52,2,ps10_v2_p036,0.14983005821704865,1
2629,48,53,2,ps10_v2_p036,0.14983005821704865,1
2630,48,54,2,ps10_v2_p036,0.14983005821704865,1
2631,48,55,2,ps10_v2_p036,0.14983005821704865,1
2632,48,56,2,ps10_v2_p036,0.14983005821704865,1
2633,48,57,2,ps10_v2_p036,0.14983005821704865,1
2634,48,58,2,ps10_v2_p036,0.14983005821704865,1
2635,48,59,2,ps10_v2_p036,0.14983005821704865,1
2636,48,60,2,ps10_v2_p037,0.1348414123058319,1
2637,48,61,2,ps10_v2_p037,0.1348414123058319,1
2638,48,62,2,ps10_v2_p037,0.1348414123058319,1
2639,48,63,2,ps10_v2_p037,0.1348414123058319,1
2640,48,64,2,ps10_v2_p037,0.1348414123058319,1
2641,48,65,2,ps10_v2_p037,0.1348414123058319,1
2642,48,66,2,ps10_v2_p037,0.1348414123058319,1
2643,48,67,2,ps10_v2_p037,0.1348414123058319,1
2644,48,68,2,ps10_v2_p037,0.1348414123058319,1
2645,48,69,2,ps10_v2_p037,0.1348414123058319,1
2646,48,70,2,ps10_v2_p038,0.09893573075532913,1
2647,48,71,2,ps10_v2_p038,0.09893573075532913,1
2648,48,72,2,ps10_v2_p038,0.09893573075532913,1
2649,48,73,2,ps10_v2_p038,0.09893573075532913,1
2650,48,74,2,ps10_v2_p038,0.09893573075532913,1
2651,48,78,2,ps10_v2_p038,0.09893573075532913,1
2652,48,79,2,ps10_v2_p038,0.09893573075532913,1
2653,48,80,2,ps10_v2_p039,0.0965966209769249,1
2654,48,81,2,ps10_v2_p039,0.0965966209769249,1
2655,48,82,2,ps10_v2_p039,0.0965966209769249,1
2656,48,83,2,ps10_v2_p039,0.0965966209769249,1
2657,48,84,2,ps10_v2_p039,0.0965966209769249,1
2658,48,89,2,ps10_v2_p039,0.0965966209769249,1
2659,48,91,2,,,0
2660,48,113,3,,,0
2661,48,114,3,ps10_v2_p097,0.11312031745910645,1
2662,48,126,3,,,0
2663,48,127,3,,,0
2664,48,195,3,,,0
2665,48,196,3,,,0
2666,49,9,2,ps10_v2_p031,0.12897394597530365,1
2667,49,10,2,ps10_v2_p032,0.1299489587545395,1
2668,49,11,2,ps10_v2_p032,0.1299489587545395,1
2669,49,12,2,ps10_v2_p032,0.1299489587545395,1
2670,49,13,2,ps10_v2_p032,0.1299489587545395,1
2671,49,14,2,ps10_v2_p032,0.1299489587545395,1
2672,49,15,2,ps10_v2_p032,0.1299489587545395,1
2673,49,16,2,ps10_v2_p032,0.1299489587545395,1
2674,49,17,2,ps10_v2_p032,0.1299489587545395,1
2675,49,18,2,ps10_v2_p032,0.1299489587545395,1
2676,49,19,2,ps10_v2_p032,0.1299489587545395,1
2677,49,20,2,ps10_v2_p033,0.12040070444345474,1
2678,49,21,2,ps10_v2_p033,0.12040070444345474,1
2679,49,22,2,ps10_v2_p033,0.12040070444345474,1
2680,49,23,2,ps10_v2_p033,0.12040070444345474,1
2681,49,24,2,ps10_v2_p033,0.12040070444345474,1
2682,49,25,2,ps10_v2_p033,0.12040070444345474,1
2683,49,26,2,ps10_v2_p033,0.12040070444345474,1
2684,49,27,2,ps10_v2_p033,0.12040070444345474,1
2685,49,28,2,ps10_v2_p033,0.12040070444345474,1
2686,49,29,2,ps10_v2_p033,0.12040070444345474,1
2687,49,30,2,ps10_v2_p034,0.12817557156085968,1
2688,49,31,2,ps10_v2_p034,0.12817557156085968,1
2689,49,32,2,ps10_v2_p034,0.12817557156085968,1
2690,49,33,2,ps10_v2_p034,0.12817557156085968,1
2691,49,34,2,ps10_v2_p034,0.12817557156085968,1
2692,49,35,2,ps10_v2_p034,0.12817557156085968,1
2693,49,36,2,ps10_v2_p034,0.12817557156085968,1
2694,49,37,2,ps10_v2_p034,0.12817557156085968,1
2695,49,38,2,ps10_v2_p034,0.12817557156085968,1
2696,49,39,2,ps10_v2_p034,0.12817557156085968,1
2697,49,40,2,ps10_v2_p035,0.122052401304245,1
2698,49,41,2,ps10_v2_p035,0.122052401304245,1
2699,49,42,2,ps10_v2_p035,0.122052401304245,1
2700,49,43,2,ps10_v2_p035,0.122052401304245,1
2701,49,44,2,ps10_v2_p035,0.122052401304245,1
2702,49,45,2,ps10_v2_p035,0.122052401304245,1
2703,49,46,2,ps10_v2_p035,0.122052401304245,1
2704,49,48,2,ps10_v2_p035,0.122052401304245,1
2705,49,49,2,ps10_v2_p035,0.122052401304245,1
2706,49,50,2,ps10_v2_p036,0.14983005821704865,1
2707,49,51,2,ps10_v2_p036,0.14983005821704865,1
2708,49,52,2,ps10_v2_p036,0.14983005821704865,1
2709,49,53,2,ps10_v2_p036,0.14983005821704865,1
2710,49,54,2,ps10_v2_p036,0.14983005821704865,1
2711,49,55,2,ps10_v2_p036,0.14983005821704865,1
2712,49,56,2,ps10_v2_p036,0.14983005821704865,1
2713,49,57,2,ps10_v2_p036,0.14983005821704865,1
2714,49,58,2,ps10_v2_p036,0.14983005821704865,1
2715,49,59,2,ps10_v2_p036,0.14983005821704865,1
2716,49,60,2,ps10_v2_p037,0.1348414123058319,1
2717,49,61,2,ps10_v2_p037,0.1348414123058319,1
2718,49,62,2,ps10_v2_p037,0.1348414123058319,1
2719,49,63,2,ps10_v2_p037,0.1348414123058319,1
2720,49,64,2,ps10_v2_p037,0.1348414123058319,1
2721,49,65,2,ps10_v2_p037,0.1348414123058319,1
2722,49,66,2,ps10_v2_p037,0.1348414123058319,1
2723,49,67,2,ps10_v2_p037,0.1348414123058319,1
2724,49,68,2,ps10_v2_p037,0.1348414123058319,1
2725,49,69,2,ps10_v2_p037,0.1348414123058319,1
2726,49,70,2,ps10_v2_p038,0.09893573075532913,1
2727,49,71,2,ps10_v2_p038,0.09893573075532913,1
2728,49,72,2,ps10_v2_p038,0.09893573075532913,1
2729,49,73,2,ps10_v2_p038,0.09893573075532913,1
2730,49,74,2,ps10_v2_p038,0.09893573075532913,1
2731,49,75,2,ps10_v2_p038,0.09893573075532913,1
2732,49,76,2,ps10_v2_p038,0.09893573075532913,1
2733,49,77,2,ps10_v2_p038,0.09893573075532913,1
2734,49,78,2,ps10_v2_p038,0.09893573075532913,1
2735,49,79,2,ps10_v2_p038,0.09893573075532913,1
2736,49,80,2,ps10_v2_p039,0.0965966209769249,1
2737,49,81,2,ps10_v2_p039,0.0965966209769249,1
2738,49,82,2,ps10_v2_p039,0.0965966209769249,1
2739,49,85,2,ps10_v2_p039,0.0965966209769249,1
2740,49,86,2,ps10_v2_p039,0.0965966209769249,1
2741,49,89,2,ps10_v2_p039,0.0965966209769249,1
2742,49,114,3,ps10_v2_p097,0.11312031745910645,1
2743,49,116,3,ps10_v2_p097,0.11312031745910645,1
2744,49,123,3,ps10_v2_p097,0.11312031745910645,1
2745,49,197,3,,,0
2746,49,198,3,,,0
2747,50,11,2,ps10_v2_p032,0.1299489587545395,1
2748,50,12,2,ps10_v2_p032,0.1299489587545395,1
2749,50,13,2,ps10_v2_p032,0.1299489587545395,1
2750,50,14,2,ps10_v2_p032,0.1299489587545395,1
2751,50,15,2,ps10_v2_p032,0.1299489587545395,1
2752,50,16,2,ps10_v2_p032,0.1299489587545395,1
2753,50,17,2,ps10_v2_p032,0.1299489587545395,1
2754,50,18,2,ps10_v2_p032,0.1299489587545395,1
2755,50,19,2,ps10_v2_p032,0.1299489587545395,1
2756,50,20,2,ps10_v2_p033,0.12040070444345474,1
2757,50,21,2,ps10_v2_p033,0.12040070444345474,1
2758,50,22,2,ps10_v2_p033,0.12040070444345474,1
2759,50,23,2,ps10_v2_p033,0.12040070444345474,1
2760,50,24,2,ps10_v2_p033,0.12040070444345474,1
2761,50,25,2,ps10_v2_p033,0.12040070444345474,1
2762,50,26,2,ps10_v2_p033,0.12040070444345474,1
2763,50,27,2,ps10_v2_p033,0.12040070444345474,1
2764,50,28,2,ps10_v2_p033,0.12040070444345474,1
2765,50,29,2,ps10_v2_p033,0.12040070444345474,1
2766,50,30,2,ps10_v2_p034,0.12817557156085968,1
2767,50,31,2,ps10_v2_p034,0.12817557156085968,1
2768,50,32,2,ps10_v2_p034,0.12817557156085968,1
2769,50,33,2,ps10_v2_p034,0.12817557156085968,1
2770,50,34,2,ps10_v2_p034,0.12817557156085968,1
2771,50,35,2,ps10_v2_p034,0.12817557156085968,1
2772,50,36,2,ps10_v2_p034,0.12817557156085968,1
2773,50,37,2,ps10_v2_p034,0.12817557156085968,1
2774,50,38,2,ps10_v2_p034,0.12817557156085968,1
2775,50,39,2,ps10_v2_p034,0.12817557156085968,1
2776,50,40,2,ps10_v2_p035,0.122052401304245,1
2777,50,41,2,ps10_v2_p035,0.122052401304245,1
2778,50,42,2,ps10_v2_p035,0.122052401304245,1
2779,50,43,2,ps10_v2_p035,0.122052401304245,1
2780,50,44,2,ps10_v2_p035,0.122052401304245,1
2781,50,45,2,ps10_v2_p035,0.122052401304245,1
2782,50,46,2,ps10_v2_p035,0.122052401304245,1
2783,50,47,2,ps10_v2_p035,0.122052401304245,1
2784,50,48,2,ps10_v2_p035,0.122052401304245,1
2785,50,49,2,ps10_v2_p035,0.122052401304245,1
2786,50,50,2,ps10_v2_p036,0.14983005821704865,1
2787,50,51,2,ps10_v2_p036,0.14983005821704865,1
2788,50,52,2,ps10_v2_p036,0.14983005821704865,1
2789,50,53,2,ps10_v2_p036,0.14983005821704865,1
2790,50,54,2,ps10_v2_p036,0.14983005821704865,1
2791,50,55,2,ps10_v2_p036,0.14983005821704865,1
2792,50,56,2,ps10_v2_p036,0.14983005821704865,1
2793,50,57,2,ps10_v2_p036,0.14983005821704865,1
2794,50,58,2,ps10_v2_p036,0.14983005821704865,1
2795,50,59,2,ps10_v2_p036,0.14983005821704865,1
2796,50,60,2,ps10_v2_p037,0.1348414123058319,1
2797,50,61,2,ps10_v2_p037,0.1348414123058319,1
2798,50,62,2,ps10_v2_p037,0.1348414123058319,1
2799,50,63,2,ps10_v2_p037,0.1348414123058319,1
2800,50,64,2,ps10_v2_p037,0.1348414123058319,1
2801,50,65,2,ps10_v2_p037,0.1348414123058319,1
2802,50,66,2,ps10_v2_p037,0.1348414123058319,1
2803,50,67,2,ps10_v2_p037,0.1348414123058319,1
2804,50,68,2,ps10_v2_p037,0.1348414123058319,1
2805,50,69,2,ps10_v2_p037,0.1348414123058319,1
2806,50,70,2,ps10_v2_p038,0.09893573075532913,1
2807,50,71,2,ps10_v2_p038,0.09893573075532913,1
2808,50,72,2,ps10_v2_p038,0.09893573075532913,1
2809,50,73,2,ps10_v2_p038,0.09893573075532913,1
2810,50,74,2,ps10_v2_p038,0.09893573075532913,1
2811,50,75,2,ps10_v2_p038,0.09893573075532913,1
2812,50,76,2,ps10_v2_p038,0.09893573075532913,1
2813,50,77,2,ps10_v2_p038,0.09893573075532913,1
2814,50,78,2,ps10_v2_p038,0.09893573075532913,1
2815,50,79,2,ps10_v2_p038,0.09893573075532913,1
2816,50,80,2,ps10_v2_p039,0.0965966209769249,1
2817,50,81,2,ps10_v2_p039,0.0965966209769249,1
2818,50,82,2,ps10_v2_p039,0.0965966209769249,1
2819,50,83,2,ps10_v2_p039,0.0965966209769249,1
2820,50,85,2,ps10_v2_p039,0.0965966209769249,1
2821,50,113,3,,,0
2822,50,114,3,ps10_v2_p098,0.10037005692720413,1
2823,50,115,3,ps10_v2_p098,0.10037005692720413,1
2824,50,116,3,ps10_v2_p098,0.10037005692720413,1
2825,50,117,3,ps10_v2_p098,0.10037005692720413,1
2826,50,123,3,ps10_v2_p098,0.10037005692720413,1
2827,50,125,3,ps10_v2_p099,0.08176159858703613,1
2828,50,126,3,ps10_v2_p099,0.08176159858703613,1
2829,50,197,3,ps10_v2_p100,0.07208104431629181,1
2830,50,201,3,ps10_v2_p100,0.07208104431629181,1
2831,50,205,3,,,0
2832,51,10,2,ps10_v2_p032,0.1299489587545395,1
2833,51,11,2,ps10_v2_p032,0.1299489587545395,1
2834,51,12,2,ps10_v2_p032,0.1299489587545395,1
2835,51,13,2,ps10_v2_p032,0.1299489587545395,1
2836,51,14,2,ps10_v2_p032,0.1299489587545395,1
2837,51,15,2,ps10_v2_p032,0.1299489587545395,1
2838,51,16,2,ps10_v2_p032,0.1299489587545395,1
2839,51,17,2,ps10_v2_p032,0.1299489587545395,1
2840,51,18,2,ps10_v2_p032,0.1299489587545395,1
2841,51,19,2,ps10_v2_p032,0.1299489587545395,1
2842,51,20,2,ps10_v2_p033,0.12040070444345474,1
2843,51,21,2,ps10_v2_p033,0.12040070444345474,1
2844,51,22,2,ps10_v2_p033,0.12040070444345474,1
2845,51,23,2,ps10_v2_p033,0.12040070444345474,1
2846,51,24,2,ps10_v2_p033,0.12040070444345474,1
2847,51,25,2,ps10_v2_p033,0.12040070444345474,1
2848,51,26,2,ps10_v2_p033,0.12040070444345474,1
2849,51,27,2,ps10_v2_p033,0.12040070444345474,1
2850,51,28,2,ps10_v2_p033,0.12040070444345474,1
2851,51,29,2,ps10_v2_p033,0.12040070444345474,1
2852,51,30,2,ps10_v2_p034,0.12817557156085968,1
2853,51,31,2,ps10_v2_p034,0.12817557156085968,1
2854,51,32,2,ps10_v2_p034,0.12817557156085968,1
2855,51,33,2,ps10_v2_p034,0.12817557156085968,1
2856,51,34,2,ps10_v2_p034,0.12817557156085968,1
2857,51,35,2,ps10_v2_p034,0.12817557156085968,1
2858,51,36,2,ps10_v2_p034,0.12817557156085968,1
2859,51,37,2,ps10_v2_p034,0.12817557156085968,1
2860,51,38,2,ps10_v2_p034,0.12817557156085968,1
2861,51,39,2,ps10_v2_p034,0.12817557156085968,1
2862,51,40,2,ps10_v2_p035,0.122052401304245,1
2863,51,41,2,ps10_v2_p035,0.122052401304245,1
2864,51,42,2,ps10_v2_p035,0.122052401304245,1
2865,51,43,2,ps10_v2_p035,0.122052401304245,1
2866,51,44,2,ps10_v2_p035,0.122052401304245,1
2867,51,45,2,ps10_v2_p035,0.122052401304245,1
2868,51,46,2,ps10_v2_p035,0.122052401304245,1
2869,51,47,2,ps10_v2_p035,0.122052401304245,1
2870,51,48,2,ps10_v2_p035,0.122052401304245,1
2871,51,49,2,ps10_v2_p035,0.122052401304245,1
2872,51,50,2,ps10_v2_p036,0.14983005821704865,1
2873,51,51,2,ps10_v2_p036,0.14983005821704865,1
2874,51,52,2,ps10_v2_p036,0.14983005821704865,1
2875,51,53,2,ps10_v2_p036,0.14983005821704865,1
2876,51,54,2,ps10_v2_p036,0.14983005821704865,1
2877,51,55,2,ps10_v2_p036,0.14983005821704865,1
2878,51,56,2,ps10_v2_p036,0.14983005821704865,1
2879,51,57,2,ps10_v2_p036,0.14983005821704865,1
2880,51,58,2,ps10_v2_p036,0.14983005821704865,1
2881,51,59,2,ps10_v2_p036,0.14983005821704865,1
2882,51,60,2,ps10_v2_p037,0.1348414123058319,1
2883,51,61,2,ps10_v2_p037,0.1348414123058319,1
2884,51,62,2,ps10_v2_p037,0.1348414123058319,1
2885,51,63,2,ps10_v2_p037,0.1348414123058319,1
2886,51,64,2,ps10_v2_p037,0.1348414123058319,1
2887,51,65,2,ps10_v2_p037,0.1348414123058319,1
2888,51,66,2,ps10_v2_p037,0.1348414123058319,1
2889,51,67,2,ps10_v2_p037,0.1348414123058319,1
2890,51,68,2,ps10_v2_p037,0.1348414123058319,1
2891,51,69,2,ps10_v2_p037,0.1348414123058319,1
2892,51,70,2,ps10_v2_p038,0.09893573075532913,1
2893,51,71,2,ps10_v2_p038,0.09893573075532913,1
2894,51,72,2,ps10_v2_p038,0.09893573075532913,1
2895,51,73,2,ps10_v2_p038,0.09893573075532913,1
2896,51,75,2,ps10_v2_p038,0.09893573075532913,1
2897,51,76,2,ps10_v2_p038,0.09893573075532913,1
2898,51,77,2,ps10_v2_p038,0.09893573075532913,1
2899,51,78,2,ps10_v2_p038,0.09893573075532913,1
2900,51,79,2,ps10_v2_p038,0.09893573075532913,1
2901,51,80,2,ps10_v2_p039,0.0965966209769249,1
2902,51,81,2,ps10_v2_p039,0.0965966209769249,1
2903,51,82,2,ps10_v2_p039,0.0965966209769249,1
2904,51,83,2,ps10_v2_p039,0.0965966209769249,1
2905,51,113,3,,,0
2906,51,115,3,ps10_v2_p098,0.10037005692720413,1
2907,51,116,3,ps10_v2_p098,0.10037005692720413,1
2908,51,117,3,ps10_v2_p098,0.10037005692720413,1
2909,51,122,3,ps10_v2_p098,0.10037005692720413,1
2910,51,124,3,ps10_v2_p099,0.08176159858703613,1
2911,51,125,3,ps10_v2_p099,0.08176159858703613,1
2912,51,126,3,ps10_v2_p099,0.08176159858703613,1
2913,51,199,3,ps10_v2_p100,0.07208104431629181,1
2914,51,200,3,ps10_v2_p100,0.07208104431629181,1
2915,51,203,3,ps10_v2_p100,0.07208104431629181,1
2916,52,8,2,ps10_v2_p031,0.12897394597530365,1
2917,52,9,2,ps10_v2_p031,0.12897394597530365,1
2918,52,10,2,ps10_v2_p032,0.1299489587545395,1
2919,52,11,2,ps10_v2_p032,0.1299489587545395,1
2920,52,12,2,ps10_v2_p032,0.1299489587545395,1
2921,52,13,2,ps10_v2_p032,0.1299489587545395,1
2922,52,14,2,ps10_v2_p032,0.1299489587545395,1
2923,52,15,2,ps10_v2_p032,0.1299489587545395,1
2924,52,16,2,ps10_v2_p032,0.1299489587545395,1
2925,52,17,2,ps10_v2_p032,0.1299489587545395,1
2926,52,18,2,ps10_v2_p032,0.1299489587545395,1
2927,52,19,2,ps10_v2_p032,0.1299489587545395,1
2928,52,20,2,ps10_v2_p033,0.12040070444345474,1
2929,52,21,2,ps10_v2_p033,0.12040070444345474,1
2930,52,22,2,ps10_v2_p033,0.12040070444345474,1
2931,52,23,2,ps10_v2_p033,0.12040070444345474,1
2932,52,24,2,ps10_v2_p033,0.12040070444345474,1
2933,52,25,2,ps10_v2_p033,0.12040070444345474,1
2934,52,26,2,ps10_v2_p033,0.12040070444345474,1
2935,52,27,2,ps10_v2_p033,0.12040070444345474,1
2936,52,28,2,ps10_v2_p033,0.12040070444345474,1
2937,52,29,2,ps10_v2_p033,0.12040070444345474,1
2938,52,30,2,ps10_v2_p034,0.12817557156085968,1
2939,52,31,2,ps10_v2_p034,0.12817557156085968,1
2940,52,32,2,ps10_v2_p034,0.12817557156085968,1
2941,52,33,2,ps10_v2_p034,0.12817557156085968,1
2942,52,34,2,ps10_v2_p034,0.12817557156085968,1
2943,52,35,2,ps10_v2_p034,0.12817557156085968,1
2944,52,36,2,ps10_v2_p034,0.12817557156085968,1
2945,52,37,2,ps10_v2_p034,0.12817557156085968,1
2946,52,38,2,ps10_v2_p034,0.12817557156085968,1
2947,52,39,2,ps10_v2_p034,0.12817557156085968,1
2948,52,40,2,ps10_v2_p035,0.122052401304245,1
2949,52,41,2,ps10_v2_p035,0.122052401304245,1
2950,52,42,2,ps10_v2_p035,0.122052401304245,1
2951,52,43,2,ps10_v2_p035,0.122052401304245,1
2952,52,44,2,ps10_v2_p035,0.122052401304245,1
2953,52,45,2,ps10_v2_p035,0.122052401304245,1
2954,52,46,2,ps10_v2_p035,0.122052401304245,1
2955,52,47,2,ps10_v2_p035,0.122052401304245,1
2956,52,48,2,ps10_v2_p035,0.122052401304245,1
2957,52,49,2,ps10_v2_p035,0.122052401304245,1
2958,52,50,2,ps10_v2_p036,0.14983005821704865,1
2959,52,51,2,ps10_v2_p036,0.14983005821704865,1
2960,52,52,2,ps10_v2_p036,0.14983005821704865,1
2961,52,53,2,ps10_v2_p036,0.14983005821704865,1
2962,52,54,2,ps10_v2_p036,0.14983005821704865,1
2963,52,55,2,ps10_v2_p036,0.14983005821704865,1
2964,52,56,2,ps10_v2_p036,0.14983005821704865,1
2965,52,57,2,ps10_v2_p036,0.14983005821704865,1
2966,52,58,2,ps10_v2_p036,0.14983005821704865,1
2967,52,59,2,ps10_v2_p036,0.14983005821704865,1
2968,52,60,2,ps10_v2_p037,0.1348414123058319,1
2969,52,61,2,ps10_v2_p037,0.1348414123058319,1
2970,52,62,2,ps10_v2_p037,0.1348414123058319,1
2971,52,63,2,ps10_v2_p037,0.1348414123058319,1
2972,52,64,2,ps10_v2_p037,0.1348414123058319,1
2973,52,65,2,ps10_v2_p037,0.1348414123058319,1
2974,52,66,2,ps10_v2_p037,0.1348414123058319,1
2975,52,67,2,ps10_v2_p037,0.1348414123058319,1
2976,52,68,2,ps10_v2_p037,0.1348414123058319,1
2977,52,69,2,ps10_v2_p037,0.1348414123058319,1
2978,52,70,2,ps10_v2_p038,0.09893573075532913,1
2979,52,71,2,ps10_v2_p038,0.09893573075532913,1
2980,52,72,2,ps10_v2_p038,0.09893573075532913,1
2981,52,73,2,ps10_v2_p038,0.09893573075532913,1
2982,52,74,2,ps10_v2_p038,0.09893573075532913,1
2983,52,75,2,ps10_v2_p038,0.09893573075532913,1
2984,52,76,2,ps10_v2_p038,0.09893573075532913,1
2985,52,77,2,ps10_v2_p038,0.09893573075532913,1
2986,52,78,2,ps10_v2_p038,0.09893573075532913,1
2987,52,79,2,ps10_v2_p038,0.09893573075532913,1
2988,52,80,2,ps10_v2_p039,0.0965966209769249,1
2989,52,81,2,ps10_v2_p039,0.0965966209769249,1
2990,52,114,3,ps10_v2_p098,0.10037005692720413,1
2991,52,115,3,ps10_v2_p098,0.10037005692720413,1
2992,52,116,3,ps10_v2_p098,0.10037005692720413,1
2993,52,117,3,ps10_v2_p098,0.10037005692720413,1
2994,52,125,3,ps10_v2_p099,0.08176159858703613,1
2995,52,126,3,ps10_v2_p099,0.08176159858703613,1
2996,52,196,3,ps10_v2_p100,0.07208104431629181,1
2997,52,197,3,ps10_v2_p100,0.07208104431629181,1
2998,52,200,3,ps10_v2_p100,0.07208104431629181,1
2999,52,202,3,ps10_v2_p100,0.07208104431629181,1
3000,52,204,3,,,0
3001,53,9,2,ps10_v2_p031,0.12897394597530365,1
3002,53,10,2,ps10_v2_p032,0.1299489587545395,1
3003,53,11,2,ps10_v2_p032,0.1299489587545395,1
3004,53,12,2,ps10_v2_p032,0.1299489587545395,1
3005,53,13,2,ps10_v2_p032,0.1299489587545395,1
3006,53,14,2,ps10_v2_p032,0.1299489587545395,1
3007,53,15,2,ps10_v2_p032,0.1299489587545395,1
3008,53,16,2,ps10_v2_p032,0.1299489587545395,1
3009,53,17,2,ps10_v2_p032,0.1299489587545395,1
3010,53,18,2,ps10_v2_p032,0.1299489587545395,1
3011,53,19,2,ps10_v2_p032,0.1299489587545395,1
3012,53,20,2,ps10_v2_p033,0.12040070444345474,1
3013,53,21,2,ps10_v2_p033,0.12040070444345474,1
3014,53,22,2,ps10_v2_p033,0.12040070444345474,1
3015,53,23,2,ps10_v2_p033,0.12040070444345474,1
3016,53,24,2,ps10_v2_p033,0.12040070444345474,1
3017,53,25,2,ps10_v2_p033,0.12040070444345474,1
3018,53,26,2,ps10_v2_p033,0.12040070444345474,1
3019,53,27,2,ps10_v2_p033,0.12040070444345474,1
3020,53,28,2,ps10_v2_p033,0.12040070444345474,1
3021,53,29,2,ps10_v2_p033,0.12040070444345474,1
3022,53,30,2,ps10_v2_p034,0.12817557156085968,1
3023,53,31,2,ps10_v2_p034,0.12817557156085968,1
3024,53,32,2,ps10_v2_p034,0.12817557156085968,1
3025,53,33,2,ps10_v2_p034,0.12817557156085968,1
3026,53,34,2,ps10_v2_p034,0.12817557156085968,1
3027,53,35,2,ps10_v2_p034,0.12817557156085968,1
3028,53,36,2,ps10_v2_p034,0.12817557156085968,1
3029,53,37,2,ps10_v2_p034,0.12817557156085968,1
3030,53,38,2,ps10_v2_p034,0.12817557156085968,1
3031,53,39,2,ps10_v2_p034,0.12817557156085968,1
3032,53,40,2,ps10_v2_p035,0.122052401304245,1
3033,53,41,2,ps10_v2_p035,0.122052401304245,1
3034,53,42,2,ps10_v2_p035,0.122052401304245,1
3035,53,43,2,ps10_v2_p035,0.122052401304245,1
3036,53,44,2,ps10_v2_p035,0.122052401304245,1
3037,53,45,2,ps10_v2_p035,0.122052401304245,1
3038,53,46,2,ps10_v2_p035,0.122052401304245,1
3039,53,47,2,ps10_v2_p035,0.122052401304245,1
3040,53,48,2,ps10_v2_p035,0.122052401304245,1
3041,53,49,2,ps10_v2_p035,0.122052401304245,1
3042,53,50,2,ps10_v2_p036,0.14983005821704865,1
3043,53,51,2,ps10_v2_p036,0.14983005821704865,1
3044,53,52,2,ps10_v2_p036,0.14983005821704865,1
3045,53,53,2,ps10_v2_p036,0.14983005821704865,1
3046,53,54,2,ps10_v2_p036,0.14983005821704865,1
3047,53,55,2,ps10_v2_p036,0.14983005821704865,1
3048,53,56,2,ps10_v2_p036,0.14983005821704865,1
3049,53,57,2,ps10_v2_p036,0.14983005821704865,1
3050,53,58,2,ps10_v2_p036,0.14983005821704865,1
3051,53,59,2,ps10_v2_p036,0.14983005821704865,1
3052,53,60,2,ps10_v2_p037,0.1348414123058319,1
3053,53,61,2,ps10_v2_p037,0.1348414123058319,1
3054,53,62,2,ps10_v2_p037,0.1348414123058319,1
3055,53,63,2,ps10_v2_p037,0.1348414123058319,1
3056,53,64,2,ps10_v2_p037,0.1348414123058319,1
3057,53,65,2,ps10_v2_p037,0.1348414123058319,1
3058,53,66,2,ps10_v2_p037,0.1348414123058319,1
3059,53,67,2,ps10_v2_p037,0.1348414123058319,1
3060,53,68,2,ps10_v2_p037,0.1348414123058319,1
3061,53,69,2,ps10_v2_p037,0.1348414123058319,1
3062,53,70,2,ps10_v2_p038,0.09893573075532913,1
3063,53,71,2,ps10_v2_p038,0.09893573075532913,1
3064,53,72,2,ps10_v2_p038,0.09893573075532913,1
3065,53,74,2,ps10_v2_p038,0.09893573075532913,1
3066,53,75,2,ps10_v2_p038,0.09893573075532913,1
3067,53,76,2,ps10_v2_p038,0.09893573075532913,1
3068,53,77,2,ps10_v2_p038,0.09893573075532913,1
3069,53,78,2,ps10_v2_p038,0.09893573075532913,1
3070,53,79,2,ps10_v2_p038,0.09893573075532913,1
3071,53,80,2,ps10_v2_p039,0.0965966209769249,1
3072,53,116,3,ps10_v2_p098,0.10037005692720413,1
3073,53,118,3,ps10_v2_p098,0.10037005692720413,1
3074,53,119,3,ps10_v2_p098,0.10037005692720413,1
3075,53,124,3,ps10_v2_p099,0.08176159858703613,1
3076,53,125,3,ps10_v2_p099,0.08176159858703613,1
3077,53,128,3,ps10_v2_p099,0.08176159858703613,1
3078,53,199,3,ps10_v2_p100,0.07208104431629181,1
3079,53,202,3,ps10_v2_p100,0.07208104431629181,1
3080,53,203,3,ps10_v2_p100,0.07208104431629181,1
3081,53,204,3,,,0
3082,54,8,2,ps10_v2_p040,0.09853893518447876,1
3083,54,9,2,ps10_v2_p040,0.09853893518447876,1
3084,54,12,2,ps10_v2_p041,0.12426809966564178,1
3085,54,13,2,ps10_v2_p041,0.12426809966564178,1
3086,54,14,2,ps10_v2_p041,0.12426809966564178,1
3087,54,15,2,ps10_v2_p041,0.12426809966564178,1
3088,54,16,2,ps10_v2_p041,0.12426809966564178,1
3089,54,17,2,ps10_v2_p041,0.12426809966564178,1
3090,54,18,2,ps10_v2_p041,0.12426809966564178,1
3091,54,19,2,ps10_v2_p041,0.12426809966564178,1
3092,54,20,2,ps10_v2_p042,0.14444805681705475,1
3093,54,21,2,ps10_v2_p042,0.14444805681705475,1
3094,54,22,2,ps10_v2_p042,0.14444805681705475,1
3095,54,23,2,ps10_v2_p042,0.14444805681705475,1
3096,54,24,2,ps10_v2_p042,0.14444805681705475,1
3097,54,25,2,ps10_v2_p042,0.14444805681705475,1
3098,54,26,2,ps10_v2_p042,0.14444805681705475,1
3099,54,27,2,ps10_v2_p042,0.14444805681705475,1
3100,54,28,2,ps10_v2_p042,0.14444805681705475,1
3101,54,29,2,ps10_v2_p042,0.14444805681705475,1
3102,54,30,2,ps10_v2_p043,0.1317387968301773,1
3103,54,31,2,ps10_v2_p043,0.1317387968301773,1
3104,54,32,2,ps10_v2_p043,0.1317387968301773,1
3105,54,33,2,ps10_v2_p043,0.1317387968301773,1
3106,54,34,2,ps10_v2_p043,0.1317387968301773,1
3107,54,35,2,ps10_v2_p043,0.1317387968301773,1
3108,54,36,2,ps10_v2_p043,0.1317387968301773,1
3109,54,37,2,ps10_v2_p043,0.1317387968301773,1
3110,54,38,2,ps10_v2_p043,0.1317387968301773,1
3111,54,39,2,ps10_v2_p043,0.1317387968301773,1
3112,54,40,2,ps10_v2_p044,0.14014063775539398,1
3113,54,41,2,ps10_v2_p044,0.14014063775539398,1
3114,54,42,2,ps10_v2_p044,0.14014063775539398,1
3115,54,43,2,ps10_v2_p044,0.14014063775539398,1
3116,54,44,2,ps10_v2_p044,0.14014063775539398,1
3117,54,45,2,ps10_v2_p044,0.14014063775539398,1
3118,54,46,2,ps10_v2_p044,0.14014063775539398,1
3119,54,47,2,ps10_v2_p044,0.14014063775539398,1
3120,54,48,2,ps10_v2_p044,0.14014063775539398,1
3121,54,49,2,ps10_v2_p044,0.14014063775539398,1
3122,54,50,2,ps10_v2_p045,0.1363464593887329,1
3123,54,52,2,ps10_v2_p045,0.1363464593887329,1
3124,54,53,2,ps10_v2_p045,0.1363464593887329,1
3125,54,54,2,ps10_v2_p045,0.1363464593887329,1
3126,54,55,2,ps10_v2_p045,0.1363464593887329,1
3127,54,56,2,ps10_v2_p045,0.1363464593887329,1
3128,54,57,2,ps10_v2_p045,0.1363464593887329,1
3129,54,58,2,ps10_v2_p045,0.1363464593887329,1
3130,54,59,2,ps10_v2_p045,0.1363464593887329,1
3131,54,60,2,ps10_v2_p046,0.1376858651638031,1
3132,54,61,2,ps10_v2_p046,0.1376858651638031,1
3133,54,62,2,ps10_v2_p046,0.1376858651638031,1
3134,54,63,2,ps10_v2_p046,0.1376858651638031,1
3135,54,64,2,ps10_v2_p046,0.1376858651638031,1
3136,54,65,2,ps10_v2_p046,0.1376858651638031,1
3137,54,66,2,ps10_v2_p046,0.1376858651638031,1
3138,54,67,2,ps10_v2_p046,0.1376858651638031,1
3139,54,68,2,ps10_v2_p046,0.1376858651638031,1
3140,54,69,2,ps10_v2_p046,0.1376858651638031,1
3141,54,70,2,ps10_v2_p047,0.10969927161931992,1
3142,54,71,2,ps10_v2_p047,0.10969927161931992,1
3143,54,72,2,ps10_v2_p047,0.10969927161931992,1
3144,54,74,2,ps10_v2_p047,0.10969927161931992,1
3145,54,75,2,ps10_v2_p047,0.10969927161931992,1
3146,54,76,2,ps10_v2_p047,0.10969927161931992,1
3147,54,77,2,ps10_v2_p047,0.10969927161931992,1
3148,54,78,2,ps10_v2_p047,0.10969927161931992,1
3149,54,79,2,ps10_v2_p047,0.10969927161931992,1
3150,54,80,2,,,0
3151,54,116,3,ps10_v2_p098,0.10037005692720413,1
3152,54,117,3,ps10_v2_p098,0.10037005692720413,1
3153,54,118,3,ps10_v2_p098,0.10037005692720413,1
3154,54,124,3,ps10_v2_p099,0.08176159858703613,1
3155,54,125,3,ps10_v2_p099,0.08176159858703613,1
3156,54,127,3,ps10_v2_p099,0.08176159858703613,1
3157,54,201,3,ps10_v2_p100,0.07208104431629181,1
3158,54,202,3,ps10_v2_p100,0.07208104431629181,1
3159,55,7,2,ps10_v2_p040,0.09853893518447876,1
3160,55,8,2,ps10_v2_p040,0.09853893518447876,1
3161,55,9,2,ps10_v2_p040,0.09853893518447876,1
3162,55,10,2,ps10_v2_p041,0.12426809966564178,1
3163,55,11,2,ps10_v2_p041,0.12426809966564178,1
3164,55,12,2,ps10_v2_p041,0.12426809966564178,1
3165,55,13,2,ps10_v2_p041,0.12426809966564178,1
3166,55,14,2,ps10_v2_p041,0.12426809966564178,1
3167,55,15,2,ps10_v2_p041,0.12426809966564178,1
3168,55,16,2,ps10_v2_p041,0.12426809966564178,1
3169,55,17,2,ps10_v2_p041,0.12426809966564178,1
3170,55,18,2,ps10_v2_p041,0.12426809966564178,1
3171,55,19,2,ps10_v2_p041,0.12426809966564178,1
3172,55,20,2,ps10_v2_p042,0.14444805681705475,1
3173,55,21,2,ps10_v2_p042,0.14444805681705475,1
3174,55,22,2,ps10_v2_p042,0.14444805681705475,1
3175,55,23,2,ps10_v2_p042,0.14444805681705475,1
3176,55,24,2,ps10_v2_p042,0.14444805681705475,1
3177,55,25,2,ps10_v2_p042,0.14444805681705475,1
3178,55,26,2,ps10_v2_p042,0.14444805681705475,1
3179,55,27,2,ps10_v2_p042,0.14444805681705475,1
3180,55,28,2,ps10_v2_p042,0.14444805681705475,1
3181,55,29,2,ps10_v2_p042,0.14444805681705475,1
3182,55,30,2,ps10_v2_p043,0.1317387968301773,1
3183,55,31,2,ps10_v2_p043,0.1317387968301773,1
3184,55,32,2,ps10_v2_p043,0.1317387968301773,1
3185,55,33,2,ps10_v2_p043,0.1317387968301773,1
3186,55,34,2,ps10_v2_p043,0.1317387968301773,1
3187,55,35,2,ps10_v2_p043,0.1317387968301773,1
3188,55,36,2,ps10_v2_p043,0.1317387968301773,1
3189,55,37,2,ps10_v2_p043,0.1317387968301773,1
3190,55,38,2,ps10_v2_p043,0.1317387968301773,1
3191,55,39,2,ps10_v2_p043,0.1317387968301773,1
3192,55,40,2,ps10_v2_p044,0.14014063775539398,1
3193,55,41,2,ps10_v2_p044,0.14014063775539398,1
3194,55,42,2,ps10_v2_p044,0.14014063775539398,1
3195,55,43,2,ps10_v2_p044,0.14014063775539398,1
3196,55,44,2,ps10_v2_p044,0.14014063775539398,1
3197,55,45,2,ps10_v2_p044,0.14014063775539398,1
3198,55,46,2,ps10_v2_p044,0.14014063775539398,1
3199,55,47,2,ps10_v2_p044,0.14014063775539398,1
3200,55,48,2,ps10_v2_p044,0.14014063775539398,1
3201,55,49,2,ps10_v2_p044,0.14014063775539398,1
3202,55,50,2,ps10_v2_p045,0.1363464593887329,1
3203,55,51,2,ps10_v2_p045,0.1363464593887329,1
3204,55,53,2,ps10_v2_p045,0.1363464593887329,1
3205,55,54,2,ps10_v2_p045,0.1363464593887329,1
3206,55,55,2,ps10_v2_p045,0.1363464593887329,1
3207,55,56,2,ps10_v2_p045,0.1363464593887329,1
3208,55,57,2,ps10_v2_p045,0.1363464593887329,1
3209,55,58,2,ps10_v2_p045,0.1363464593887329,1
3210,55,59,2,ps10_v2_p045,0.1363464593887329,1
3211,55,60,2,ps10_v2_p046,0.1376858651638031,1
3212,55,61,2,ps10_v2_p046,0.1376858651638031,1
3213,55,62,2,ps10_v2_p046,0.1376858651638031,1
3214,55,63,2,ps10_v2_p046,0.1376858651638031,1
3215,55,64,2,ps10_v2_p046,0.1376858651638031,1
3216,55,65,2,ps10_v2_p046,0.1376858651638031,1
3217,55,66,2,ps10_v2_p046,0.1376858651638031,1
3218,55,67,2,ps10_v2_p046,0.1376858651638031,1
3219,55,68,2,ps10_v2_p046,0.1376858651638031,1
3220,55,69,2,ps10_v2_p046,0.1376858651638031,1
3221,55,70,2,ps10_v2_p047,0.10969927161931992,1
3222,55,71,2,ps10_v2_p047,0.10969927161931992,1
3223,55,72,2,ps10_v2_p047,0.10969927161931992,1
3224,55,73,2,ps10_v2_p047,0.10969927161931992,1
3225,55,74,2,ps10_v2_p047,0.10969927161931992,1
3226,55,75,2,ps10_v2_p047,0.10969927161931992,1
3227,55,76,2,ps10_v2_p047,0.10969927161931992,1
3228,55,77,2,ps10_v2_p047,0.10969927161931992,1
3229,55,78,2,ps10_v2_p047,0.10969927161931992,1
3230,55,79,2,ps10_v2_p047,0.10969927161931992,1
3231,55,88,2,,,0
3232,55,115,3,ps10_v2_p098,0.10037005692720413,1
3233,55,117,3,ps10_v2_p098,0.10037005692720413,1
3234,55,118,3,ps10_v2_p098,0.10037005692720413,1
3235,55,122,3,ps10_v2_p098,0.10037005692720413,1
3236,55,125,3,ps10_v2_p099,0.08176159858703613,1
3237,55,126,3,ps10_v2_p099,0.08176159858703613,1
3238,55,202,3,ps10_v2_p100,0.07208104431629181,1
3239,55,203,3,ps10_v2_p100,0.07208104431629181,1
3240,56,8,2,ps10_v2_p040,0.09853893518447876,1
3241,56,9,2,ps10_v2_p040,0.09853893518447876,1
3242,56,10,2,ps10_v2_p041,0.12426809966564178,1
3243,56,11,2,ps10_v2_p041,0.12426809966564178,1
3244,56,12,2,ps10_v2_p041,0.12426809966564178,1
3245,56,13,2,ps10_v2_p041,0.12426809966564178,1
3246,56,14,2,ps10_v2_p041,0.12426809966564178,1
3247,56,15,2,ps10_v2_p041,0.12426809966564178,1
3248,56,16,2,ps10_v2_p041,0.12426809966564178,1
3249,56,17,2,ps10_v2_p041,0.12426809966564178,1
3250,56,18,2,ps10_v2_p041,0.12426809966564178,1
3251,56,19,2,ps10_v2_p041,0.12426809966564178,1
3252,56,20,2,ps10_v2_p042,0.14444805681705475,1
3253,56,21,2,ps10_v2_p042,0.14444805681705475,1
3254,56,22,2,ps10_v2_p042,0.14444805681705475,1
3255,56,23,2,ps10_v2_p042,0.14444805681705475,1
3256,56,24,2,ps10_v2_p042,0.14444805681705475,1
3257,56,25,2,ps10_v2_p042,0.14444805681705475,1
3258,56,26,2,ps10_v2_p042,0.14444805681705475,1
3259,56,27,2,ps10_v2_p042,0.14444805681705475,1
3260,56,28,2,ps10_v2_p042,0.14444805681705475,1
3261,56,29,2,ps10_v2_p042,0.14444805681705475,1
3262,56,30,2,ps10_v2_p043,0.1317387968301773,1
3263,56,31,2,ps10_v2_p043,0.1317387968301773,1
3264,56,32,2,ps10_v2_p043,0.1317387968301773,1
3265,56,33,2,ps10_v2_p043,0.1317387968301773,1
3266,56,34,2,ps10_v2_p043,0.1317387968301773,1
3267,56,35,2,ps10_v2_p043,0.1317387968301773,1
3268,56,36,2,ps10_v2_p043,0.1317387968301773,1
3269,56,37,2,ps10_v2_p043,0.1317387968301773,1
3270,56,38,2,ps10_v2_p043,0.1317387968301773,1
3271,56,39,2,ps10_v2_p043,0.1317387968301773,1
3272,56,40,2,ps10_v2_p044,0.14014063775539398,1
3273,56,41,2,ps10_v2_p044,0.14014063775539398,1
3274,56,42,2,ps10_v2_p044,0.14014063775539398,1
3275,56,43,2,ps10_v2_p044,0.14014063775539398,1
3276,56,44,2,ps10_v2_p044,0.14014063775539398,1
3277,56,45,2,ps10_v2_p044,0.14014063775539398,1
3278,56,46,2,ps10_v2_p044,0.14014063775539398,1
3279,56,47,2,ps10_v2_p044,0.14014063775539398,1
3280,56,48,2,ps10_v2_p044,0.14014063775539398,1
3281,56,49,2,ps10_v2_p044,0.14014063775539398,1
3282,56,50,2,ps10_v2_p045,0.1363464593887329,1
3283,56,53,2,ps10_v2_p045,0.1363464593887329,1
3284,56,54,2,ps10_v2_p045,0.1363464593887329,1
3285,56,55,2,ps10_v2_p045,0.1363464593887329,1
3286,56,56,2,ps10_v2_p045,0.1363464593887329,1
3287,56,57,2,ps10_v2_p045,0.1363464593887329,1
3288,56,58,2,ps10_v2_p045,0.1363464593887329,1
3289,56,59,2,ps10_v2_p045,0.1363464593887329,1
3290,56,60,2,ps10_v2_p046,0.1376858651638031,1
3291,56,61,2,ps10_v2_p046,0.1376858651638031,1
3292,56,62,2,ps10_v2_p046,0.1376858651638031,1
3293,56,63,2,ps10_v2_p046,0.1376858651638031,1
3294,56,64,2,ps10_v2_p046,0.1376858651638031,1
3295,56,65,2,ps10_v2_p046,0.1376858651638031,1
3296,56,66,2,ps10_v2_p046,0.1376858651638031,1
3297,56,67,2,ps10_v2_p046,0.1376858651638031,1
3298,56,68,2,ps10_v2_p046,0.1376858651638031,1
3299,56,69,2,ps10_v2_p046,0.1376858651638031,1
3300,56,70,2,ps10_v2_p047,0.10969927161931992,1
3301,56,71,4,ps10_v2_p164,0.10384596139192581,1
3302,56,72,4,ps10_v2_p164,0.10384596139192581,1
3303,56,73,4,ps10_v2_p164,0.10384596139192581,1
3304,56,74,4,ps10_v2_p164,0.10384596139192581,1
3305,56,75,4,ps10_v2_p164,0.10384596139192581,1
3306,56,76,4,ps10_v2_p164,0.10384596139192581,1
3307,56,77,4,ps10_v2_p164,0.10384596139192581,1
3308,56,78,4,ps10_v2_p164,0.10384596139192581,1
3309,56,81,4,,,0
3310,56,88,4,,,0
3311,56,117,3,ps10_v2_p098,0.10037005692720413,1
3312,56,119,3,ps10_v2_p098,0.10037005692720413,1
3313,56,121,3,ps10_v2_p098,0.10037005692720413,1
3314,56,124,3,ps10_v2_p099,0.08176159858703613,1
3315,56,125,3,ps10_v2_p099,0.08176159858703613,1
3316,56,126,3,ps10_v2_p099,0.08176159858703613,1
3317,56,127,3,ps10_v2_p099,0.08176159858703613,1
3318,56,201,3,ps10_v2_p100,0.07208104431629181,1
3319,57,8,2,ps10_v2_p040,0.09853893518447876,1
3320,57,9,2,ps10_v2_p040,0.09853893518447876,1
3321,57,10,2,ps10_v2_p041,0.12426809966564178,1
3322,57,11,2,ps10_v2_p041,0.12426809966564178,1
3323,57,12,2,ps10_v2_p041,0.12426809966564178,1
3324,57,13,2,ps10_v2_p041,0.12426809966564178,1
3325,57,14,2,ps10_v2_p041,0.12426809966564178,1
3326,57,15,2,ps10_v2_p041,0.12426809966564178,1
3327,57,16,2,ps10_v2_p041,0.12426809966564178,1
3328,57,17,2,ps10_v2_p041,0.12426809966564178,1
3329,57,18,2,ps10_v2_p041,0.12426809966564178,1
3330,57,19,2,ps10_v2_p041,0.12426809966564178,1
3331,57,20,2,ps10_v2_p042,0.14444805681705475,1
3332,57,21,2,ps10_v2_p042,0.14444805681705475,1
3333,57,22,2,ps10_v2_p042,0.14444805681705475,1
3334,57,23,2,ps10_v2_p042,0.14444805681705475,1
3335,57,24,2,ps10_v2_p042,0.14444805681705475,1
3336,57,25,2,ps10_v2_p042,0.14444805681705475,1
3337,57,26,2,ps10_v2_p042,0.14444805681705475,1
3338,57,27,2,ps10_v2_p042,0.14444805681705475,1
3339,57,28,2,ps10_v2_p042,0.14444805681705475,1
3340,57,29,2,ps10_v2_p042,0.14444805681705475,1
3341,57,30,2,ps10_v2_p043,0.1317387968301773,1
3342,57,31,2,ps10_v2_p043,0.1317387968301773,1
3343,57,32,2,ps10_v2_p043,0.1317387968301773,1
3344,57,33,2,ps10_v2_p043,0.1317387968301773,1
3345,57,34,2,ps10_v2_p043,0.1317387968301773,1
3346,57,35,2,ps10_v2_p043,0.1317387968301773,1
3347,57,36,2,ps10_v2_p043,0.1317387968301773,1
3348,57,37,2,ps10_v2_p043,0.1317387968301773,1
3349,57,38,2,ps10_v2_p043,0.1317387968301773,1
3350,57,39,2,ps10_v2_p043,0.1317387968301773,1
3351,57,40,2,ps10_v2_p044,0.14014063775539398,1
3352,57,41,2,ps10_v2_p044,0.14014063775539398,1
3353,57,42,2,ps10_v2_p044,0.14014063775539398,1
3354,57,43,2,ps10_v2_p044,0.14014063775539398,1
3355,57,44,2,ps10_v2_p044,0.14014063775539398,1
3356,57,45,2,ps10_v2_p044,0.14014063775539398,1
3357,57,46,2,ps10_v2_p044,0.14014063775539398,1
3358,57,47,2,ps10_v2_p044,0.14014063775539398,1
3359,57,48,2,ps10_v2_p044,0.14014063775539398,1
3360,57,49,2,ps10_v2_p044,0.14014063775539398,1
3361,57,50,2,ps10_v2_p045,0.1363464593887329,1
3362,57,51,2,ps10_v2_p045,0.1363464593887329,1
3363,57,52,2,ps10_v2_p045,0.1363464593887329,1
3364,57,53,2,ps10_v2_p045,0.1363464593887329,1
3365,57,55,2,ps10_v2_p045,0.1363464593887329,1
3366,57,56,2,ps10_v2_p045,0.1363464593887329,1
3367,57,57,2,ps10_v2_p045,0.1363464593887329,1
3368,57,58,2,ps10_v2_p045,0.1363464593887329,1
3369,57,59,2,ps10_v2_p045,0.1363464593887329,1
3370,57,60,2,ps10_v2_p046,0.1376858651638031,1
3371,57,61,2,ps10_v2_p046,0.1376858651638031,1
3372,57,62,2,ps10_v2_p046,0.1376858651638031,1
3373,57,63,2,ps10_v2_p046,0.1376858651638031,1
3374,57,64,2,ps10_v2_p046,0.1376858651638031,1
3375,57,65,2,ps10_v2_p046,0.1376858651638031,1
3376,57,66,2,ps10_v2_p046,0.1376858651638031,1
3377,57,67,2,ps10_v2_p046,0.1376858651638031,1
3378,57,68,2,ps10_v2_p046,0.1376858651638031,1
3379,57,69,2,ps10_v2_p046,0.1376858651638031,1
3380,57,70,2,ps10_v2_p047,0.10969927161931992,1
3381,57,71,4,ps10_v2_p164,0.10384596139192581,1
3382,57,72,4,ps10_v2_p164,0.10384596139192581,1
3383,57,73,4,ps10_v2_p164,0.10384596139192581,1
3384,57,74,4,ps10_v2_p164,0.10384596139192581,1
3385,57,75,4,ps10_v2_p164,0.10384596139192581,1
3386,57,76,4,ps10_v2_p164,0.10384596139192581,1
3387,57,77,4,ps10_v2_p164,0.10384596139192581,1
3388,57,118,3,ps10_v2_p098,0.10037005692720413,1
3389,57,119,3,ps10_v2_p098,0.10037005692720413,1
3390,57,120,3,ps10_v2_p098,0.10037005692720413,1
3391,57,121,3,ps10_v2_p098,0.10037005692720413,1
3392,57,122,3,ps10_v2_p098,0.10037005692720413,1
3393,57,126,3,ps10_v2_p099,0.08176159858703613,1
3394,57,131,3,ps10_v2_p099,0.08176159858703613,1
3395,57,204,3,,,0
3396,58,9,2,ps10_v2_p040,0.09853893518447876,1
3397,58,10,2,ps10_v2_p041,0.12426809966564178,1
3398,58,11,2,ps10_v2_p041,0.12426809966564178,1
3399,58,12,2,ps10_v2_p041,0.12426809966564178,1
3400,58,13,2,ps10_v2_p041,0.12426809966564178,1
3401,58,14,2,ps10_v2_p041,0.12426809966564178,1
3402,58,15,2,ps10_v2_p041,0.12426809966564178,1
3403,58,16,2,ps10_v2_p041,0.12426809966564178,1
3404,58,17,2,ps10_v2_p041,0.12426809966564178,1
3405,58,18,2,ps10_v2_p041,0.12426809966564178,1
3406,58,19,2,ps10_v2_p041,0.12426809966564178,1
3407,58,20,2,ps10_v2_p042,0.14444805681705475,1
3408,58,21,2,ps10_v2_p042,0.14444805681705475,1
3409,58,22,2,ps10_v2_p042,0.14444805681705475,1
3410,58,23,2,ps10_v2_p042,0.14444805681705475,1
3411,58,24,2,ps10_v2_p042,0.14444805681705475,1
3412,58,25,2,ps10_v2_p042,0.14444805681705475,1
3413,58,26,2,ps10_v2_p042,0.14444805681705475,1
3414,58,27,2,ps10_v2_p042,0.14444805681705475,1
3415,58,28,2,ps10_v2_p042,0.14444805681705475,1
3416,58,29,2,ps10_v2_p042,0.14444805681705475,1
3417,58,30,2,ps10_v2_p043,0.1317387968301773,1
3418,58,31,2,ps10_v2_p043,0.1317387968301773,1
3419,58,32,2,ps10_v2_p043,0.1317387968301773,1
3420,58,33,2,ps10_v2_p043,0.1317387968301773,1
3421,58,34,2,ps10_v2_p043,0.1317387968301773,1
3422,58,35,2,ps10_v2_p043,0.1317387968301773,1
3423,58,36,2,ps10_v2_p043,0.1317387968301773,1
3424,58,37,2,ps10_v2_p043,0.1317387968301773,1
3425,58,38,2,ps10_v2_p043,0.1317387968301773,1
3426,58,39,2,ps10_v2_p043,0.1317387968301773,1
3427,58,40,2,ps10_v2_p044,0.14014063775539398,1
3428,58,41,2,ps10_v2_p044,0.14014063775539398,1
3429,58,42,2,ps10_v2_p044,0.14014063775539398,1
3430,58,43,2,ps10_v2_p044,0.14014063775539398,1
3431,58,44,2,ps10_v2_p044,0.14014063775539398,1
3432,58,45,2,ps10_v2_p044,0.14014063775539398,1
3433,58,46,2,ps10_v2_p044,0.14014063775539398,1
3434,58,47,2,ps10_v2_p044,0.14014063775539398,1
3435,58,48,2,ps10_v2_p044,0.14014063775539398,1
3436,58,49,2,ps10_v2_p044,0.14014063775539398,1
3437,58,50,2,ps10_v2_p045,0.1363464593887329,1
3438,58,51,2,ps10_v2_p045,0.1363464593887329,1
3439,58,52,2,ps10_v2_p045,0.1363464593887329,1
3440,58,53,2,ps10_v2_p045,0.1363464593887329,1
3441,58,54,2,ps10_v2_p045,0.1363464593887329,1
3442,58,55,2,ps10_v2_p045,0.1363464593887329,1
3443,58,56,2,ps10_v2_p045,0.1363464593887329,1
3444,58,57,2,ps10_v2_p045,0.1363464593887329,1
3445,58,58,2,ps10_v2_p045,0.1363464593887329,1
3446,58,59,2,ps10_v2_p045,0.1363464593887329,1
3447,58,60,2,ps10_v2_p046,0.1376858651638031,1
3448,58,61,2,ps10_v2_p046,0.1376858651638031,1
3449,58,62,2,ps10_v2_p046,0.1376858651638031,1
3450,58,63,2,ps10_v2_p046,0.1376858651638031,1
3451,58,64,2,ps10_v2_p046,0.1376858651638031,1
3452,58,65,2,ps10_v2_p046,0.1376858651638031,1
3453,58,66,2,ps10_v2_p046,0.1376858651638031,1
3454,58,67,2,ps10_v2_p046,0.1376858651638031,1
3455,58,68,2,ps10_v2_p046,0.1376858651638031,1
3456,58,69,2,ps10_v2_p046,0.1376858651638031,1
3457,58,70,2,ps10_v2_p047,0.10969927161931992,1
3458,58,71,4,ps10_v2_p164,0.10384596139192581,1
3459,58,72,4,ps10_v2_p164,0.10384596139192581,1
3460,58,73,4,ps10_v2_p164,0.10384596139192581,1
3461,58,74,4,ps10_v2_p164,0.10384596139192581,1
3462,58,75,4,ps10_v2_p164,0.10384596139192581,1
3463,58,76,4,ps10_v2_p164,0.10384596139192581,1
3464,58,77,4,ps10_v2_p164,0.10384596139192581,1
3465,58,118,3,ps10_v2_p098,0.10037005692720413,1
3466,58,120,3,ps10_v2_p098,0.10037005692720413,1
3467,58,121,3,ps10_v2_p098,0.10037005692720413,1
3468,58,122,3,ps10_v2_p098,0.10037005692720413,1
3469,58,130,3,ps10_v2_p099,0.08176159858703613,1
3470,58,131,3,ps10_v2_p099,0.08176159858703613,1
3471,58,203,3,ps10_v2_p100,0.07208104431629181,1
3472,59,8,2,ps10_v2_p040,0.09853893518447876,1
3473,59,9,2,ps10_v2_p040,0.09853893518447876,1
3474,59,10,2,ps10_v2_p041,0.12426809966564178,1
3475,59,11,2,ps10_v2_p041,0.12426809966564178,1
3476,59,12,2,ps10_v2_p041,0.12426809966564178,1
3477,59,13,2,ps10_v2_p041,0.12426809966564178,1
3478,59,14,2,ps10_v2_p041,0.12426809966564178,1
3479,59,15,2,ps10_v2_p041,0.12426809966564178,1
3480,59,16,2,ps10_v2_p041,0.12426809966564178,1
3481,59,17,2,ps10_v2_p041,0.12426809966564178,1
3482,59,18,2,ps10_v2_p041,0.12426809966564178,1
3483,59,19,2,ps10_v2_p041,0.12426809966564178,1
3484,59,20,2,ps10_v2_p042,0.14444805681705475,1
3485,59,21,2,ps10_v2_p042,0.14444805681705475,1
3486,59,22,2,ps10_v2_p042,0.14444805681705475,1
3487,59,23,2,ps10_v2_p042,0.14444805681705475,1
3488,59,24,2,ps10_v2_p042,0.14444805681705475,1
3489,59,25,2,ps10_v2_p042,0.14444805681705475,1
3490,59,26,2,ps10_v2_p042,0.14444805681705475,1
3491,59,27,2,ps10_v2_p042,0.14444805681705475,1
3492,59,28,2,ps10_v2_p042,0.14444805681705475,1
3493,59,29,2,ps10_v2_p042,0.14444805681705475,1
3494,59,30,2,ps10_v2_p043,0.1317387968301773,1
3495,59,31,2,ps10_v2_p043,0.1317387968301773,1
3496,59,32,2,ps10_v2_p043,0.1317387968301773,1
3497,59,33,2,ps10_v2_p043,0.1317387968301773,1
3498,59,34,2,ps10_v2_p043,0.1317387968301773,1
3499,59,35,2,ps10_v2_p043,0.1317387968301773,1
3500,59,36,2,ps10_v2_p043,0.1317387968301773,1
3501,59,37,2,ps10_v2_p043,0.1317387968301773,1
3502,59,38,2,ps10_v2_p043,0.1317387968301773,1
3503,59,39,2,ps10_v2_p043,0.1317387968301773,1
3504,59,40,2,ps10_v2_p044,0.14014063775539398,1
3505,59,41,2,ps10_v2_p044,0.14014063775539398,1
3506,59,42,2,ps10_v2_p044,0.14014063775539398,1
3507,59,43,2,ps10_v2_p044,0.14014063775539398,1
3508,59,44,2,ps10_v2_p044,0.14014063775539398,1
3509,59,45,2,ps10_v2_p044,0.14014063775539398,1
3510,59,46,2,ps10_v2_p044,0.14014063775539398,1
3511,59,47,2,ps10_v2_p044,0.14014063775539398,1
3512,59,48,2,ps10_v2_p044,0.14014063775539398,1
3513,59,49,2,ps10_v2_p044,0.14014063775539398,1
3514,59,50,2,ps10_v2_p045,0.1363464593887329,1
3515,59,51,2,ps10_v2_p045,0.1363464593887329,1
3516,59,52,2,ps10_v2_p045,0.1363464593887329,1
3517,59,54,2,ps10_v2_p045,0.1363464593887329,1
3518,59,55,2,ps10_v2_p045,0.1363464593887329,1
3519,59,56,2,ps10_v2_p045,0.1363464593887329,1
3520,59,57,2,ps10_v2_p045,0.1363464593887329,1
3521,59,58,2,ps10_v2_p045,0.1363464593887329,1
3522,59,59,2,ps10_v2_p045,0.1363464593887329,1
3523,59,60,2,ps10_v2_p046,0.1376858651638031,1
3524,59,61,2,ps10_v2_p046,0.1376858651638031,1
3525,59,62,2,ps10_v2_p046,0.1376858651638031,1
3526,59,63,2,ps10_v2_p046,0.1376858651638031,1
3527,59,64,2,ps10_v2_p046,0.1376858651638031,1
3528,59,65,2,ps10_v2_p046,0.1376858651638031,1
3529,59,66,2,ps10_v2_p046,0.1376858651638031,1
3530,59,67,2,ps10_v2_p046,0.1376858651638031,1
3531,59,68,2,ps10_v2_p046,0.1376858651638031,1
3532,59,69,2,ps10_v2_p046,0.1376858651638031,1
3533,59,70,2,ps10_v2_p047,0.10969927161931992,1
3534,59,71,4,ps10_v2_p164,0.10384596139192581,1
3535,59,72,4,ps10_v2_p164,0.10384596139192581,1
3536,59,73,4,ps10_v2_p164,0.10384596139192581,1
3537,59,74,4,ps10_v2_p164,0.10384596139192581,1
3538,59,75,4,ps10_v2_p164,0.10384596139192581,1
3539,59,76,4,ps10_v2_p164,0.10384596139192581,1
3540,59,77,4,ps10_v2_p164,0.10384596139192581,1
3541,59,78,4,ps10_v2_p164,0.10384596139192581,1
3542,59,117,3,ps10_v2_p098,0.10037005692720413,1
3543,59,118,3,ps10_v2_p098,0.10037005692720413,1
3544,59,119,3,ps10_v2_p098,0.10037005692720413,1
3545,59,120,3,ps10_v2_p098,0.10037005692720413,1
3546,59,121,3,ps10_v2_p098,0.10037005692720413,1
3547,59,122,3,ps10_v2_p098,0.10037005692720413,1
3548,59,123,3,ps10_v2_p098,0.10037005692720413,1
3549,59,124,3,ps10_v2_p099,0.08176159858703613,1
3550,59,130,3,ps10_v2_p099,0.08176159858703613,1
3551,59,203,3,ps10_v2_p100,0.07208104431629181,1
3552,59,204,3,,,0
3553,60,8,2,ps10_v2_p040,0.09853893518447876,1
3554,60,10,2,ps10_v2_p041,0.12426809966564178,1
3555,60,11,2,ps10_v2_p041,0.12426809966564178,1
3556,60,12,2,ps10_v2_p041,0.12426809966564178,1
3557,60,13,2,ps10_v2_p041,0.12426809966564178,1
3558,60,14,2,ps10_v2_p041,0.12426809966564178,1
3559,60,15,2,ps10_v2_p041,0.12426809966564178,1
3560,60,16,2,ps10_v2_p041,0.12426809966564178,1
3561,60,17,2,ps10_v2_p041,0.12426809966564178,1
3562,60,18,2,ps10_v2_p041,0.12426809966564178,1
3563,60,19,2,ps10_v2_p041,0.12426809966564178,1
3564,60,20,2,ps10_v2_p042,0.14444805681705475,1
3565,60,21,2,ps10_v2_p042,0.14444805681705475,1
3566,60,22,2,ps10_v2_p042,0.14444805681705475,1
3567,60,23,2,ps10_v2_p042,0.14444805681705475,1
3568,60,24,2,ps10_v2_p042,0.14444805681705475,1
3569,60,25,2,ps10_v2_p042,0.14444805681705475,1
3570,60,26,2,ps10_v2_p042,0.14444805681705475,1
3571,60,27,2,ps10_v2_p042,0.14444805681705475,1
3572,60,28,2,ps10_v2_p042,0.14444805681705475,1
3573,60,29,2,ps10_v2_p042,0.14444805681705475,1
3574,60,30,2,ps10_v2_p043,0.1317387968301773,1
3575,60,31,2,ps10_v2_p043,0.1317387968301773,1
3576,60,32,2,ps10_v2_p043,0.1317387968301773,1
3577,60,33,2,ps10_v2_p043,0.1317387968301773,1
3578,60,34,2,ps10_v2_p043,0.1317387968301773,1
3579,60,35,2,ps10_v2_p043,0.1317387968301773,1
3580,60,36,2,ps10_v2_p043,0.1317387968301773,1
3581,60,37,2,ps10_v2_p043,0.1317387968301773,1
3582,60,38,2,ps10_v2_p043,0.1317387968301773,1
3583,60,39,2,ps10_v2_p043,0.1317387968301773,1
3584,60,40,2,ps10_v2_p044,0.14014063775539398,1
3585,60,41,2,ps10_v2_p044,0.14014063775539398,1
3586,60,42,2,ps10_v2_p044,0.14014063775539398,1
3587,60,43,2,ps10_v2_p044,0.14014063775539398,1
3588,60,44,2,ps10_v2_p044,0.14014063775539398,1
3589,60,45,2,ps10_v2_p044,0.14014063775539398,1
3590,60,46,2,ps10_v2_p044,0.14014063775539398,1
3591,60,47,2,ps10_v2_p044,0.14014063775539398,1
3592,60,48,2,ps10_v2_p044,0.14014063775539398,1
3593,60,49,2,ps10_v2_p044,0.14014063775539398,1
3594,60,50,2,ps10_v2_p045,0.1363464593887329,1
3595,60,51,2,ps10_v2_p045,0.1363464593887329,1
3596,60,52,2,ps10_v2_p045,0.1363464593887329,1
3597,60,53,2,ps10_v2_p045,0.1363464593887329,1
3598,60,54,2,ps10_v2_p045,0.1363464593887329,1
3599,60,55,2,ps10_v2_p045,0.1363464593887329,1
3600,60,56,2,ps10_v2_p045,0.1363464593887329,1
3601,60,57,2,ps10_v2_p045,0.1363464593887329,1
3602,60,58,2,ps10_v2_p045,0.1363464593887329,1
3603,60,59,2,ps10_v2_p045,0.1363464593887329,1
3604,60,60,2,ps10_v2_p046,0.1376858651638031,1
3605,60,61,2,ps10_v2_p046,0.1376858651638031,1
3606,60,62,2,ps10_v2_p046,0.1376858651638031,1
3607,60,63,2,ps10_v2_p046,0.1376858651638031,1
3608,60,64,2,ps10_v2_p046,0.1376858651638031,1
3609,60,65,2,ps10_v2_p046,0.1376858651638031,1
3610,60,66,2,ps10_v2_p046,0.1376858651638031,1
3611,60,67,2,ps10_v2_p046,0.1376858651638031,1
3612,60,68,2,ps10_v2_p046,0.1376858651638031,1
3613,60,69,2,ps10_v2_p046,0.1376858651638031,1
3614,60,70,2,ps10_v2_p047,0.10969927161931992,1
3615,60,71,4,ps10_v2_p164,0.10384596139192581,1
3616,60,72,4,ps10_v2_p164,0.10384596139192581,1
3617,60,73,4,ps10_v2_p164,0.10384596139192581,1
3618,60,74,4,ps10_v2_p164,0.10384596139192581,1
3619,60,75,4,ps10_v2_p164,0.10384596139192581,1
3620,60,76,4,ps10_v2_p164,0.10384596139192581,1
3621,60,77,4,ps10_v2_p164,0.10384596139192581,1
3622,60,78,4,ps10_v2_p164,0.10384596139192581,1
3623,60,79,4,ps10_v2_p164,0.10384596139192581,1
3624,60,120,3,ps10_v2_p101,0.09401866048574448,1
3625,60,121,3,ps10_v2_p101,0.09401866048574448,1
3626,60,122,3,ps10_v2_p101,0.09401866048574448,1
3627,60,123,3,ps10_v2_p101,0.09401866048574448,1
3628,60,125,3,ps10_v2_p102,0.09566232562065125,1
3629,60,129,3,ps10_v2_p102,0.09566232562065125,1
3630,60,130,3,ps10_v2_p102,0.09566232562065125,1
3631,60,131,3,ps10_v2_p102,0.09566232562065125,1
3632,60,132,3,ps10_v2_p102,0.09566232562065125,1
3633,60,133,3,ps10_v2_p102,0.09566232562065125,1
3634,60,134,3,ps10_v2_p103,0.128886416554451,1
3635,60,203,3,,,0
3636,61,8,2,ps10_v2_p040,0.09853893518447876,1
3637,61,9,2,ps10_v2_p040,0.09853893518447876,1
3638,61,11,2,ps10_v2_p041,0.12426809966564178,1
3639,61,12,2,ps10_v2_p041,0.12426809966564178,1
3640,61,13,2,ps10_v2_p041,0.12426809966564178,1
3641,61,14,2,ps10_v2_p041,0.12426809966564178,1
3642,61,15,2,ps10_v2_p041,0.12426809966564178,1
3643,61,16,2,ps10_v2_p041,0.12426809966564178,1
3644,61,17,2,ps10_v2_p041,0.12426809966564178,1
3645,61,18,2,ps10_v2_p041,0.12426809966564178,1
3646,61,19,2,ps10_v2_p041,0.12426809966564178,1
3647,61,20,2,ps10_v2_p042,0.14444805681705475,1
3648,61,21,2,ps10_v2_p042,0.14444805681705475,1
3649,61,22,2,ps10_v2_p042,0.14444805681705475,1
3650,61,23,2,ps10_v2_p042,0.14444805681705475,1
3651,61,24,2,ps10_v2_p042,0.14444805681705475,1
3652,61,25,2,ps10_v2_p042,0.14444805681705475,1
3653,61,26,2,ps10_v2_p042,0.14444805681705475,1
3654,61,27,2,ps10_v2_p042,0.14444805681705475,1
3655,61,28,2,ps10_v2_p042,0.14444805681705475,1
3656,61,29,2,ps10_v2_p042,0.14444805681705475,1
3657,61,30,2,ps10_v2_p043,0.1317387968301773,1
3658,61,31,2,ps10_v2_p043,0.1317387968301773,1
3659,61,32,2,ps10_v2_p043,0.1317387968301773,1
3660,61,33,2,ps10_v2_p043,0.1317387968301773,1
3661,61,34,2,ps10_v2_p043,0.1317387968301773,1
3662,61,35,2,ps10_v2_p043,0.1317387968301773,1
3663,61,36,2,ps10_v2_p043,0.1317387968301773,1
3664,61,37,2,ps10_v2_p043,0.1317387968301773,1
3665,61,38,2,ps10_v2_p043,0.1317387968301773,1
3666,61,39,2,ps10_v2_p043,0.1317387968301773,1
3667,61,40,2,ps10_v2_p044,0.14014063775539398,1
3668,61,41,2,ps10_v2_p044,0.14014063775539398,1
3669,61,42,2,ps10_v2_p044,0.14014063775539398,1
3670,61,43,2,ps10_v2_p044,0.14014063775539398,1
3671,61,44,2,ps10_v2_p044,0.14014063775539398,1
3672,61,45,2,ps10_v2_p044,0.14014063775539398,1
3673,61,46,2,ps10_v2_p044,0.14014063775539398,1
3674,61,47,2,ps10_v2_p044,0.14014063775539398,1
3675,61,48,2,ps10_v2_p044,0.14014063775539398,1
3676,61,49,2,ps10_v2_p044,0.14014063775539398,1
3677,61,50,2,ps10_v2_p045,0.1363464593887329,1
3678,61,51,2,ps10_v2_p045,0.1363464593887329,1
3679,61,52,2,ps10_v2_p045,0.1363464593887329,1
3680,61,53,2,ps10_v2_p045,0.1363464593887329,1
3681,61,54,2,ps10_v2_p045,0.1363464593887329,1
3682,61,55,2,ps10_v2_p045,0.1363464593887329,1
3683,61,56,2,ps10_v2_p045,0.1363464593887329,1
3684,61,57,2,ps10_v2_p045,0.1363464593887329,1
3685,61,58,2,ps10_v2_p045,0.1363464593887329,1
3686,61,59,2,ps10_v2_p045,0.1363464593887329,1
3687,61,60,2,ps10_v2_p046,0.1376858651638031,1
3688,61,61,2,ps10_v2_p046,0.1376858651638031,1
3689,61,62,2,ps10_v2_p046,0.1376858651638031,1
3690,61,63,2,ps10_v2_p046,0.1376858651638031,1
3691,61,64,2,ps10_v2_p046,0.1376858651638031,1
3692,61,65,2,ps10_v2_p046,0.1376858651638031,1
3693,61,66,2,ps10_v2_p046,0.1376858651638031,1
3694,61,67,2,ps10_v2_p046,0.1376858651638031,1
3695,61,68,2,ps10_v2_p046,0.1376858651638031,1
3696,61,69,2,ps10_v2_p046,0.1376858651638031,1
3697,61,70,2,ps10_v2_p047,0.10969927161931992,1
3698,61,71,4,ps10_v2_p164,0.10384596139192581,1
3699,61,72,4,ps10_v2_p164,0.10384596139192581,1
3700,61,73,4,ps10_v2_p164,0.10384596139192581,1
3701,61,74,4,ps10_v2_p164,0.10384596139192581,1
3702,61,75,4,ps10_v2_p164,0.10384596139192581,1
3703,61,76,4,ps10_v2_p164,0.10384596139192581,1
3704,61,77,4,ps10_v2_p164,0.10384596139192581,1
3705,61,78,4,ps10_v2_p164,0.10384596139192581,1
3706,61,79,4,ps10_v2_p164,0.10384596139192581,1
3707,61,88,4,,,0
3708,61,119,3,ps10_v2_p101,0.09401866048574448,1
3709,61,121,3,ps10_v2_p101,0.09401866048574448,1
3710,61,123,3,ps10_v2_p101,0.09401866048574448,1
3711,61,124,3,ps10_v2_p102,0.09566232562065125,1
3712,61,125,3,ps10_v2_p102,0.09566232562065125,1
3713,61,130,3,ps10_v2_p102,0.09566232562065125,1
3714,61,131,3,ps10_v2_p102,0.09566232562065125,1
3715,61,133,3,ps10_v2_p102,0.09566232562065125,1
3716,62,11,2,ps10_v2_p041,0.12426809966564178,1
3717,62,12,2,ps10_v2_p041,0.12426809966564178,1
3718,62,13,2,ps10_v2_p041,0.12426809966564178,1
3719,62,14,2,ps10_v2_p041,0.12426809966564178,1
3720,62,15,2,ps10_v2_p041,0.12426809966564178,1
3721,62,16,2,ps10_v2_p041,0.12426809966564178,1
3722,62,17,2,ps10_v2_p041,0.12426809966564178,1
3723,62,18,2,ps10_v2_p041,0.12426809966564178,1
3724,62,19,2,ps10_v2_p041,0.12426809966564178,1
3725,62,20,2,ps10_v2_p042,0.14444805681705475,1
3726,62,21,2,ps10_v2_p042,0.14444805681705475,1
3727,62,22,2,ps10_v2_p042,0.14444805681705475,1
3728,62,23,2,ps10_v2_p042,0.14444805681705475,1
3729,62,24,2,ps10_v2_p042,0.14444805681705475,1
3730,62,25,2,ps10_v2_p042,0.14444805681705475,1
3731,62,26,2,ps10_v2_p042,0.14444805681705475,1
3732,62,27,2,ps10_v2_p042,0.14444805681705475,1
3733,62,28,2,ps10_v2_p042,0.14444805681705475,1
3734,62,29,2,ps10_v2_p042,0.14444805681705475,1
3735,62,30,2,ps10_v2_p043,0.1317387968301773,1
3736,62,31,2,ps10_v2_p043,0.1317387968301773,1
3737,62,32,2,ps10_v2_p043,0.1317387968301773,1
3738,62,33,2,ps10_v2_p043,0.1317387968301773,1
3739,62,34,2,ps10_v2_p043,0.1317387968301773,1
3740,62,35,2,ps10_v2_p043,0.1317387968301773,1
3741,62,36,2,ps10_v2_p043,0.1317387968301773,1
3742,62,37,2,ps10_v2_p043,0.1317387968301773,1
3743,62,38,2,ps10_v2_p043,0.1317387968301773,1
3744,62,39,2,ps10_v2_p043,0.1317387968301773,1
3745,62,40,2,ps10_v2_p044,0.14014063775539398,1
3746,62,41,2,ps10_v2_p044,0.14014063775539398,1
3747,62,42,2,ps10_v2_p044,0.14014063775539398,1
3748,62,43,2,ps10_v2_p044,0.14014063775539398,1
3749,62,44,2,ps10_v2_p044,0.14014063775539398,1
3750,62,45,2,ps10_v2_p044,0.14014063775539398,1
3751,62,46,2,ps10_v2_p044,0.14014063775539398,1
3752,62,47,2,ps10_v2_p044,0.14014063775539398,1
3753,62,48,2,ps10_v2_p044,0.14014063775539398,1
3754,62,49,2,ps10_v2_p044,0.14014063775539398,1
3755,62,50,2,ps10_v2_p045,0.1363464593887329,1
3756,62,51,2,ps10_v2_p045,0.1363464593887329,1
3757,62,52,2,ps10_v2_p045,0.1363464593887329,1
3758,62,53,2,ps10_v2_p045,0.1363464593887329,1
3759,62,54,2,ps10_v2_p045,0.1363464593887329,1
3760,62,55,2,ps10_v2_p045,0.1363464593887329,1
3761,62,57,2,ps10_v2_p045,0.1363464593887329,1
3762,62,58,2,ps10_v2_p045,0.1363464593887329,1
3763,62,59,2,ps10_v2_p045,0.1363464593887329,1
3764,62,60,2,ps10_v2_p046,0.1376858651638031,1
3765,62,61,2,ps10_v2_p046,0.1376858651638031,1
3766,62,62,2,ps10_v2_p046,0.1376858651638031,1
3767,62,63,2,ps10_v2_p046,0.1376858651638031,1
3768,62,64,2,ps10_v2_p046,0.1376858651638031,1
3769,62,65,2,ps10_v2_p046,0.1376858651638031,1
3770,62,66,2,ps10_v2_p046,0.1376858651638031,1
3771,62,67,2,ps10_v2_p046,0.1376858651638031,1
3772,62,68,2,ps10_v2_p046,0.1376858651638031,1
3773,62,69,2,ps10_v2_p046,0.1376858651638031,1
3774,62,70,2,ps10_v2_p047,0.10969927161931992,1
3775,62,71,4,ps10_v2_p164,0.10384596139192581,1
3776,62,72,4,ps10_v2_p164,0.10384596139192581,1
3777,62,73,4,ps10_v2_p164,0.10384596139192581,1
3778,62,74,4,ps10_v2_p164,0.10384596139192581,1
3779,62,75,4,ps10_v2_p164,0.10384596139192581,1
3780,62,76,4,ps10_v2_p164,0.10384596139192581,1
3781,62,77,4,ps10_v2_p164,0.10384596139192581,1
3782,62,78,4,ps10_v2_p164,0.10384596139192581,1
3783,62,79,4,ps10_v2_p164,0.10384596139192581,1
3784,62,80,4,ps10_v2_p164,0.10384596139192581,1
3785,62,87,4,,,0
3786,62,121,3,ps10_v2_p101,0.09401866048574448,1
3787,62,123,3,ps10_v2_p101,0.09401866048574448,1
3788,62,124,3,ps10_v2_p102,0.09566232562065125,1
3789,62,125,3,ps10_v2_p102,0.09566232562065125,1
3790,62,130,3,ps10_v2_p102,0.09566232562065125,1
3791,62,132,3,ps10_v2_p102,0.09566232562065125,1
3792,62,134,3,ps10_v2_p103,0.128886416554451,1
3793,63,9,2,ps10_v2_p040,0.09853893518447876,1
3794,63,10,2,ps10_v2_p041,0.12426809966564178,1
3795,63,11,2,ps10_v2_p041,0.12426809966564178,1
3796,63,12,2,ps10_v2_p041,0.12426809966564178,1
3797,63,13,2,ps10_v2_p041,0.12426809966564178,1
3798,63,14,2,ps10_v2_p041,0.12426809966564178,1
3799,63,15,2,ps10_v2_p041,0.12426809966564178,1
3800,63,16,2,ps10_v2_p041,0.12426809966564178,1
3801,63,17,2,ps10_v2_p041,0.12426809966564178,1
3802,63,18,2,ps10_v2_p041,0.12426809966564178,1
3803,63,19,2,ps10_v2_p041,0.12426809966564178,1
3804,63,20,2,ps10_v2_p042,0.14444805681705475,1
3805,63,21,2,ps10_v2_p042,0.14444805681705475,1
3806,63,22,2,ps10_v2_p042,0.14444805681705475,1
3807,63,23,2,ps10_v2_p042,0.14444805681705475,1
3808,63,24,2,ps10_v2_p042,0.14444805681705475,1
3809,63,25,2,ps10_v2_p042,0.14444805681705475,1
3810,63,26,2,ps10_v2_p042,0.14444805681705475,1
3811,63,27,2,ps10_v2_p042,0.14444805681705475,1
3812,63,28,2,ps10_v2_p042,0.14444805681705475,1
3813,63,29,2,ps10_v2_p042,0.14444805681705475,1
3814,63,30,2,ps10_v2_p043,0.1317387968301773,1
3815,63,31,2,ps10_v2_p043,0.1317387968301773,1
3816,63,32,2,ps10_v2_p043,0.1317387968301773,1
3817,63,33,2,ps10_v2_p043,0.1317387968301773,1
3818,63,34,2,ps10_v2_p043,0.1317387968301773,1
3819,63,35,2,ps10_v2_p043,0.1317387968301773,1
3820,63,36,2,ps10_v2_p043,0.1317387968301773,1
3821,63,37,2,ps10_v2_p043,0.1317387968301773,1
3822,63,38,2,ps10_v2_p043,0.1317387968301773,1
3823,63,39,2,ps10_v2_p043,0.1317387968301773,1
3824,63,40,2,ps10_v2_p044,0.14014063775539398,1
3825,63,41,2,ps10_v2_p044,0.14014063775539398,1
3826,63,42,2,ps10_v2_p044,0.14014063775539398,1
3827,63,43,2,ps10_v2_p044,0.14014063775539398,1
3828,63,44,2,ps10_v2_p044,0.14014063775539398,1
3829,63,45,2,ps10_v2_p044,0.14014063775539398,1
3830,63,46,2,ps10_v2_p044,0.14014063775539398,1
3831,63,47,2,ps10_v2_p044,0.14014063775539398,1
3832,63,48,2,ps10_v2_p044,0.14014063775539398,1
3833,63,49,2,ps10_v2_p044,0.14014063775539398,1
3834,63,50,2,ps10_v2_p045,0.1363464593887329,1
3835,63,51,2,ps10_v2_p045,0.1363464593887329,1
3836,63,52,2,ps10_v2_p045,0.1363464593887329,1
3837,63,53,2,ps10_v2_p045,0.1363464593887329,1
3838,63,54,2,ps10_v2_p045,0.1363464593887329,1
3839,63,55,2,ps10_v2_p045,0.1363464593887329,1
3840,63,56,2,ps10_v2_p045,0.1363464593887329,1
3841,63,57,2,ps10_v2_p045,0.1363464593887329,1
3842,63,58,2,ps10_v2_p045,0.1363464593887329,1
3843,63,59,2,ps10_v2_p045,0.1363464593887329,1
3844,63,60,2,ps10_v2_p046,0.1376858651638031,1
3845,63,61,2,ps10_v2_p046,0.1376858651638031,1
3846,63,62,2,ps10_v2_p046,0.1376858651638031,1
3847,63,63,2,ps10_v2_p046,0.1376858651638031,1
3848,63,64,2,ps10_v2_p046,0.1376858651638031,1
3849,63,65,2,ps10_v2_p046,0.1376858651638031,1
3850,63,66,2,ps10_v2_p046,0.1376858651638031,1
3851,63,67,2,ps10_v2_p046,0.1376858651638031,1
3852,63,68,2,ps10_v2_p046,0.1376858651638031,1
3853,63,69,2,ps10_v2_p046,0.1376858651638031,1
3854,63,70,2,ps10_v2_p047,0.10969927161931992,1
3855,63,71,4,ps10_v2_p164,0.10384596139192581,1
3856,63,72,4,ps10_v2_p164,0.10384596139192581,1
3857,63,73,4,ps10_v2_p164,0.10384596139192581,1
3858,63,74,4,ps10_v2_p164,0.10384596139192581,1
3859,63,75,4,ps10_v2_p164,0.10384596139192581,1
3860,63,76,4,ps10_v2_p164,0.10384596139192581,1
3861,63,77,4,ps10_v2_p164,0.10384596139192581,1
3862,63,78,4,ps10_v2_p164,0.10384596139192581,1
3863,63,79,4,ps10_v2_p164,0.10384596139192581,1
3864,63,80,4,ps10_v2_p164,0.10384596139192581,1
3865,63,81,4,,,0
3866,63,87,4,,,0
3867,63,121,3,ps10_v2_p101,0.09401866048574448,1
3868,63,122,3,ps10_v2_p101,0.09401866048574448,1
3869,63,123,3,ps10_v2_p101,0.09401866048574448,1
3870,63,124,3,ps10_v2_p102,0.09566232562065125,1
3871,63,125,3,ps10_v2_p102,0.09566232562065125,1
3872,63,131,3,ps10_v2_p102,0.09566232562065125,1
3873,63,133,3,ps10_v2_p102,0.09566232562065125,1
3874,63,193,3,,,0
3875,64,9,2,,,0
3876,64,10,2,ps10_v2_p048,0.10436949878931046,1
3877,64,11,2,ps10_v2_p048,0.10436949878931046,1
3878,64,12,2,ps10_v2_p048,0.10436949878931046,1
3879,64,13,2,ps10_v2_p048,0.10436949878931046,1
3880,64,14,2,ps10_v2_p048,0.10436949878931046,1
3881,64,15,2,ps10_v2_p048,0.10436949878931046,1
3882,64,16,2,ps10_v2_p048,0.10436949878931046,1
3883,64,17,2,ps10_v2_p048,0.10436949878931046,1
3884,64,18,2,ps10_v2_p048,0.10436949878931046,1
3885,64,19,2,ps10_v2_p048,0.10436949878931046,1
3886,64,20,2,ps10_v2_p049,0.14707599580287933,1
3887,64,21,2,ps10_v2_p049,0.14707599580287933,1
3888,64,22,2,ps10_v2_p049,0.14707599580287933,1
3889,64,23,2,ps10_v2_p049,0.14707599580287933,1
3890,64,24,2,ps10_v2_p049,0.14707599580287933,1
3891,64,25,2,ps10_v2_p049,0.14707599580287933,1
3892,64,26,2,ps10_v2_p049,0.14707599580287933,1
3893,64,27,2,ps10_v2_p049,0.14707599580287933,1
3894,64,28,2,ps10_v2_p049,0.14707599580287933,1
3895,64,29,2,ps10_v2_p049,0.14707599580287933,1
3896,64,30,2,ps10_v2_p050,0.12825264036655426,1
3897,64,31,2,ps10_v2_p050,0.12825264036655426,1
3898,64,32,2,ps10_v2_p050,0.12825264036655426,1
3899,64,33,2,ps10_v2_p050,0.12825264036655426,1
3900,64,34,2,ps10_v2_p050,0.12825264036655426,1
3901,64,35,2,ps10_v2_p050,0.12825264036655426,1
3902,64,36,2,ps10_v2_p050,0.12825264036655426,1
3903,64,37,2,ps10_v2_p050,0.12825264036655426,1
3904,64,38,2,ps10_v2_p050,0.12825264036655426,1
3905,64,39,2,ps10_v2_p050,0.12825264036655426,1
3906,64,40,2,ps10_v2_p051,0.12130334973335266,1
3907,64,41,2,ps10_v2_p051,0.12130334973335266,1
3908,64,42,2,ps10_v2_p051,0.12130334973335266,1
3909,64,43,2,ps10_v2_p051,0.12130334973335266,1
3910,64,44,2,ps10_v2_p051,0.12130334973335266,1
3911,64,45,2,ps10_v2_p051,0.12130334973335266,1
3912,64,46,2,ps10_v2_p051,0.12130334973335266,1
3913,64,47,2,ps10_v2_p051,0.12130334973335266,1
3914,64,48,2,ps10_v2_p051,0.12130334973335266,1
3915,64,49,2,ps10_v2_p051,0.12130334973335266,1
3916,64,50,2,ps10_v2_p052,0.13820073008537292,1
3917,64,51,2,ps10_v2_p052,0.13820073008537292,1
3918,64,52,2,ps10_v2_p052,0.13820073008537292,1
3919,64,53,2,ps10_v2_p052,0.13820073008537292,1
3920,64,54,2,ps10_v2_p052,0.13820073008537292,1
3921,64,55,2,ps10_v2_p052,0.13820073008537292,1
3922,64,56,2,ps10_v2_p052,0.13820073008537292,1
3923,64,57,2,ps10_v2_p052,0.13820073008537292,1
3924,64,59,2,ps10_v2_p052,0.13820073008537292,1
3925,64,60,2,ps10_v2_p053,0.12776105105876923,1
3926,64,61,2,ps10_v2_p053,0.12776105105876923,1
3927,64,62,2,ps10_v2_p053,0.12776105105876923,1
3928,64,63,2,ps10_v2_p053,0.12776105105876923,1
3929,64,64,2,ps10_v2_p053,0.12776105105876923,1
3930,64,65,2,ps10_v2_p053,0.12776105105876923,1
3931,64,66,2,ps10_v2_p053,0.12776105105876923,1
3932,64,67,2,ps10_v2_p053,0.12776105105876923,1
3933,64,68,2,ps10_v2_p053,0.12776105105876923,1
3934,64,69,2,ps10_v2_p053,0.12776105105876923,1
3935,64,70,2,,,0
3936,64,71,4,ps10_v2_p164,0.10384596139192581,1
3937,64,72,4,ps10_v2_p164,0.10384596139192581,1
3938,64,73,4,ps10_v2_p164,0.10384596139192581,1
3939,64,74,4,ps10_v2_p164,0.10384596139192581,1
3940,64,75,4,ps10_v2_p164,0.10384596139192581,1
3941,64,76,4,ps10_v2_p164,0.10384596139192581,1
3942,64,77,4,ps10_v2_p164,0.10384596139192581,1
3943,64,78,4,ps10_v2_p164,0.10384596139192581,1
3944,64,79,4,ps10_v2_p164,0.10384596139192581,1
3945,64,80,4,ps10_v2_p164,0.10384596139192581,1
3946,64,81,4,,,0
3947,64,122,3,ps10_v2_p101,0.09401866048574448,1
3948,64,123,3,ps10_v2_p101,0.09401866048574448,1
3949,64,124,3,ps10_v2_p102,0.09566232562065125,1
3950,64,125,3,ps10_v2_p102,0.09566232562065125,1
3951,64,128,3,ps10_v2_p102,0.09566232562065125,1
3952,64,129,3,ps10_v2_p102,0.09566232562065125,1
3953,64,130,3,ps10_v2_p102,0.09566232562065125,1
3954,64,133,3,ps10_v2_p102,0.09566232562065125,1
3955,64,176,3,,,0
3956,65,7,2,,,0
3957,65,9,2,,,0
3958,65,10,2,ps10_v2_p048,0.10436949878931046,1
3959,65,11,2,ps10_v2_p048,0.10436949878931046,1
3960,65,12,2,ps10_v2_p048,0.10436949878931046,1
3961,65,13,2,ps10_v2_p048,0.10436949878931046,1
3962,65,14,2,ps10_v2_p048,0.10436949878931046,1
3963,65,15,2,ps10_v2_p048,0.10436949878931046,1
3964,65,16,2,ps10_v2_p048,0.10436949878931046,1
3965,65,17,2,ps10_v2_p048,0.10436949878931046,1
3966,65,18,2,ps10_v2_p048,0.10436949878931046,1
3967,65,19,2,ps10_v2_p048,0.10436949878931046,1
3968,65,20,2,ps10_v2_p049,0.14707599580287933,1
3969,65,21,2,ps10_v2_p049,0.14707599580287933,1
3970,65,22,2,ps10_v2_p049,0.14707599580287933,1
3971,65,23,2,ps10_v2_p049,0.14707599580287933,1
3972,65,24,2,ps10_v2_p049,0.14707599580287933,1
3973,65,25,2,ps10_v2_p049,0.14707599580287933,1
3974,65,26,2,ps10_v2_p049,0.14707599580287933,1
3975,65,27,2,ps10_v2_p049,0.14707599580287933,1
3976,65,28,2,ps10_v2_p049,0.14707599580287933,1
3977,65,29,2,ps10_v2_p049,0.14707599580287933,1
3978,65,30,2,ps10_v2_p050,0.12825264036655426,1
3979,65,31,2,ps10_v2_p050,0.12825264036655426,1
3980,65,32,2,ps10_v2_p050,0.12825264036655426,1
3981,65,33,2,ps10_v2_p050,0.12825264036655426,1
3982,65,34,2,ps10_v2_p050,0.12825264036655426,1
3983,65,35,2,ps10_v2_p050,0.12825264036655426,1
3984,65,36,2,ps10_v2_p050,0.12825264036655426,1
3985,65,37,2,ps10_v2_p050,0.12825264036655426,1
3986,65,38,2,ps10_v2_p050,0.12825264036655426,1
3987,65,39,2,ps10_v2_p050,0.12825264036655426,1
3988,65,40,2,ps10_v2_p051,0.12130334973335266,1
3989,65,41,2,ps10_v2_p051,0.12130334973335266,1
3990,65,42,2,ps10_v2_p051,0.12130334973335266,1
3991,65,43,2,ps10_v2_p051,0.12130334973335266,1
3992,65,45,2,ps10_v2_p051,0.12130334973335266,1
3993,65,46,2,ps10_v2_p051,0.12130334973335266,1
3994,65,47,2,ps10_v2_p051,0.12130334973335266,1
3995,65,48,2,ps10_v2_p051,0.12130334973335266,1
3996,65,49,2,ps10_v2_p051,0.12130334973335266,1
3997,65,50,2,ps10_v2_p052,0.13820073008537292,1
3998,65,51,2,ps10_v2_p052,0.13820073008537292,1
3999,65,52,2,ps10_v2_p052,0.13820073008537292,1
4000,65,53,2,ps10_v2_p052,0.13820073008537292,1
4001,65,54,2,ps10_v2_p052,0.13820073008537292,1
4002,65,55,2,ps10_v2_p052,0.13820073008537292,1
4003,65,56,2,ps10_v2_p052,0.13820073008537292,1
4004,65,57,2,ps10_v2_p052,0.13820073008537292,1
4005,65,58,2,ps10_v2_p052,0.13820073008537292,1
4006,65,59,2,ps10_v2_p052,0.13820073008537292,1
4007,65,60,2,ps10_v2_p053,0.12776105105876923,1
4008,65,61,2,ps10_v2_p053,0.12776105105876923,1
4009,65,62,2,ps10_v2_p053,0.12776105105876923,1
4010,65,63,2,ps10_v2_p053,0.12776105105876923,1
4011,65,64,2,ps10_v2_p053,0.12776105105876923,1
4012,65,65,2,ps10_v2_p053,0.12776105105876923,1
4013,65,66,2,ps10_v2_p053,0.12776105105876923,1
4014,65,67,2,ps10_v2_p053,0.12776105105876923,1
4015,65,68,2,ps10_v2_p053,0.12776105105876923,1
4016,65,69,2,ps10_v2_p053,0.12776105105876923,1
4017,65,70,2,,,0
4018,65,71,4,ps10_v2_p164,0.10384596139192581,1
4019,65,72,4,ps10_v2_p164,0.10384596139192581,1
4020,65,73,4,ps10_v2_p164,0.10384596139192581,1
4021,65,74,4,ps10_v2_p164,0.10384596139192581,1
4022,65,75,4,ps10_v2_p164,0.10384596139192581,1
4023,65,76,4,ps10_v2_p164,0.10384596139192581,1
4024,65,77,4,ps10_v2_p164,0.10384596139192581,1
4025,65,78,4,ps10_v2_p164,0.10384596139192581,1
4026,65,79,4,ps10_v2_p164,0.10384596139192581,1
4027,65,80,4,ps10_v2_p164,0.10384596139192581,1
4028,65,81,4,,,0
4029,65,82,4,,,0
4030,65,119,3,ps10_v2_p101,0.09401866048574448,1
4031,65,121,3,ps10_v2_p101,0.09401866048574448,1
4032,65,122,3,ps10_v2_p101,0.09401866048574448,1
4033,65,123,3,ps10_v2_p101,0.09401866048574448,1
4034,65,124,3,ps10_v2_p102,0.09566232562065125,1
4035,65,125,3,ps10_v2_p102,0.09566232562065125,1
4036,65,126,3,ps10_v2_p102,0.09566232562065125,1
4037,65,127,3,ps10_v2_p102,0.09566232562065125,1
4038,65,128,3,ps10_v2_p102,0.09566232562065125,1
4039,65,129,3,ps10_v2_p102,0.09566232562065125,1
4040,65,130,3,ps10_v2_p102,0.09566232562065125,1
4041,65,132,3,ps10_v2_p102,0.09566232562065125,1
4042,65,134,3,ps10_v2_p103,0.128886416554451,1
4043,65,136,3,ps10_v2_p103,0.128886416554451,1
4044,65,180,3,,,0
4045,66,9,2,,,0
4046,66,10,2,ps10_v2_p048,0.10436949878931046,1
4047,66,11,2,ps10_v2_p048,0.10436949878931046,1
4048,66,12,2,ps10_v2_p048,0.10436949878931046,1
4049,66,14,2,ps10_v2_p048,0.10436949878931046,1
4050,66,15,2,ps10_v2_p048,0.10436949878931046,1
4051,66,16,2,ps10_v2_p048,0.10436949878931046,1
4052,66,17,2,ps10_v2_p048,0.10436949878931046,1
4053,66,18,2,ps10_v2_p048,0.10436949878931046,1
4054,66,19,2,ps10_v2_p048,0.10436949878931046,1
4055,66,20,2,ps10_v2_p049,0.14707599580287933,1
4056,66,21,2,ps10_v2_p049,0.14707599580287933,1
4057,66,22,2,ps10_v2_p049,0.14707599580287933,1
4058,66,23,2,ps10_v2_p049,0.14707599580287933,1
4059,66,24,2,ps10_v2_p049,0.14707599580287933,1
4060,66,25,2,ps10_v2_p049,0.14707599580287933,1
4061,66,26,2,ps10_v2_p049,0.14707599580287933,1
4062,66,27,2,ps10_v2_p049,0.14707599580287933,1
4063,66,28,2,ps10_v2_p049,0.14707599580287933,1
4064,66,29,2,ps10_v2_p049,0.14707599580287933,1
4065,66,30,2,ps10_v2_p050,0.12825264036655426,1
4066,66,31,2,ps10_v2_p050,0.12825264036655426,1
4067,66,32,2,ps10_v2_p050,0.12825264036655426,1
4068,66,33,2,ps10_v2_p050,0.12825264036655426,1
4069,66,34,2,ps10_v2_p050,0.12825264036655426,1
4070,66,35,2,ps10_v2_p050,0.12825264036655426,1
4071,66,36,2,ps10_v2_p050,0.12825264036655426,1
4072,66,37,2,ps10_v2_p050,0.12825264036655426,1
4073,66,38,2,ps10_v2_p050,0.12825264036655426,1
4074,66,39,2,ps10_v2_p050,0.12825264036655426,1
4075,66,40,2,ps10_v2_p051,0.12130334973335266,1
4076,66,41,2,ps10_v2_p051,0.12130334973335266,1
4077,66,42,2,ps10_v2_p051,0.12130334973335266,1
4078,66,45,2,ps10_v2_p051,0.12130334973335266,1
4079,66,46,2,ps10_v2_p051,0.12130334973335266,1
4080,66,47,2,ps10_v2_p051,0.12130334973335266,1
4081,66,48,2,ps10_v2_p051,0.12130334973335266,1
4082,66,49,2,ps10_v2_p051,0.12130334973335266,1
4083,66,50,2,ps10_v2_p052,0.13820073008537292,1
4084,66,51,2,ps10_v2_p052,0.13820073008537292,1
4085,66,52,2,ps10_v2_p052,0.13820073008537292,1
4086,66,53,2,ps10_v2_p052,0.13820073008537292,1
4087,66,54,2,ps10_v2_p052,0.13820073008537292,1
4088,66,55,2,ps10_v2_p052,0.13820073008537292,1
4089,66,56,2,ps10_v2_p052,0.13820073008537292,1
4090,66,57,2,ps10_v2_p052,0.13820073008537292,1
4091,66,59,2,ps10_v2_p052,0.13820073008537292,1
4092,66,60,2,ps10_v2_p053,0.12776105105876923,1
4093,66,61,2,ps10_v2_p053,0.12776105105876923,1
4094,66,62,2,ps10_v2_p053,0.12776105105876923,1
4095,66,63,2,ps10_v2_p053,0.12776105105876923,1
4096,66,64,2,ps10_v2_p053,0.12776105105876923,1
4097,66,65,2,ps10_v2_p053,0.12776105105876923,1
4098,66,66,2,ps10_v2_p053,0.12776105105876923,1
4099,66,67,2,ps10_v2_p053,0.12776105105876923,1
4100,66,68,2,ps10_v2_p053,0.12776105105876923,1
4101,66,69,2,ps10_v2_p053,0.12776105105876923,1
4102,66,70,2,,,0
4103,66,71,4,ps10_v2_p165,0.09773332625627518,1
4104,66,72,4,ps10_v2_p165,0.09773332625627518,1
4105,66,73,4,ps10_v2_p165,0.09773332625627518,1
4106,66,74,4,ps10_v2_p165,0.09773332625627518,1
4107,66,75,4,ps10_v2_p165,0.09773332625627518,1
4108,66,76,4,ps10_v2_p165,0.09773332625627518,1
4109,66,77,4,ps10_v2_p165,0.09773332625627518,1
4110,66,78,4,ps10_v2_p165,0.09773332625627518,1
4111,66,79,4,ps10_v2_p165,0.09773332625627518,1
4112,66,80,4,ps10_v2_p165,0.09773332625627518,1
4113,66,81,4,ps10_v2_p166,0.10653984546661377,1
4114,66,82,4,ps10_v2_p166,0.10653984546661377,1
4115,66,83,4,ps10_v2_p166,0.10653984546661377,1
4116,66,118,3,ps10_v2_p101,0.09401866048574448,1
4117,66,119,3,ps10_v2_p101,0.09401866048574448,1
4118,66,121,3,ps10_v2_p101,0.09401866048574448,1
4119,66,123,3,ps10_v2_p101,0.09401866048574448,1
4120,66,124,3,ps10_v2_p102,0.09566232562065125,1
4121,66,125,3,ps10_v2_p102,0.09566232562065125,1
4122,66,127,3,ps10_v2_p102,0.09566232562065125,1
4123,66,128,3,ps10_v2_p102,0.09566232562065125,1
4124,66,129,3,ps10_v2_p102,0.09566232562065125,1
4125,66,130,3,ps10_v2_p102,0.09566232562065125,1
4126,66,133,3,ps10_v2_p102,0.09566232562065125,1
4127,66,134,3,ps10_v2_p103,0.128886416554451,1
4128,66,135,3,ps10_v2_p103,0.128886416554451,1
4129,66,136,3,ps10_v2_p103,0.128886416554451,1
4130,66,137,3,ps10_v2_p103,0.128886416554451,1
4131,66,138,3,ps10_v2_p103,0.128886416554451,1
4132,66,180,3,,,0
4133,66,193,3,,,0
4134,67,11,2,ps10_v2_p048,0.10436949878931046,1
4135,67,12,2,ps10_v2_p048,0.10436949878931046,1
4136,67,13,2,ps10_v2_p048,0.10436949878931046,1
4137,67,14,2,ps10_v2_p048,0.10436949878931046,1
4138,67,15,2,ps10_v2_p048,0.10436949878931046,1
4139,67,16,2,ps10_v2_p048,0.10436949878931046,1
4140,67,17,2,ps10_v2_p048,0.10436949878931046,1
4141,67,18,2,ps10_v2_p048,0.10436949878931046,1
4142,67,19,2,ps10_v2_p048,0.10436949878931046,1
4143,67,20,2,ps10_v2_p049,0.14707599580287933,1
4144,67,21,2,ps10_v2_p049,0.14707599580287933,1
4145,67,22,2,ps10_v2_p049,0.14707599580287933,1
4146,67,23,2,ps10_v2_p049,0.14707599580287933,1
4147,67,24,2,ps10_v2_p049,0.14707599580287933,1
4148,67,25,2,ps10_v2_p049,0.14707599580287933,1
4149,67,26,2,ps10_v2_p049,0.14707599580287933,1
4150,67,27,2,ps10_v2_p049,0.14707599580287933,1
4151,67,28,2,ps10_v2_p049,0.14707599580287933,1
4152,67,29,2,ps10_v2_p049,0.14707599580287933,1
4153,67,30,2,ps10_v2_p050,0.12825264036655426,1
4154,67,31,2,ps10_v2_p050,0.12825264036655426,1
4155,67,32,2,ps10_v2_p050,0.12825264036655426,1
4156,67,33,2,ps10_v2_p050,0.12825264036655426,1
4157,67,34,2,ps10_v2_p050,0.12825264036655426,1
4158,67,35,2,ps10_v2_p050,0.12825264036655426,1
4159,67,36,2,ps10_v2_p050,0.12825264036655426,1
4160,67,37,2,ps10_v2_p050,0.12825264036655426,1
4161,67,38,2,ps10_v2_p050,0.12825264036655426,1
4162,67,39,2,ps10_v2_p050,0.12825264036655426,1
4163,67,40,2,ps10_v2_p051,0.12130334973335266,1
4164,67,41,2,ps10_v2_p051,0.12130334973335266,1
4165,67,45,2,ps10_v2_p051,0.12130334973335266,1
4166,67,46,2,ps10_v2_p051,0.12130334973335266,1
4167,67,47,2,ps10_v2_p051,0.12130334973335266,1
4168,67,48,2,ps10_v2_p051,0.12130334973335266,1
4169,67,49,2,ps10_v2_p051,0.12130334973335266,1
4170,67,50,2,ps10_v2_p052,0.13820073008537292,1
4171,67,51,2,ps10_v2_p052,0.13820073008537292,1
4172,67,52,2,ps10_v2_p052,0.13820073008537292,1
4173,67,53,2,ps10_v2_p052,0.13820073008537292,1
4174,67,54,2,ps10_v2_p052,0.13820073008537292,1
4175,67,55,2,ps10_v2_p052,0.13820073008537292,1
4176,67,56,2,ps10_v2_p052,0.13820073008537292,1
4177,67,57,2,ps10_v2_p052,0.13820073008537292,1
4178,67,59,2,ps10_v2_p052,0.13820073008537292,1
4179,67,60,2,ps10_v2_p053,0.12776105105876923,1
4180,67,61,2,ps10_v2_p053,0.12776105105876923,1
4181,67,62,2,ps10_v2_p053,0.12776105105876923,1
4182,67,63,2,ps10_v2_p053,0.12776105105876923,1
4183,67,64,2,ps10_v2_p053,0.12776105105876923,1
4184,67,65,2,ps10_v2_p053,0.12776105105876923,1
4185,67,66,2,ps10_v2_p053,0.12776105105876923,1
4186,67,67,2,ps10_v2_p053,0.12776105105876923,1
4187,67,68,2,ps10_v2_p053,0.12776105105876923,1
4188,67,69,2,ps10_v2_p053,0.12776105105876923,1
4189,67,70,2,,,0
4190,67,71,4,ps10_v2_p165,0.09773332625627518,1
4191,67,72,4,ps10_v2_p165,0.09773332625627518,1
4192,67,73,4,ps10_v2_p165,0.09773332625627518,1
4193,67,74,4,ps10_v2_p165,0.09773332625627518,1
4194,67,75,4,ps10_v2_p165,0.09773332625627518,1
4195,67,76,4,ps10_v2_p165,0.09773332625627518,1
4196,67,77,4,ps10_v2_p165,0.09773332625627518,1
4197,67,78,4,ps10_v2_p165,0.09773332625627518,1
4198,67,79,4,ps10_v2_p165,0.09773332625627518,1
4199,67,80,4,ps10_v2_p165,0.09773332625627518,1
4200,67,81,4,ps10_v2_p166,0.10653984546661377,1
4201,67,82,4,ps10_v2_p166,0.10653984546661377,1
4202,67,83,4,ps10_v2_p166,0.10653984546661377,1
4203,67,84,4,ps10_v2_p166,0.10653984546661377,1
4204,67,118,3,ps10_v2_p101,0.09401866048574448,1
4205,67,119,3,ps10_v2_p101,0.09401866048574448,1
4206,67,120,3,ps10_v2_p101,0.09401866048574448,1
4207,67,121,3,ps10_v2_p101,0.09401866048574448,1
4208,67,122,3,ps10_v2_p101,0.09401866048574448,1
4209,67,123,3,ps10_v2_p101,0.09401866048574448,1
4210,67,124,3,ps10_v2_p102,0.09566232562065125,1
4211,67,126,3,ps10_v2_p102,0.09566232562065125,1
4212,67,128,3,ps10_v2_p102,0.09566232562065125,1
4213,67,129,3,ps10_v2_p102,0.09566232562065125,1
4214,67,130,3,ps10_v2_p102,0.09566232562065125,1
4215,67,133,3,ps10_v2_p102,0.09566232562065125,1
4216,67,135,3,ps10_v2_p103,0.128886416554451,1
4217,67,136,3,ps10_v2_p103,0.128886416554451,1
4218,67,137,3,ps10_v2_p103,0.128886416554451,1
4219,67,178,3,,,0
4220,67,180,3,,,0
4221,68,10,2,ps10_v2_p048,0.10436949878931046,1
4222,68,11,2,ps10_v2_p048,0.10436949878931046,1
4223,68,12,2,ps10_v2_p048,0.10436949878931046,1
4224,68,13,2,ps10_v2_p048,0.10436949878931046,1
4225,68,14,2,ps10_v2_p048,0.10436949878931046,1
4226,68,15,2,ps10_v2_p048,0.10436949878931046,1
4227,68,16,2,ps10_v2_p048,0.10436949878931046,1
4228,68,17,2,ps10_v2_p048,0.10436949878931046,1
4229,68,18,2,ps10_v2_p048,0.10436949878931046,1
4230,68,19,2,ps10_v2_p048,0.10436949878931046,1
4231,68,20,2,ps10_v2_p049,0.14707599580287933,1
4232,68,21,2,ps10_v2_p049,0.14707599580287933,1
4233,68,22,2,ps10_v2_p049,0.14707599580287933,1
4234,68,23,2,ps10_v2_p049,0.14707599580287933,1
4235,68,24,2,ps10_v2_p049,0.14707599580287933,1
4236,68,25,2,ps10_v2_p049,0.14707599580287933,1
4237,68,26,2,ps10_v2_p049,0.14707599580287933,1
4238,68,27,2,ps10_v2_p049,0.14707599580287933,1
4239,68,28,2,ps10_v2_p049,0.14707599580287933,1
4240,68,29,2,ps10_v2_p049,0.14707599580287933,1
4241,68,30,2,ps10_v2_p050,0.12825264036655426,1
4242,68,31,2,ps10_v2_p050,0.12825264036655426,1
4243,68,32,2,ps10_v2_p050,0.12825264036655426,1
4244,68,33,2,ps10_v2_p050,0.12825264036655426,1
4245,68,34,2,ps10_v2_p050,0.12825264036655426,1
4246,68,35,2,ps10_v2_p050,0.12825264036655426,1
4247,68,36,2,ps10_v2_p050,0.12825264036655426,1
4248,68,37,2,ps10_v2_p050,0.12825264036655426,1
4249,68,38,2,ps10_v2_p050,0.12825264036655426,1
4250,68,39,2,ps10_v2_p050,0.12825264036655426,1
4251,68,40,2,ps10_v2_p051,0.12130334973335266,1
4252,68,41,2,ps10_v2_p051,0.12130334973335266,1
4253,68,42,2,ps10_v2_p051,0.12130334973335266,1
4254,68,43,2,ps10_v2_p051,0.12130334973335266,1
4255,68,44,2,ps10_v2_p051,0.12130334973335266,1
4256,68,45,2,ps10_v2_p051,0.12130334973335266,1
4257,68,47,2,ps10_v2_p051,0.12130334973335266,1
4258,68,48,2,ps10_v2_p051,0.12130334973335266,1
4259,68,49,2,ps10_v2_p051,0.12130334973335266,1
4260,68,50,2,ps10_v2_p052,0.13820073008537292,1
4261,68,51,2,ps10_v2_p052,0.13820073008537292,1
4262,68,52,2,ps10_v2_p052,0.13820073008537292,1
4263,68,53,2,ps10_v2_p052,0.13820073008537292,1
4264,68,54,2,ps10_v2_p052,0.13820073008537292,1
4265,68,55,2,ps10_v2_p052,0.13820073008537292,1
4266,68,56,2,ps10_v2_p052,0.13820073008537292,1
4267,68,57,2,ps10_v2_p052,0.13820073008537292,1
4268,68,60,2,ps10_v2_p053,0.12776105105876923,1
4269,68,61,2,ps10_v2_p053,0.12776105105876923,1
4270,68,62,2,ps10_v2_p053,0.12776105105876923,1
4271,68,63,2,ps10_v2_p053,0.12776105105876923,1
4272,68,64,2,ps10_v2_p053,0.12776105105876923,1
4273,68,65,2,ps10_v2_p053,0.12776105105876923,1
4274,68,66,2,ps10_v2_p053,0.12776105105876923,1
4275,68,67,2,ps10_v2_p053,0.12776105105876923,1
4276,68,68,2,ps10_v2_p053,0.12776105105876923,1
4277,68,69,2,ps10_v2_p053,0.12776105105876923,1
4278,68,70,2,,,0
4279,68,71,4,ps10_v2_p165,0.09773332625627518,1
4280,68,72,4,ps10_v2_p165,0.09773332625627518,1
4281,68,73,4,ps10_v2_p165,0.09773332625627518,1
4282,68,74,4,ps10_v2_p165,0.09773332625627518,1
4283,68,75,4,ps10_v2_p165,0.09773332625627518,1
4284,68,76,4,ps10_v2_p165,0.09773332625627518,1
4285,68,77,4,ps10_v2_p165,0.09773332625627518,1
4286,68,78,4,ps10_v2_p165,0.09773332625627518,1
4287,68,79,4,ps10_v2_p165,0.09773332625627518,1
4288,68,80,4,ps10_v2_p165,0.09773332625627518,1
4289,68,81,4,ps10_v2_p166,0.10653984546661377,1
4290,68,82,4,ps10_v2_p166,0.10653984546661377,1
4291,68,83,4,ps10_v2_p166,0.10653984546661377,1
4292,68,84,4,ps10_v2_p166,0.10653984546661377,1
4293,68,110,3,,,0
4294,68,117,3,ps10_v2_p101,0.09401866048574448,1
4295,68,118,3,ps10_v2_p101,0.09401866048574448,1
4296,68,119,3,ps10_v2_p101,0.09401866048574448,1
4297,68,120,3,ps10_v2_p101,0.09401866048574448,1
4298,68,123,3,ps10_v2_p101,0.09401866048574448,1
4299,68,124,3,ps10_v2_p102,0.09566232562065125,1
4300,68,125,3,ps10_v2_p102,0.09566232562065125,1
4301,68,126,3,ps10_v2_p102,0.09566232562065125,1
4302,68,127,3,ps10_v2_p102,0.09566232562065125,1
4303,68,128,3,ps10_v2_p102,0.09566232562065125,1
4304,68,129,3,ps10_v2_p102,0.09566232562065125,1
4305,68,130,3,ps10_v2_p102,0.09566232562065125,1
4306,68,134,3,ps10_v2_p103,0.128886416554451,1
4307,68,135,3,ps10_v2_p103,0.128886416554451,1
4308,68,179,3,,,0
4309,68,180,3,,,0
4310,68,197,3,,,0
4311,69,12,2,ps10_v2_p048,0.10436949878931046,1
4312,69,13,2,ps10_v2_p048,0.10436949878931046,1
4313,69,14,2,ps10_v2_p048,0.10436949878931046,1
4314,69,15,2,ps10_v2_p048,0.10436949878931046,1
4315,69,16,2,ps10_v2_p048,0.10436949878931046,1
4316,69,17,2,ps10_v2_p048,0.10436949878931046,1
4317,69,18,2,ps10_v2_p048,0.10436949878931046,1
4318,69,19,2,ps10_v2_p048,0.10436949878931046,1
4319,69,20,2,ps10_v2_p049,0.14707599580287933,1
4320,69,21,2,ps10_v2_p049,0.14707599580287933,1
4321,69,22,2,ps10_v2_p049,0.14707599580287933,1
4322,69,23,2,ps10_v2_p049,0.14707599580287933,1
4323,69,24,2,ps10_v2_p049,0.14707599580287933,1
4324,69,25,2,ps10_v2_p049,0.14707599580287933,1
4325,69,26,2,ps10_v2_p049,0.14707599580287933,1
4326,69,27,2,ps10_v2_p049,0.14707599580287933,1
4327,69,28,2,ps10_v2_p049,0.14707599580287933,1
4328,69,29,2,ps10_v2_p049,0.14707599580287933,1
4329,69,30,2,ps10_v2_p050,0.12825264036655426,1
4330,69,31,2,ps10_v2_p050,0.12825264036655426,1
4331,69,32,2,ps10_v2_p050,0.12825264036655426,1
4332,69,33,2,ps10_v2_p050,0.12825264036655426,1
4333,69,34,2,ps10_v2_p050,0.12825264036655426,1
4334,69,35,2,ps10_v2_p050,0.12825264036655426,1
4335,69,36,2,ps10_v2_p050,0.12825264036655426,1
4336,69,37,2,ps10_v2_p050,0.12825264036655426,1
4337,69,38,2,ps10_v2_p050,0.12825264036655426,1
4338,69,39,2,ps10_v2_p050,0.12825264036655426,1
4339,69,40,2,ps10_v2_p051,0.12130334973335266,1
4340,69,41,2,ps10_v2_p051,0.12130334973335266,1
4341,69,42,2,ps10_v2_p051,0.12130334973335266,1
4342,69,43,2,ps10_v2_p051,0.12130334973335266,1
4343,69,44,2,ps10_v2_p051,0.12130334973335266,1
4344,69,45,2,ps10_v2_p051,0.12130334973335266,1
4345,69,46,2,ps10_v2_p051,0.12130334973335266,1
4346,69,47,2,ps10_v2_p051,0.12130334973335266,1
4347,69,48,2,ps10_v2_p051,0.12130334973335266,1
4348,69,49,2,ps10_v2_p051,0.12130334973335266,1
4349,69,50,2,ps10_v2_p052,0.13820073008537292,1
4350,69,51,2,ps10_v2_p052,0.13820073008537292,1
4351,69,52,2,ps10_v2_p052,0.13820073008537292,1
4352,69,53,2,ps10_v2_p052,0.13820073008537292,1
4353,69,54,2,ps10_v2_p052,0.13820073008537292,1
4354,69,55,2,ps10_v2_p052,0.13820073008537292,1
4355,69,56,2,ps10_v2_p052,0.13820073008537292,1
4356,69,57,2,ps10_v2_p052,0.13820073008537292,1
4357,69,58,2,ps10_v2_p052,0.13820073008537292,1
4358,69,60,2,ps10_v2_p053,0.12776105105876923,1
4359,69,61,2,ps10_v2_p053,0.12776105105876923,1
4360,69,62,2,ps10_v2_p053,0.12776105105876923,1
4361,69,63,2,ps10_v2_p053,0.12776105105876923,1
4362,69,64,2,ps10_v2_p053,0.12776105105876923,1
4363,69,65,2,ps10_v2_p053,0.12776105105876923,1
4364,69,66,2,ps10_v2_p053,0.12776105105876923,1
4365,69,67,2,ps10_v2_p053,0.12776105105876923,1
4366,69,68,2,ps10_v2_p053,0.12776105105876923,1
4367,69,69,2,ps10_v2_p053,0.12776105105876923,1
4368,69,70,2,,,0
4369,69,71,4,ps10_v2_p165,0.09773332625627518,1
4370,69,72,4,ps10_v2_p165,0.09773332625627518,1
4371,69,73,4,ps10_v2_p165,0.09773332625627518,1
4372,69,74,4,ps10_v2_p165,0.09773332625627518,1
4373,69,75,4,ps10_v2_p165,0.09773332625627518,1
4374,69,76,4,ps10_v2_p165,0.09773332625627518,1
4375,69,77,4,ps10_v2_p165,0.09773332625627518,1
4376,69,78,4,ps10_v2_p165,0.09773332625627518,1
4377,69,79,4,ps10_v2_p165,0.09773332625627518,1
4378,69,80,4,ps10_v2_p165,0.09773332625627518,1
4379,69,81,4,ps10_v2_p166,0.10653984546661377,1
4380,69,82,4,ps10_v2_p166,0.10653984546661377,1
4381,69,83,4,ps10_v2_p166,0.10653984546661377,1
4382,69,84,4,ps10_v2_p166,0.10653984546661377,1
4383,69,85,4,ps10_v2_p166,0.10653984546661377,1
4384,69,110,3,,,0
4385,69,111,3,,,0
4386,69,118,3,ps10_v2_p101,0.09401866048574448,1
4387,69,119,3,ps10_v2_p101,0.09401866048574448,1
4388,69,121,3,ps10_v2_p101,0.09401866048574448,1
4389,69,122,3,ps10_v2_p101,0.09401866048574448,1
4390,69,124,3,ps10_v2_p102,0.09566232562065125,1
4391,69,125,3,ps10_v2_p102,0.09566232562065125,1
4392,69,126,3,ps10_v2_p102,0.09566232562065125,1
4393,69,127,3,ps10_v2_p102,0.09566232562065125,1
4394,69,128,3,ps10_v2_p102,0.09566232562065125,1
4395,69,129,3,ps10_v2_p102,0.09566232562065125,1
4396,69,130,3,ps10_v2_p102,0.09566232562065125,1
4397,69,134,3,ps10_v2_p103,0.128886416554451,1
4398,69,135,3,ps10_v2_p103,0.128886416554451,1
4399,69,176,3,,,0
4400,69,179,3,,,0
4401,69,197,3,,,0
4402,70,9,2,,,0
4403,70,11,2,ps10_v2_p048,0.10436949878931046,1
4404,70,12,2,ps10_v2_p048,0.10436949878931046,1
4405,70,13,2,ps10_v2_p048,0.10436949878931046,1
4406,70,14,2,ps10_v2_p048,0.10436949878931046,1
4407,70,15,2,ps10_v2_p048,0.10436949878931046,1
4408,70,16,2,ps10_v2_p048,0.10436949878931046,1
4409,70,17,2,ps10_v2_p048,0.10436949878931046,1
4410,70,18,2,ps10_v2_p048,0.10436949878931046,1
4411,70,19,2,ps10_v2_p048,0.10436949878931046,1
4412,70,20,2,ps10_v2_p049,0.14707599580287933,1
4413,70,21,2,ps10_v2_p049,0.14707599580287933,1
4414,70,22,2,ps10_v2_p049,0.14707599580287933,1
4415,70,23,2,ps10_v2_p049,0.14707599580287933,1
4416,70,24,2,ps10_v2_p049,0.14707599580287933,1
4417,70,25,2,ps10_v2_p049,0.14707599580287933,1
4418,70,26,2,ps10_v2_p049,0.14707599580287933,1
4419,70,27,2,ps10_v2_p049,0.14707599580287933,1
4420,70,28,2,ps10_v2_p049,0.14707599580287933,1
4421,70,29,2,ps10_v2_p049,0.14707599580287933,1
4422,70,30,2,ps10_v2_p050,0.12825264036655426,1
4423,70,31,2,ps10_v2_p050,0.12825264036655426,1
4424,70,32,2,ps10_v2_p050,0.12825264036655426,1
4425,70,33,2,ps10_v2_p050,0.12825264036655426,1
4426,70,34,2,ps10_v2_p050,0.12825264036655426,1
4427,70,35,2,ps10_v2_p050,0.12825264036655426,1
4428,70,36,2,ps10_v2_p050,0.12825264036655426,1
4429,70,37,2,ps10_v2_p050,0.12825264036655426,1
4430,70,38,2,ps10_v2_p050,0.12825264036655426,1
4431,70,39,2,ps10_v2_p050,0.12825264036655426,1
4432,70,40,2,ps10_v2_p051,0.12130334973335266,1
4433,70,41,2,ps10_v2_p051,0.12130334973335266,1
4434,70,42,2,ps10_v2_p051,0.12130334973335266,1
4435,70,43,2,ps10_v2_p051,0.12130334973335266,1
4436,70,44,2,ps10_v2_p051,0.12130334973335266,1
4437,70,45,2,ps10_v2_p051,0.12130334973335266,1
4438,70,46,2,ps10_v2_p051,0.12130334973335266,1
4439,70,47,2,ps10_v2_p051,0.12130334973335266,1
4440,70,48,2,ps10_v2_p051,0.12130334973335266,1
4441,70,49,2,ps10_v2_p051,0.12130334973335266,1
4442,70,50,2,ps10_v2_p052,0.13820073008537292,1
4443,70,51,2,ps10_v2_p052,0.13820073008537292,1
4444,70,52,2,ps10_v2_p052,0.13820073008537292,1
4445,70,53,2,ps10_v2_p052,0.13820073008537292,1
4446,70,54,2,ps10_v2_p052,0.13820073008537292,1
4447,70,55,2,ps10_v2_p052,0.13820073008537292,1
4448,70,56,2,ps10_v2_p052,0.13820073008537292,1
4449,70,57,2,ps10_v2_p052,0.13820073008537292,1
4450,70,58,2,ps10_v2_p052,0.13820073008537292,1
4451,70,59,2,ps10_v2_p052,0.13820073008537292,1
4452,70,60,2,ps10_v2_p053,0.12776105105876923,1
4453,70,61,2,ps10_v2_p053,0.12776105105876923,1
4454,70,62,2,ps10_v2_p053,0.12776105105876923,1
4455,70,63,2,ps10_v2_p053,0.12776105105876923,1
4456,70,64,2,ps10_v2_p053,0.12776105105876923,1
4457,70,65,2,ps10_v2_p053,0.12776105105876923,1
4458,70,66,2,ps10_v2_p053,0.12776105105876923,1
4459,70,67,2,ps10_v2_p053,0.12776105105876923,1
4460,70,68,2,ps10_v2_p053,0.12776105105876923,1
4461,70,69,2,ps10_v2_p053,0.12776105105876923,1
4462,70,70,2,,,0
4463,70,71,4,ps10_v2_p165,0.09773332625627518,1
4464,70,72,4,ps10_v2_p165,0.09773332625627518,1
4465,70,73,4,ps10_v2_p165,0.09773332625627518,1
4466,70,74,4,ps10_v2_p165,0.09773332625627518,1
4467,70,75,4,ps10_v2_p165,0.09773332625627518,1
4468,70,76,4,ps10_v2_p165,0.09773332625627518,1
4469,70,77,4,ps10_v2_p165,0.09773332625627518,1
4470,70,78,4,ps10_v2_p165,0.09773332625627518,1
4471,70,79,4,ps10_v2_p165,0.09773332625627518,1
4472,70,80,4,ps10_v2_p165,0.09773332625627518,1
4473,70,81,4,ps10_v2_p166,0.10653984546661377,1
4474,70,82,4,ps10_v2_p166,0.10653984546661377,1
4475,70,83,4,ps10_v2_p166,0.10653984546661377,1
4476,70,84,4,ps10_v2_p166,0.10653984546661377,1
4477,70,85,4,ps10_v2_p166,0.10653984546661377,1
4478,70,86,4,ps10_v2_p166,0.10653984546661377,1
4479,70,110,3,ps10_v2_p104,0.08117233961820602,1
4480,70,111,3,ps10_v2_p104,0.08117233961820602,1
4481,70,115,3,ps10_v2_p105,0.08448278158903122,1
4482,70,117,3,ps10_v2_p105,0.08448278158903122,1
4483,70,118,3,ps10_v2_p105,0.08448278158903122,1
4484,70,119,3,ps10_v2_p105,0.08448278158903122,1
4485,70,120,3,ps10_v2_p105,0.08448278158903122,1
4486,70,121,3,ps10_v2_p105,0.08448278158903122,1
4487,70,124,3,ps10_v2_p106,0.09433890879154205,1
4488,70,125,3,ps10_v2_p106,0.09433890879154205,1
4489,70,126,3,ps10_v2_p106,0.09433890879154205,1
4490,70,128,3,ps10_v2_p106,0.09433890879154205,1
4491,70,132,3,ps10_v2_p106,0.09433890879154205,1
4492,70,133,3,ps10_v2_p106,0.09433890879154205,1
4493,70,135,3,ps10_v2_p107,0.08910779654979706,1
4494,70,136,3,ps10_v2_p107,0.08910779654979706,1
4495,70,137,3,ps10_v2_p107,0.08910779654979706,1
4496,70,139,3,ps10_v2_p107,0.08910779654979706,1
4497,70,140,3,ps10_v2_p107,0.08910779654979706,1
4498,70,179,3,,,0
4499,71,11,2,ps10_v2_p048,0.10436949878931046,1
4500,71,12,2,ps10_v2_p048,0.10436949878931046,1
4501,71,13,2,ps10_v2_p048,0.10436949878931046,1
4502,71,14,2,ps10_v2_p048,0.10436949878931046,1
4503,71,15,2,ps10_v2_p048,0.10436949878931046,1
4504,71,16,2,ps10_v2_p048,0.10436949878931046,1
4505,71,17,2,ps10_v2_p048,0.10436949878931046,1
4506,71,18,2,ps10_v2_p048,0.10436949878931046,1
4507,71,19,2,ps10_v2_p048,0.10436949878931046,1
4508,71,20,2,ps10_v2_p049,0.14707599580287933,1
4509,71,21,2,ps10_v2_p049,0.14707599580287933,1
4510,71,22,2,ps10_v2_p049,0.14707599580287933,1
4511,71,23,2,ps10_v2_p049,0.14707599580287933,1
4512,71,24,2,ps10_v2_p049,0.14707599580287933,1
4513,71,25,2,ps10_v2_p049,0.14707599580287933,1
4514,71,26,2,ps10_v2_p049,0.14707599580287933,1
4515,71,27,2,ps10_v2_p049,0.14707599580287933,1
4516,71,28,2,ps10_v2_p049,0.14707599580287933,1
4517,71,29,2,ps10_v2_p049,0.14707599580287933,1
4518,71,30,2,ps10_v2_p050,0.12825264036655426,1
4519,71,31,2,ps10_v2_p050,0.12825264036655426,1
4520,71,32,2,ps10_v2_p050,0.12825264036655426,1
4521,71,33,2,ps10_v2_p050,0.12825264036655426,1
4522,71,34,2,ps10_v2_p050,0.12825264036655426,1
4523,71,35,2,ps10_v2_p050,0.12825264036655426,1
4524,71,36,2,ps10_v2_p050,0.12825264036655426,1
4525,71,37,2,ps10_v2_p050,0.12825264036655426,1
4526,71,38,2,ps10_v2_p050,0.12825264036655426,1
4527,71,39,2,ps10_v2_p050,0.12825264036655426,1
4528,71,40,2,ps10_v2_p051,0.12130334973335266,1
4529,71,41,2,ps10_v2_p051,0.12130334973335266,1
4530,71,42,2,ps10_v2_p051,0.12130334973335266,1
4531,71,43,2,ps10_v2_p051,0.12130334973335266,1
4532,71,44,2,ps10_v2_p051,0.12130334973335266,1
4533,71,45,2,ps10_v2_p051,0.12130334973335266,1
4534,71,46,2,ps10_v2_p051,0.12130334973335266,1
4535,71,48,2,ps10_v2_p051,0.12130334973335266,1
4536,71,49,2,ps10_v2_p051,0.12130334973335266,1
4537,71,50,2,ps10_v2_p052,0.13820073008537292,1
4538,71,51,2,ps10_v2_p052,0.13820073008537292,1
4539,71,52,2,ps10_v2_p052,0.13820073008537292,1
4540,71,53,2,ps10_v2_p052,0.13820073008537292,1
4541,71,54,2,ps10_v2_p052,0.13820073008537292,1
4542,71,55,2,ps10_v2_p052,0.13820073008537292,1
4543,71,56,2,ps10_v2_p052,0.13820073008537292,1
4544,71,57,2,ps10_v2_p052,0.13820073008537292,1
4545,71,58,2,ps10_v2_p052,0.13820073008537292,1
4546,71,59,2,ps10_v2_p052,0.13820073008537292,1
4547,71,60,2,ps10_v2_p053,0.12776105105876923,1
4548,71,61,2,ps10_v2_p053,0.12776105105876923,1
4549,71,62,2,ps10_v2_p053,0.12776105105876923,1
4550,71,63,2,ps10_v2_p053,0.12776105105876923,1
4551,71,64,2,ps10_v2_p053,0.12776105105876923,1
4552,71,65,2,ps10_v2_p053,0.12776105105876923,1
4553,71,66,2,ps10_v2_p053,0.12776105105876923,1
4554,71,67,2,ps10_v2_p053,0.12776105105876923,1
4555,71,68,2,ps10_v2_p053,0.12776105105876923,1
4556,71,69,2,ps10_v2_p053,0.12776105105876923,1
4557,71,70,2,,,0
4558,71,71,4,ps10_v2_p165,0.09773332625627518,1
4559,71,72,4,ps10_v2_p165,0.09773332625627518,1
4560,71,73,4,ps10_v2_p165,0.09773332625627518,1
4561,71,74,4,ps10_v2_p165,0.09773332625627518,1
4562,71,75,4,ps10_v2_p165,0.09773332625627518,1
4563,71,76,4,ps10_v2_p165,0.09773332625627518,1
4564,71,77,4,ps10_v2_p165,0.09773332625627518,1
4565,71,78,4,ps10_v2_p165,0.09773332625627518,1
4566,71,79,4,ps10_v2_p165,0.09773332625627518,1
4567,71,80,4,ps10_v2_p165,0.09773332625627518,1
4568,71,81,4,ps10_v2_p166,0.10653984546661377,1
4569,71,82,4,ps10_v2_p166,0.10653984546661377,1
4570,71,83,4,ps10_v2_p166,0.10653984546661377,1
4571,71,84,4,ps10_v2_p166,0.10653984546661377,1
4572,71,85,4,ps10_v2_p166,0.10653984546661377,1
4573,71,86,4,ps10_v2_p166,0.10653984546661377,1
4574,71,95,4,,,0
4575,71,110,3,ps10_v2_p104,0.08117233961820602,1
4576,71,111,3,ps10_v2_p104,0.08117233961820602,1
4577,71,112,3,ps10_v2_p104,0.08117233961820602,1
4578,71,114,3,ps10_v2_p105,0.08448278158903122,1
4579,71,116,3,ps10_v2_p105,0.08448278158903122,1
4580,71,117,3,ps10_v2_p105,0.08448278158903122,1
4581,71,118,3,ps10_v2_p105,0.08448278158903122,1
4582,71,119,3,ps10_v2_p105,0.08448278158903122,1
4583,71,120,3,ps10_v2_p105,0.08448278158903122,1
4584,71,121,3,ps10_v2_p105,0.08448278158903122,1
4585,71,123,3,ps10_v2_p105,0.08448278158903122,1
4586,71,124,3,ps10_v2_p106,0.09433890879154205,1
4587,71,125,3,ps10_v2_p106,0.09433890879154205,1
4588,71,126,3,ps10_v2_p106,0.09433890879154205,1
4589,71,127,3,ps10_v2_p106,0.09433890879154205,1
4590,71,128,3,ps10_v2_p106,0.09433890879154205,1
4591,71,129,3,ps10_v2_p106,0.09433890879154205,1
4592,71,132,3,ps10_v2_p106,0.09433890879154205,1
4593,71,133,3,ps10_v2_p106,0.09433890879154205,1
4594,71,134,3,ps10_v2_p107,0.08910779654979706,1
4595,71,136,3,ps10_v2_p107,0.08910779654979706,1
4596,71,137,3,ps10_v2_p107,0.08910779654979706,1
4597,71,139,3,ps10_v2_p107,0.08910779654979706,1
4598,71,141,3,ps10_v2_p107,0.08910779654979706,1
4599,71,142,3,ps10_v2_p107,0.08910779654979706,1
4600,71,143,3,ps10_v2_p107,0.08910779654979706,1
4601,71,144,3,,,0
4602,71,175,3,,,0
4603,71,178,3,,,0
4604,71,179,3,,,0
4605,72,13,2,ps10_v2_p048,0.10436949878931046,1
4606,72,14,2,ps10_v2_p048,0.10436949878931046,1
4607,72,15,2,ps10_v2_p048,0.10436949878931046,1
4608,72,16,2,ps10_v2_p048,0.10436949878931046,1
4609,72,17,2,ps10_v2_p048,0.10436949878931046,1
4610,72,18,2,ps10_v2_p048,0.10436949878931046,1
4611,72,19,2,ps10_v2_p048,0.10436949878931046,1
4612,72,20,2,ps10_v2_p049,0.14707599580287933,1
4613,72,21,2,ps10_v2_p049,0.14707599580287933,1
4614,72,22,2,ps10_v2_p049,0.14707599580287933,1
4615,72,23,2,ps10_v2_p049,0.14707599580287933,1
4616,72,24,2,ps10_v2_p049,0.14707599580287933,1
4617,72,25,2,ps10_v2_p049,0.14707599580287933,1
4618,72,26,2,ps10_v2_p049,0.14707599580287933,1
4619,72,27,2,ps10_v2_p049,0.14707599580287933,1
4620,72,28,2,ps10_v2_p049,0.14707599580287933,1
4621,72,29,2,ps10_v2_p049,0.14707599580287933,1
4622,72,30,2,ps10_v2_p050,0.12825264036655426,1
4623,72,31,2,ps10_v2_p050,0.12825264036655426,1
4624,72,32,2,ps10_v2_p050,0.12825264036655426,1
4625,72,33,2,ps10_v2_p050,0.12825264036655426,1
4626,72,34,2,ps10_v2_p050,0.12825264036655426,1
4627,72,35,2,ps10_v2_p050,0.12825264036655426,1
4628,72,36,2,ps10_v2_p050,0.12825264036655426,1
4629,72,37,2,ps10_v2_p050,0.12825264036655426,1
4630,72,38,2,ps10_v2_p050,0.12825264036655426,1
4631,72,39,2,ps10_v2_p050,0.12825264036655426,1
4632,72,40,2,ps10_v2_p051,0.12130334973335266,1
4633,72,41,2,ps10_v2_p051,0.12130334973335266,1
4634,72,42,2,ps10_v2_p051,0.12130334973335266,1
4635,72,43,2,ps10_v2_p051,0.12130334973335266,1
4636,72,44,2,ps10_v2_p051,0.12130334973335266,1
4637,72,45,2,ps10_v2_p051,0.12130334973335266,1
4638,72,46,2,ps10_v2_p051,0.12130334973335266,1
4639,72,47,2,ps10_v2_p051,0.12130334973335266,1
4640,72,48,2,ps10_v2_p051,0.12130334973335266,1
4641,72,49,2,ps10_v2_p051,0.12130334973335266,1
4642,72,50,2,ps10_v2_p052,0.13820073008537292,1
4643,72,51,2,ps10_v2_p052,0.13820073008537292,1
4644,72,52,2,ps10_v2_p052,0.13820073008537292,1
4645,72,53,2,ps10_v2_p052,0.13820073008537292,1
4646,72,54,2,ps10_v2_p052,0.13820073008537292,1
4647,72,55,2,ps10_v2_p052,0.13820073008537292,1
4648,72,56,2,ps10_v2_p052,0.13820073008537292,1
4649,72,57,2,ps10_v2_p052,0.13820073008537292,1
4650,72,58,2,ps10_v2_p052,0.13820073008537292,1
4651,72,59,2,ps10_v2_p052,0.13820073008537292,1
4652,72,60,2,ps10_v2_p053,0.12776105105876923,1
4653,72,61,2,ps10_v2_p053,0.12776105105876923,1
4654,72,62,2,ps10_v2_p053,0.12776105105876923,1
4655,72,63,2,ps10_v2_p053,0.12776105105876923,1
4656,72,64,2,ps10_v2_p053,0.12776105105876923,1
4657,72,65,2,ps10_v2_p053,0.12776105105876923,1
4658,72,66,2,ps10_v2_p053,0.12776105105876923,1
4659,72,67,2,ps10_v2_p053,0.12776105105876923,1
4660,72,68,2,ps10_v2_p053,0.12776105105876923,1
4661,72,69,2,ps10_v2_p053,0.12776105105876923,1
4662,72,70,2,,,0
4663,72,71,4,ps10_v2_p165,0.09773332625627518,1
4664,72,72,4,ps10_v2_p165,0.09773332625627518,1
4665,72,73,4,ps10_v2_p165,0.09773332625627518,1
4666,72,74,4,ps10_v2_p165,0.09773332625627518,1
4667,72,75,4,ps10_v2_p165,0.09773332625627518,1
4668,72,76,4,ps10_v2_p165,0.09773332625627518,1
4669,72,77,4,ps10_v2_p165,0.09773332625627518,1
4670,72,78,4,ps10_v2_p165,0.09773332625627518,1
4671,72,79,4,ps10_v2_p165,0.09773332625627518,1
4672,72,80,4,ps10_v2_p165,0.09773332625627518,1
4673,72,81,4,ps10_v2_p166,0.10653984546661377,1
4674,72,82,4,ps10_v2_p166,0.10653984546661377,1
4675,72,83,4,ps10_v2_p166,0.10653984546661377,1
4676,72,84,4,ps10_v2_p166,0.10653984546661377,1
4677,72,85,4,ps10_v2_p166,0.10653984546661377,1
4678,72,86,4,ps10_v2_p166,0.10653984546661377,1
4679,72,87,4,ps10_v2_p166,0.10653984546661377,1
4680,72,95,4,,,0
4681,72,111,3,ps10_v2_p104,0.08117233961820602,1
4682,72,114,3,ps10_v2_p105,0.08448278158903122,1
4683,72,115,3,ps10_v2_p105,0.08448278158903122,1
4684,72,116,3,ps10_v2_p105,0.08448278158903122,1
4685,72,117,3,ps10_v2_p105,0.08448278158903122,1
4686,72,118,3,ps10_v2_p105,0.08448278158903122,1
4687,72,119,3,ps10_v2_p105,0.08448278158903122,1
4688,72,120,3,ps10_v2_p105,0.08448278158903122,1
4689,72,121,3,ps10_v2_p105,0.08448278158903122,1
4690,72,122,3,ps10_v2_p105,0.08448278158903122,1
4691,72,123,3,ps10_v2_p105,0.08448278158903122,1
4692,72,124,3,ps10_v2_p106,0.09433890879154205,1
4693,72,125,3,ps10_v2_p106,0.09433890879154205,1
4694,72,127,3,ps10_v2_p106,0.09433890879154205,1
4695,72,129,3,ps10_v2_p106,0.09433890879154205,1
4696,72,131,3,ps10_v2_p106,0.09433890879154205,1
4697,72,132,3,ps10_v2_p106,0.09433890879154205,1
4698,72,133,3,ps10_v2_p106,0.09433890879154205,1
4699,72,134,3,ps10_v2_p107,0.08910779654979706,1
4700,72,135,3,ps10_v2_p107,0.08910779654979706,1
4701,72,136,3,ps10_v2_p107,0.08910779654979706,1
4702,72,137,3,ps10_v2_p107,0.08910779654979706,1
4703,72,138,3,ps10_v2_p107,0.08910779654979706,1
4704,72,139,3,ps10_v2_p107,0.08910779654979706,1
4705,72,140,3,ps10_v2_p107,0.08910779654979706,1
4706,72,142,3,ps10_v2_p107,0.08910779654979706,1
4707,72,177,3,,,0
4708,73,13,2,ps10_v2_p048,0.10436949878931046,1
4709,73,14,2,ps10_v2_p048,0.10436949878931046,1
4710,73,15,2,ps10_v2_p048,0.10436949878931046,1
4711,73,16,2,ps10_v2_p048,0.10436949878931046,1
4712,73,17,2,ps10_v2_p048,0.10436949878931046,1
4713,73,18,2,ps10_v2_p048,0.10436949878931046,1
4714,73,19,2,ps10_v2_p048,0.10436949878931046,1
4715,73,20,2,ps10_v2_p049,0.14707599580287933,1
4716,73,21,2,ps10_v2_p049,0.14707599580287933,1
4717,73,22,2,ps10_v2_p049,0.14707599580287933,1
4718,73,23,2,ps10_v2_p049,0.14707599580287933,1
4719,73,24,2,ps10_v2_p049,0.14707599580287933,1
4720,73,25,2,ps10_v2_p049,0.14707599580287933,1
4721,73,26,2,ps10_v2_p049,0.14707599580287933,1
4722,73,27,2,ps10_v2_p049,0.14707599580287933,1
4723,73,28,2,ps10_v2_p049,0.14707599580287933,1
4724,73,29,2,ps10_v2_p049,0.14707599580287933,1
4725,73,30,2,ps10_v2_p050,0.12825264036655426,1
4726,73,31,2,ps10_v2_p050,0.12825264036655426,1
4727,73,32,2,ps10_v2_p050,0.12825264036655426,1
4728,73,33,2,ps10_v2_p050,0.12825264036655426,1
4729,73,34,2,ps10_v2_p050,0.12825264036655426,1
4730,73,35,2,ps10_v2_p050,0.12825264036655426,1
4731,73,36,2,ps10_v2_p050,0.12825264036655426,1
4732,73,37,2,ps10_v2_p050,0.12825264036655426,1
4733,73,38,2,ps10_v2_p050,0.12825264036655426,1
4734,73,39,2,ps10_v2_p050,0.12825264036655426,1
4735,73,40,2,ps10_v2_p051,0.12130334973335266,1
4736,73,41,2,ps10_v2_p051,0.12130334973335266,1
4737,73,42,2,ps10_v2_p051,0.12130334973335266,1
4738,73,43,2,ps10_v2_p051,0.12130334973335266,1
4739,73,44,2,ps10_v2_p051,0.12130334973335266,1
4740,73,45,2,ps10_v2_p051,0.12130334973335266,1
4741,73,46,2,ps10_v2_p051,0.12130334973335266,1
4742,73,47,2,ps10_v2_p051,0.12130334973335266,1
4743,73,48,2,ps10_v2_p051,0.12130334973335266,1
4744,73,49,2,ps10_v2_p051,0.12130334973335266,1
4745,73,50,2,ps10_v2_p052,0.13820073008537292,1
4746,73,51,2,ps10_v2_p052,0.13820073008537292,1
4747,73,52,2,ps10_v2_p052,0.13820073008537292,1
4748,73,53,2,ps10_v2_p052,0.13820073008537292,1
4749,73,54,2,ps10_v2_p052,0.13820073008537292,1
4750,73,55,2,ps10_v2_p052,0.13820073008537292,1
4751,73,56,2,ps10_v2_p052,0.13820073008537292,1
4752,73,57,2,ps10_v2_p052,0.13820073008537292,1
4753,73,58,2,ps10_v2_p052,0.13820073008537292,1
4754,73,59,2,ps10_v2_p052,0.13820073008537292,1
4755,73,60,2,ps10_v2_p053,0.12776105105876923,1
4756,73,61,2,ps10_v2_p053,0.12776105105876923,1
4757,73,62,2,ps10_v2_p053,0.12776105105876923,1
4758,73,63,2,ps10_v2_p053,0.12776105105876923,1
4759,73,64,2,ps10_v2_p053,0.12776105105876923,1
4760,73,65,2,ps10_v2_p053,0.12776105105876923,1
4761,73,66,2,ps10_v2_p053,0.12776105105876923,1
4762,73,67,2,ps10_v2_p053,0.12776105105876923,1
4763,73,68,2,ps10_v2_p053,0.12776105105876923,1
4764,73,69,2,ps10_v2_p053,0.12776105105876923,1
4765,73,70,2,,,0
4766,73,71,4,ps10_v2_p165,0.09773332625627518,1
4767,73,72,4,ps10_v2_p165,0.09773332625627518,1
4768,73,73,4,ps10_v2_p165,0.09773332625627518,1
4769,73,74,4,ps10_v2_p165,0.09773332625627518,1
4770,73,75,4,ps10_v2_p165,0.09773332625627518,1
4771,73,76,4,ps10_v2_p165,0.09773332625627518,1
4772,73,77,4,ps10_v2_p165,0.09773332625627518,1
4773,73,78,4,ps10_v2_p165,0.09773332625627518,1
4774,73,79,4,ps10_v2_p165,0.09773332625627518,1
4775,73,80,4,ps10_v2_p165,0.09773332625627518,1
4776,73,81,4,ps10_v2_p166,0.10653984546661377,1
4777,73,82,4,ps10_v2_p166,0.10653984546661377,1
4778,73,83,4,ps10_v2_p166,0.10653984546661377,1
4779,73,84,4,ps10_v2_p166,0.10653984546661377,1
4780,73,85,4,ps10_v2_p166,0.10653984546661377,1
4781,73,86,4,ps10_v2_p166,0.10653984546661377,1
4782,73,94,4,,,0
4783,73,110,3,ps10_v2_p104,0.08117233961820602,1
4784,73,111,3,ps10_v2_p104,0.08117233961820602,1
4785,73,114,3,ps10_v2_p105,0.08448278158903122,1
4786,73,115,3,ps10_v2_p105,0.08448278158903122,1
4787,73,116,3,ps10_v2_p105,0.08448278158903122,1
4788,73,117,3,ps10_v2_p105,0.08448278158903122,1
4789,73,118,3,ps10_v2_p105,0.08448278158903122,1
4790,73,120,3,ps10_v2_p105,0.08448278158903122,1
4791,73,122,3,ps10_v2_p105,0.08448278158903122,1
4792,73,124,3,ps10_v2_p106,0.09433890879154205,1
4793,73,125,3,ps10_v2_p106,0.09433890879154205,1
4794,73,126,3,ps10_v2_p106,0.09433890879154205,1
4795,73,128,3,ps10_v2_p106,0.09433890879154205,1
4796,73,129,3,ps10_v2_p106,0.09433890879154205,1
4797,73,130,3,ps10_v2_p106,0.09433890879154205,1
4798,73,131,3,ps10_v2_p106,0.09433890879154205,1
4799,73,132,3,ps10_v2_p106,0.09433890879154205,1
4800,73,133,3,ps10_v2_p106,0.09433890879154205,1
4801,73,135,3,ps10_v2_p107,0.08910779654979706,1
4802,73,136,3,ps10_v2_p107,0.08910779654979706,1
4803,73,137,3,ps10_v2_p107,0.08910779654979706,1
4804,73,138,3,ps10_v2_p107,0.08910779654979706,1
4805,73,139,3,ps10_v2_p107,0.08910779654979706,1
4806,73,140,3,ps10_v2_p107,0.08910779654979706,1
4807,73,141,3,ps10_v2_p107,0.08910779654979706,1
4808,73,142,3,ps10_v2_p107,0.08910779654979706,1
4809,73,143,3,ps10_v2_p107,0.08910779654979706,1
4810,73,144,3,,,0
4811,73,180,3,,,0
4812,74,11,2,ps10_v2_p054,0.08448957651853561,1
4813,74,12,2,ps10_v2_p054,0.08448957651853561,1
4814,74,14,2,ps10_v2_p054,0.08448957651853561,1
4815,74,15,2,ps10_v2_p054,0.08448957651853561,1
4816,74,16,2,ps10_v2_p054,0.08448957651853561,1
4817,74,17,2,ps10_v2_p054,0.08448957651853561,1
4818,74,18,2,ps10_v2_p054,0.08448957651853561,1
4819,74,19,2,ps10_v2_p054,0.08448957651853561,1
4820,74,20,2,ps10_v2_p055,0.10800117999315262,1
4821,74,21,2,ps10_v2_p055,0.10800117999315262,1
4822,74,22,2,ps10_v2_p055,0.10800117999315262,1
4823,74,23,2,ps10_v2_p055,0.10800117999315262,1
4824,74,24,2,ps10_v2_p055,0.10800117999315262,1
4825,74,25,2,ps10_v2_p055,0.10800117999315262,1
4826,74,26,2,ps10_v2_p055,0.10800117999315262,1
4827,74,27,2,ps10_v2_p055,0.10800117999315262,1
4828,74,28,2,ps10_v2_p055,0.10800117999315262,1
4829,74,29,2,ps10_v2_p055,0.10800117999315262,1
4830,74,30,2,ps10_v2_p056,0.16034865379333496,1
4831,74,31,2,ps10_v2_p056,0.16034865379333496,1
4832,74,32,2,ps10_v2_p056,0.16034865379333496,1
4833,74,33,2,ps10_v2_p056,0.16034865379333496,1
4834,74,34,2,ps10_v2_p056,0.16034865379333496,1
4835,74,35,2,ps10_v2_p056,0.16034865379333496,1
4836,74,36,2,ps10_v2_p056,0.16034865379333496,1
4837,74,37,2,ps10_v2_p056,0.16034865379333496,1
4838,74,38,2,ps10_v2_p056,0.16034865379333496,1
4839,74,39,2,ps10_v2_p056,0.16034865379333496,1
4840,74,40,2,ps10_v2_p057,0.12357223778963089,1
4841,74,41,2,ps10_v2_p057,0.12357223778963089,1
4842,74,42,2,ps10_v2_p057,0.12357223778963089,1
4843,74,43,2,ps10_v2_p057,0.12357223778963089,1
4844,74,44,2,ps10_v2_p057,0.12357223778963089,1
4845,74,45,2,ps10_v2_p057,0.12357223778963089,1
4846,74,46,2,ps10_v2_p057,0.12357223778963089,1
4847,74,47,2,ps10_v2_p057,0.12357223778963089,1
4848,74,48,2,ps10_v2_p057,0.12357223778963089,1
4849,74,49,2,ps10_v2_p057,0.12357223778963089,1
4850,74,50,2,ps10_v2_p058,0.12517477571964264,1
4851,74,51,2,ps10_v2_p058,0.12517477571964264,1
4852,74,52,2,ps10_v2_p058,0.12517477571964264,1
4853,74,53,2,ps10_v2_p058,0.12517477571964264,1
4854,74,54,2,ps10_v2_p058,0.12517477571964264,1
4855,74,55,2,ps10_v2_p058,0.12517477571964264,1
4856,74,56,2,ps10_v2_p058,0.12517477571964264,1
4857,74,57,2,ps10_v2_p058,0.12517477571964264,1
4858,74,58,2,ps10_v2_p058,0.12517477571964264,1
4859,74,59,2,ps10_v2_p058,0.12517477571964264,1
4860,74,60,2,ps10_v2_p059,0.12195178866386414,1
4861,74,61,2,ps10_v2_p059,0.12195178866386414,1
4862,74,62,2,ps10_v2_p059,0.12195178866386414,1
4863,74,64,2,ps10_v2_p059,0.12195178866386414,1
4864,74,65,2,ps10_v2_p059,0.12195178866386414,1
4865,74,66,2,ps10_v2_p059,0.12195178866386414,1
4866,74,67,2,ps10_v2_p059,0.12195178866386414,1
4867,74,68,2,ps10_v2_p059,0.12195178866386414,1
4868,74,69,2,ps10_v2_p059,0.12195178866386414,1
4869,74,70,2,,,0
4870,74,71,4,ps10_v2_p165,0.09773332625627518,1
4871,74,72,4,ps10_v2_p165,0.09773332625627518,1
4872,74,73,4,ps10_v2_p165,0.09773332625627518,1
4873,74,74,4,ps10_v2_p165,0.09773332625627518,1
4874,74,75,4,ps10_v2_p165,0.09773332625627518,1
4875,74,76,4,ps10_v2_p165,0.09773332625627518,1
4876,74,77,4,ps10_v2_p165,0.09773332625627518,1
4877,74,78,4,ps10_v2_p165,0.09773332625627518,1
4878,74,79,4,ps10_v2_p165,0.09773332625627518,1
4879,74,80,4,ps10_v2_p165,0.09773332625627518,1
4880,74,81,4,ps10_v2_p166,0.10653984546661377,1
4881,74,82,4,ps10_v2_p166,0.10653984546661377,1
4882,74,83,4,ps10_v2_p166,0.10653984546661377,1
4883,74,84,4,ps10_v2_p166,0.10653984546661377,1
4884,74,85,4,ps10_v2_p166,0.10653984546661377,1
4885,74,86,4,ps10_v2_p166,0.10653984546661377,1
4886,74,87,4,ps10_v2_p166,0.10653984546661377,1
4887,74,94,4,,,0
4888,74,110,3,ps10_v2_p104,0.08117233961820602,1
4889,74,112,3,ps10_v2_p104,0.08117233961820602,1
4890,74,113,3,ps10_v2_p104,0.08117233961820602,1
4891,74,114,3,ps10_v2_p105,0.08448278158903122,1
4892,74,115,3,ps10_v2_p105,0.08448278158903122,1
4893,74,117,3,ps10_v2_p105,0.08448278158903122,1
4894,74,118,3,ps10_v2_p105,0.08448278158903122,1
4895,74,120,3,ps10_v2_p105,0.08448278158903122,1
4896,74,121,3,ps10_v2_p105,0.08448278158903122,1
4897,74,122,3,ps10_v2_p105,0.08448278158903122,1
4898,74,123,3,ps10_v2_p105,0.08448278158903122,1
4899,74,124,3,ps10_v2_p106,0.09433890879154205,1
4900,74,125,3,ps10_v2_p106,0.09433890879154205,1
4901,74,126,3,ps10_v2_p106,0.09433890879154205,1
4902,74,128,3,ps10_v2_p106,0.09433890879154205,1
4903,74,129,3,ps10_v2_p106,0.09433890879154205,1
4904,74,130,3,ps10_v2_p106,0.09433890879154205,1
4905,74,131,3,ps10_v2_p106,0.09433890879154205,1
4906,74,132,3,ps10_v2_p106,0.09433890879154205,1
4907,74,133,3,ps10_v2_p106,0.09433890879154205,1
4908,74,134,3,ps10_v2_p107,0.08910779654979706,1
4909,74,136,3,ps10_v2_p107,0.08910779654979706,1
4910,74,137,3,ps10_v2_p107,0.08910779654979706,1
4911,74,140,3,ps10_v2_p107,0.08910779654979706,1
4912,74,141,3,ps10_v2_p107,0.08910779654979706,1
4913,74,142,3,ps10_v2_p107,0.08910779654979706,1
4914,74,143,3,ps10_v2_p107,0.08910779654979706,1
4915,74,144,3,,,0
4916,75,12,2,ps10_v2_p054,0.08448957651853561,1
4917,75,13,2,ps10_v2_p054,0.08448957651853561,1
4918,75,14,2,ps10_v2_p054,0.08448957651853561,1
4919,75,15,2,ps10_v2_p054,0.08448957651853561,1
4920,75,16,2,ps10_v2_p054,0.08448957651853561,1
4921,75,17,2,ps10_v2_p054,0.08448957651853561,1
4922,75,18,2,ps10_v2_p054,0.08448957651853561,1
4923,75,19,2,ps10_v2_p054,0.08448957651853561,1
4924,75,20,2,ps10_v2_p055,0.10800117999315262,1
4925,75,21,2,ps10_v2_p055,0.10800117999315262,1
4926,75,22,2,ps10_v2_p055,0.10800117999315262,1
4927,75,23,2,ps10_v2_p055,0.10800117999315262,1
4928,75,24,2,ps10_v2_p055,0.10800117999315262,1
4929,75,25,2,ps10_v2_p055,0.10800117999315262,1
4930,75,26,2,ps10_v2_p055,0.10800117999315262,1
4931,75,27,2,ps10_v2_p055,0.10800117999315262,1
4932,75,28,2,ps10_v2_p055,0.10800117999315262,1
4933,75,29,2,ps10_v2_p055,0.10800117999315262,1
4934,75,30,2,ps10_v2_p056,0.16034865379333496,1
4935,75,31,2,ps10_v2_p056,0.16034865379333496,1
4936,75,32,2,ps10_v2_p056,0.16034865379333496,1
4937,75,33,2,ps10_v2_p056,0.16034865379333496,1
4938,75,34,2,ps10_v2_p056,0.16034865379333496,1
4939,75,35,2,ps10_v2_p056,0.16034865379333496,1
4940,75,36,2,ps10_v2_p056,0.16034865379333496,1
4941,75,37,2,ps10_v2_p056,0.16034865379333496,1
4942,75,38,2,ps10_v2_p056,0.16034865379333496,1
4943,75,39,2,ps10_v2_p056,0.16034865379333496,1
4944,75,40,2,ps10_v2_p057,0.12357223778963089,1
4945,75,41,2,ps10_v2_p057,0.12357223778963089,1
4946,75,42,2,ps10_v2_p057,0.12357223778963089,1
4947,75,43,2,ps10_v2_p057,0.12357223778963089,1
4948,75,44,2,ps10_v2_p057,0.12357223778963089,1
4949,75,45,2,ps10_v2_p057,0.12357223778963089,1
4950,75,46,2,ps10_v2_p057,0.12357223778963089,1
4951,75,47,2,ps10_v2_p057,0.12357223778963089,1
4952,75,48,2,ps10_v2_p057,0.12357223778963089,1
4953,75,49,2,ps10_v2_p057,0.12357223778963089,1
4954,75,50,2,ps10_v2_p058,0.12517477571964264,1
4955,75,51,2,ps10_v2_p058,0.12517477571964264,1
4956,75,52,2,ps10_v2_p058,0.12517477571964264,1
4957,75,53,2,ps10_v2_p058,0.12517477571964264,1
4958,75,54,2,ps10_v2_p058,0.12517477571964264,1
4959,75,55,2,ps10_v2_p058,0.12517477571964264,1
4960,75,56,2,ps10_v2_p058,0.12517477571964264,1
4961,75,57,2,ps10_v2_p058,0.12517477571964264,1
4962,75,58,2,ps10_v2_p058,0.12517477571964264,1
4963,75,59,2,ps10_v2_p058,0.12517477571964264,1
4964,75,60,2,ps10_v2_p059,0.12195178866386414,1
4965,75,61,2,ps10_v2_p059,0.12195178866386414,1
4966,75,64,2,ps10_v2_p059,0.12195178866386414,1
4967,75,65,2,ps10_v2_p059,0.12195178866386414,1
4968,75,66,2,ps10_v2_p059,0.12195178866386414,1
4969,75,67,2,ps10_v2_p059,0.12195178866386414,1
4970,75,68,2,ps10_v2_p059,0.12195178866386414,1
4971,75,69,2,ps10_v2_p059,0.12195178866386414,1
4972,75,70,2,,,0
4973,75,71,4,ps10_v2_p165,0.09773332625627518,1
4974,75,72,4,ps10_v2_p165,0.09773332625627518,1
4975,75,73,4,ps10_v2_p165,0.09773332625627518,1
4976,75,74,4,ps10_v2_p165,0.09773332625627518,1
4977,75,75,4,ps10_v2_p165,0.09773332625627518,1
4978,75,76,4,ps10_v2_p165,0.09773332625627518,1
4979,75,77,4,ps10_v2_p165,0.09773332625627518,1
4980,75,78,4,ps10_v2_p165,0.09773332625627518,1
4981,75,79,4,ps10_v2_p165,0.09773332625627518,1
4982,75,80,4,ps10_v2_p165,0.09773332625627518,1
4983,75,81,4,ps10_v2_p166,0.10653984546661377,1
4984,75,82,4,ps10_v2_p166,0.10653984546661377,1
4985,75,83,4,ps10_v2_p166,0.10653984546661377,1
4986,75,84,4,ps10_v2_p166,0.10653984546661377,1
4987,75,85,4,ps10_v2_p166,0.10653984546661377,1
4988,75,86,4,ps10_v2_p166,0.10653984546661377,1
4989,75,87,4,ps10_v2_p166,0.10653984546661377,1
4990,75,88,4,ps10_v2_p166,0.10653984546661377,1
4991,75,89,4,ps10_v2_p166,0.10653984546661377,1
4992,75,109,3,ps10_v2_p104,0.08117233961820602,1
4993,75,110,3,ps10_v2_p104,0.08117233961820602,1
4994,75,113,3,ps10_v2_p104,0.08117233961820602,1
4995,75,114,3,ps10_v2_p105,0.08448278158903122,1
4996,75,115,3,ps10_v2_p105,0.08448278158903122,1
4997,75,117,3,ps10_v2_p105,0.08448278158903122,1
4998,75,119,3,ps10_v2_p105,0.08448278158903122,1
4999,75,120,3,ps10_v2_p105,0.08448278158903122,1
5000,75,121,3,ps10_v2_p105,0.08448278158903122,1
5001,75,123,3,ps10_v2_p105,0.08448278158903122,1
5002,75,124,3,ps10_v2_p106,0.09433890879154205,1
5003,75,125,3,ps10_v2_p106,0.09433890879154205,1
5004,75,128,3,ps10_v2_p106,0.09433890879154205,1
5005,75,129,3,ps10_v2_p106,0.09433890879154205,1
5006,75,130,3,ps10_v2_p106,0.09433890879154205,1
5007,75,131,3,ps10_v2_p106,0.09433890879154205,1
5008,75,133,3,ps10_v2_p106,0.09433890879154205,1
5009,75,134,3,ps10_v2_p107,0.08910779654979706,1
5010,75,135,3,ps10_v2_p107,0.08910779654979706,1
5011,75,136,3,ps10_v2_p107,0.08910779654979706,1
5012,75,138,3,ps10_v2_p107,0.08910779654979706,1
5013,75,139,3,ps10_v2_p107,0.08910779654979706,1
5014,75,140,3,ps10_v2_p107,0.08910779654979706,1
5015,75,141,3,ps10_v2_p107,0.08910779654979706,1
5016,75,142,3,ps10_v2_p107,0.08910779654979706,1
5017,75,143,3,ps10_v2_p107,0.08910779654979706,1
5018,75,144,3,,,0
5019,76,11,2,ps10_v2_p054,0.08448957651853561,1
5020,76,12,2,ps10_v2_p054,0.08448957651853561,1
5021,76,13,2,ps10_v2_p054,0.08448957651853561,1
5022,76,14,2,ps10_v2_p054,0.08448957651853561,1
5023,76,15,2,ps10_v2_p054,0.08448957651853561,1
5024,76,16,2,ps10_v2_p054,0.08448957651853561,1
5025,76,17,2,ps10_v2_p054,0.08448957651853561,1
5026,76,18,2,ps10_v2_p054,0.08448957651853561,1
5027,76,19,2,ps10_v2_p054,0.08448957651853561,1
5028,76,20,2,ps10_v2_p055,0.10800117999315262,1
5029,76,21,2,ps10_v2_p055,0.10800117999315262,1
5030,76,22,2,ps10_v2_p055,0.10800117999315262,1
5031,76,23,2,ps10_v2_p055,0.10800117999315262,1
5032,76,24,2,ps10_v2_p055,0.10800117999315262,1
5033,76,25,2,ps10_v2_p055,0.10800117999315262,1
5034,76,26,2,ps10_v2_p055,0.10800117999315262,1
5035,76,27,2,ps10_v2_p055,0.10800117999315262,1
5036,76,28,2,ps10_v2_p055,0.10800117999315262,1
5037,76,29,2,ps10_v2_p055,0.10800117999315262,1
5038,76,30,2,ps10_v2_p056,0.16034865379333496,1
5039,76,31,2,ps10_v2_p056,0.16034865379333496,1
5040,76,32,2,ps10_v2_p056,0.16034865379333496,1
5041,76,33,2,ps10_v2_p056,0.16034865379333496,1
5042,76,34,2,ps10_v2_p056,0.16034865379333496,1
5043,76,35,2,ps10_v2_p056,0.16034865379333496,1
5044,76,36,2,ps10_v2_p056,0.16034865379333496,1
5045,76,37,2,ps10_v2_p056,0.16034865379333496,1
5046,76,38,2,ps10_v2_p056,0.16034865379333496,1
5047,76,39,2,ps10_v2_p056,0.16034865379333496,1
5048,76,40,2,ps10_v2_p057,0.12357223778963089,1
5049,76,41,2,ps10_v2_p057,0.12357223778963089,1
5050,76,42,2,ps10_v2_p057,0.12357223778963089,1
5051,76,43,2,ps10_v2_p057,0.12357223778963089,1
5052,76,44,2,ps10_v2_p057,0.12357223778963089,1
5053,76,45,2,ps10_v2_p057,0.12357223778963089,1
5054,76,46,2,ps10_v2_p057,0.12357223778963089,1
5055,76,47,2,ps10_v2_p057,0.12357223778963089,1
5056,76,48,2,ps10_v2_p057,0.12357223778963089,1
5057,76,49,2,ps10_v2_p057,0.12357223778963089,1
5058,76,50,2,ps10_v2_p058,0.12517477571964264,1
5059,76,51,2,ps10_v2_p058,0.12517477571964264,1
5060,76,52,2,ps10_v2_p058,0.12517477571964264,1
5061,76,53,2,ps10_v2_p058,0.12517477571964264,1
5062,76,54,2,ps10_v2_p058,0.12517477571964264,1
5063,76,55,2,ps10_v2_p058,0.12517477571964264,1
5064,76,56,2,ps10_v2_p058,0.12517477571964264,1
5065,76,57,2,ps10_v2_p058,0.12517477571964264,1
5066,76,58,2,ps10_v2_p058,0.12517477571964264,1
5067,76,59,2,ps10_v2_p058,0.12517477571964264,1
5068,76,60,2,ps10_v2_p059,0.12195178866386414,1
5069,76,61,2,ps10_v2_p059,0.12195178866386414,1
5070,76,65,2,ps10_v2_p059,0.12195178866386414,1
5071,76,66,2,ps10_v2_p059,0.12195178866386414,1
5072,76,67,2,ps10_v2_p059,0.12195178866386414,1
5073,76,68,2,ps10_v2_p059,0.12195178866386414,1
5074,76,69,2,ps10_v2_p059,0.12195178866386414,1
5075,76,70,2,,,0
5076,76,71,4,ps10_v2_p167,0.1092790886759758,1
5077,76,72,4,ps10_v2_p167,0.1092790886759758,1
5078,76,73,4,ps10_v2_p167,0.1092790886759758,1
5079,76,74,4,ps10_v2_p167,0.1092790886759758,1
5080,76,75,4,ps10_v2_p167,0.1092790886759758,1
5081,76,76,4,ps10_v2_p167,0.1092790886759758,1
5082,76,77,4,ps10_v2_p167,0.1092790886759758,1
5083,76,78,4,ps10_v2_p167,0.1092790886759758,1
5084,76,79,4,ps10_v2_p167,0.1092790886759758,1
5085,76,80,4,ps10_v2_p167,0.1092790886759758,1
5086,76,81,4,ps10_v2_p168,0.1303776651620865,1
5087,76,82,4,ps10_v2_p168,0.1303776651620865,1
5088,76,83,4,ps10_v2_p168,0.1303776651620865,1
5089,76,84,4,ps10_v2_p168,0.1303776651620865,1
5090,76,85,4,ps10_v2_p168,0.1303776651620865,1
5091,76,86,4,ps10_v2_p168,0.1303776651620865,1
5092,76,87,4,ps10_v2_p168,0.1303776651620865,1
5093,76,88,4,ps10_v2_p168,0.1303776651620865,1
5094,76,89,4,ps10_v2_p168,0.1303776651620865,1
5095,76,108,4,ps10_v2_p170,0.09291306883096695,1
5096,76,109,4,ps10_v2_p170,0.09291306883096695,1
5097,76,110,3,ps10_v2_p104,0.08117233961820602,1
5098,76,112,3,ps10_v2_p104,0.08117233961820602,1
5099,76,113,3,ps10_v2_p104,0.08117233961820602,1
5100,76,114,3,ps10_v2_p105,0.08448278158903122,1
5101,76,115,3,ps10_v2_p105,0.08448278158903122,1
5102,76,117,3,ps10_v2_p105,0.08448278158903122,1
5103,76,118,3,ps10_v2_p105,0.08448278158903122,1
5104,76,120,3,ps10_v2_p105,0.08448278158903122,1
5105,76,122,3,ps10_v2_p105,0.08448278158903122,1
5106,76,123,3,ps10_v2_p105,0.08448278158903122,1
5107,76,124,3,ps10_v2_p106,0.09433890879154205,1
5108,76,126,3,ps10_v2_p106,0.09433890879154205,1
5109,76,128,3,ps10_v2_p106,0.09433890879154205,1
5110,76,130,3,ps10_v2_p106,0.09433890879154205,1
5111,76,131,3,ps10_v2_p106,0.09433890879154205,1
5112,76,132,3,ps10_v2_p106,0.09433890879154205,1
5113,76,133,3,ps10_v2_p106,0.09433890879154205,1
5114,76,134,3,ps10_v2_p107,0.08910779654979706,1
5115,76,135,3,ps10_v2_p107,0.08910779654979706,1
5116,76,136,3,ps10_v2_p107,0.08910779654979706,1
5117,76,137,3,ps10_v2_p107,0.08910779654979706,1
5118,76,141,3,ps10_v2_p107,0.08910779654979706,1
5119,76,142,3,ps10_v2_p107,0.08910779654979706,1
5120,76,143,3,ps10_v2_p107,0.08910779654979706,1
5121,76,182,3,,,0
5122,77,11,2,ps10_v2_p054,0.08448957651853561,1
5123,77,14,2,ps10_v2_p054,0.08448957651853561,1
5124,77,15,2,ps10_v2_p054,0.08448957651853561,1
5125,77,16,2,ps10_v2_p054,0.08448957651853561,1
5126,77,17,2,ps10_v2_p054,0.08448957651853561,1
5127,77,18,2,ps10_v2_p054,0.08448957651853561,1
5128,77,19,2,ps10_v2_p054,0.08448957651853561,1
5129,77,20,2,ps10_v2_p055,0.10800117999315262,1
5130,77,21,2,ps10_v2_p055,0.10800117999315262,1
5131,77,22,2,ps10_v2_p055,0.10800117999315262,1
5132,77,23,2,ps10_v2_p055,0.10800117999315262,1
5133,77,24,2,ps10_v2_p055,0.10800117999315262,1
5134,77,25,2,ps10_v2_p055,0.10800117999315262,1
5135,77,26,2,ps10_v2_p055,0.10800117999315262,1
5136,77,27,2,ps10_v2_p055,0.10800117999315262,1
5137,77,28,2,ps10_v2_p055,0.10800117999315262,1
5138,77,29,2,ps10_v2_p055,0.10800117999315262,1
5139,77,30,2,ps10_v2_p056,0.16034865379333496,1
5140,77,31,2,ps10_v2_p056,0.16034865379333496,1
5141,77,32,2,ps10_v2_p056,0.16034865379333496,1
5142,77,33,2,ps10_v2_p056,0.16034865379333496,1
5143,77,34,2,ps10_v2_p056,0.16034865379333496,1
5144,77,35,2,ps10_v2_p056,0.16034865379333496,1
5145,77,36,2,ps10_v2_p056,0.16034865379333496,1
5146,77,37,2,ps10_v2_p056,0.16034865379333496,1
5147,77,38,2,ps10_v2_p056,0.16034865379333496,1
5148,77,39,2,ps10_v2_p056,0.16034865379333496,1
5149,77,40,2,ps10_v2_p057,0.12357223778963089,1
5150,77,41,2,ps10_v2_p057,0.12357223778963089,1
5151,77,42,2,ps10_v2_p057,0.12357223778963089,1
5152,77,43,2,ps10_v2_p057,0.12357223778963089,1
5153,77,44,2,ps10_v2_p057,0.12357223778963089,1
5154,77,45,2,ps10_v2_p057,0.12357223778963089,1
5155,77,46,2,ps10_v2_p057,0.12357223778963089,1
5156,77,47,2,ps10_v2_p057,0.12357223778963089,1
5157,77,48,2,ps10_v2_p057,0.12357223778963089,1
5158,77,49,2,ps10_v2_p057,0.12357223778963089,1
5159,77,50,2,ps10_v2_p058,0.12517477571964264,1
5160,77,51,2,ps10_v2_p058,0.12517477571964264,1
5161,77,52,2,ps10_v2_p058,0.12517477571964264,1
5162,77,53,2,ps10_v2_p058,0.12517477571964264,1
5163,77,54,2,ps10_v2_p058,0.12517477571964264,1
5164,77,55,2,ps10_v2_p058,0.12517477571964264,1
5165,77,56,2,ps10_v2_p058,0.12517477571964264,1
5166,77,57,2,ps10_v2_p058,0.12517477571964264,1
5167,77,58,2,ps10_v2_p058,0.12517477571964264,1
5168,77,59,2,ps10_v2_p058,0.12517477571964264,1
5169,77,60,2,ps10_v2_p059,0.12195178866386414,1
5170,77,63,2,ps10_v2_p059,0.12195178866386414,1
5171,77,65,2,ps10_v2_p059,0.12195178866386414,1
5172,77,66,2,ps10_v2_p059,0.12195178866386414,1
5173,77,67,2,ps10_v2_p059,0.12195178866386414,1
5174,77,68,2,ps10_v2_p059,0.12195178866386414,1
5175,77,69,2,ps10_v2_p059,0.12195178866386414,1
5176,77,70,2,,,0
5177,77,71,4,ps10_v2_p167,0.1092790886759758,1
5178,77,72,4,ps10_v2_p167,0.1092790886759758,1
5179,77,73,4,ps10_v2_p167,0.1092790886759758,1
5180,77,74,4,ps10_v2_p167,0.1092790886759758,1
5181,77,75,4,ps10_v2_p167,0.1092790886759758,1
5182,77,76,4,ps10_v2_p167,0.1092790886759758,1
5183,77,77,4,ps10_v2_p167,0.1092790886759758,1
5184,77,78,4,ps10_v2_p167,0.1092790886759758,1
5185,77,79,4,ps10_v2_p167,0.1092790886759758,1
5186,77,80,4,ps10_v2_p167,0.1092790886759758,1
5187,77,81,4,ps10_v2_p168,0.1303776651620865,1
5188,77,82,4,ps10_v2_p168,0.1303776651620865,1
5189,77,83,4,ps10_v2_p168,0.1303776651620865,1
5190,77,84,4,ps10_v2_p168,0.1303776651620865,1
5191,77,85,4,ps10_v2_p168,0.1303776651620865,1
5192,77,86,4,ps10_v2_p168,0.1303776651620865,1
5193,77,87,4,ps10_v2_p168,0.1303776651620865,1
5194,77,88,4,ps10_v2_p168,0.1303776651620865,1
5195,77,89,4,ps10_v2_p168,0.1303776651620865,1
5196,77,108,4,ps10_v2_p170,0.09291306883096695,1
5197,77,109,4,ps10_v2_p170,0.09291306883096695,1
5198,77,110,3,ps10_v2_p104,0.08117233961820602,1
5199,77,112,3,ps10_v2_p104,0.08117233961820602,1
5200,77,113,3,ps10_v2_p104,0.08117233961820602,1
5201,77,114,3,ps10_v2_p105,0.08448278158903122,1
5202,77,116,3,ps10_v2_p105,0.08448278158903122,1
5203,77,117,3,ps10_v2_p105,0.08448278158903122,1
5204,77,119,3,ps10_v2_p105,0.08448278158903122,1
5205,77,120,3,ps10_v2_p105,0.08448278158903122,1
5206,77,122,3,ps10_v2_p105,0.08448278158903122,1
5207,77,123,3,ps10_v2_p105,0.08448278158903122,1
5208,77,125,3,ps10_v2_p106,0.09433890879154205,1
5209,77,126,3,ps10_v2_p106,0.09433890879154205,1
5210,77,127,3,ps10_v2_p106,0.09433890879154205,1
5211,77,128,3,ps10_v2_p106,0.09433890879154205,1
5212,77,131,3,ps10_v2_p106,0.09433890879154205,1
5213,77,132,3,ps10_v2_p106,0.09433890879154205,1
5214,77,133,3,ps10_v2_p106,0.09433890879154205,1
5215,77,134,3,ps10_v2_p107,0.08910779654979706,1
5216,77,135,3,ps10_v2_p107,0.08910779654979706,1
5217,77,136,3,ps10_v2_p107,0.08910779654979706,1
5218,77,138,3,ps10_v2_p107,0.08910779654979706,1
5219,77,140,3,ps10_v2_p107,0.08910779654979706,1
5220,77,141,3,ps10_v2_p107,0.08910779654979706,1
5221,77,142,3,ps10_v2_p107,0.08910779654979706,1
5222,77,143,3,ps10_v2_p107,0.08910779654979706,1
5223,77,146,3,,,0
5224,78,13,2,ps10_v2_p054,0.08448957651853561,1
5225,78,15,2,ps10_v2_p054,0.08448957651853561,1
5226,78,16,2,ps10_v2_p054,0.08448957651853561,1
5227,78,17,2,ps10_v2_p054,0.08448957651853561,1
5228,78,18,2,ps10_v2_p054,0.08448957651853561,1
5229,78,19,2,ps10_v2_p054,0.08448957651853561,1
5230,78,20,2,ps10_v2_p055,0.10800117999315262,1
5231,78,21,2,ps10_v2_p055,0.10800117999315262,1
5232,78,22,2,ps10_v2_p055,0.10800117999315262,1
5233,78,23,2,ps10_v2_p055,0.10800117999315262,1
5234,78,24,2,ps10_v2_p055,0.10800117999315262,1
5235,78,25,2,ps10_v2_p055,0.10800117999315262,1
5236,78,26,2,ps10_v2_p055,0.10800117999315262,1
5237,78,27,2,ps10_v2_p055,0.10800117999315262,1
5238,78,28,2,ps10_v2_p055,0.10800117999315262,1
5239,78,29,2,ps10_v2_p055,0.10800117999315262,1
5240,78,30,2,ps10_v2_p056,0.16034865379333496,1
5241,78,31,2,ps10_v2_p056,0.16034865379333496,1
5242,78,32,2,ps10_v2_p056,0.16034865379333496,1
5243,78,33,2,ps10_v2_p056,0.16034865379333496,1
5244,78,34,2,ps10_v2_p056,0.16034865379333496,1
5245,78,35,2,ps10_v2_p056,0.16034865379333496,1
5246,78,36,2,ps10_v2_p056,0.16034865379333496,1
5247,78,37,2,ps10_v2_p056,0.16034865379333496,1
5248,78,38,2,ps10_v2_p056,0.16034865379333496,1
5249,78,39,2,ps10_v2_p056,0.16034865379333496,1
5250,78,40,2,ps10_v2_p057,0.12357223778963089,1
5251,78,41,2,ps10_v2_p057,0.12357223778963089,1
5252,78,42,2,ps10_v2_p057,0.12357223778963089,1
5253,78,43,2,ps10_v2_p057,0.12357223778963089,1
5254,78,44,2,ps10_v2_p057,0.12357223778963089,1
5255,78,45,2,ps10_v2_p057,0.12357223778963089,1
5256,78,46,2,ps10_v2_p057,0.12357223778963089,1
5257,78,47,2,ps10_v2_p057,0.12357223778963089,1
5258,78,48,2,ps10_v2_p057,0.12357223778963089,1
5259,78,49,2,ps10_v2_p057,0.12357223778963089,1
5260,78,50,2,ps10_v2_p058,0.12517477571964264,1
5261,78,51,2,ps10_v2_p058,0.12517477571964264,1
5262,78,52,2,ps10_v2_p058,0.12517477571964264,1
5263,78,53,2,ps10_v2_p058,0.12517477571964264,1
5264,78,54,2,ps10_v2_p058,0.12517477571964264,1
5265,78,55,2,ps10_v2_p058,0.12517477571964264,1
5266,78,56,2,ps10_v2_p058,0.12517477571964264,1
5267,78,57,2,ps10_v2_p058,0.12517477571964264,1
5268,78,58,2,ps10_v2_p058,0.12517477571964264,1
5269,78,59,2,ps10_v2_p058,0.12517477571964264,1
5270,78,60,2,ps10_v2_p059,0.12195178866386414,1
5271,78,67,2,ps10_v2_p059,0.12195178866386414,1
5272,78,68,2,ps10_v2_p059,0.12195178866386414,1
5273,78,69,2,ps10_v2_p059,0.12195178866386414,1
5274,78,70,2,,,0
5275,78,71,4,ps10_v2_p167,0.1092790886759758,1
5276,78,72,4,ps10_v2_p167,0.1092790886759758,1
5277,78,73,4,ps10_v2_p167,0.1092790886759758,1
5278,78,74,4,ps10_v2_p167,0.1092790886759758,1
5279,78,75,4,ps10_v2_p167,0.1092790886759758,1
5280,78,76,4,ps10_v2_p167,0.1092790886759758,1
5281,78,77,4,ps10_v2_p167,0.1092790886759758,1
5282,78,78,4,ps10_v2_p167,0.1092790886759758,1
5283,78,79,4,ps10_v2_p167,0.1092790886759758,1
5284,78,80,4,ps10_v2_p167,0.1092790886759758,1
5285,78,81,4,ps10_v2_p168,0.1303776651620865,1
5286,78,82,4,ps10_v2_p168,0.1303776651620865,1
5287,78,83,4,ps10_v2_p168,0.1303776651620865,1
5288,78,84,4,ps10_v2_p168,0.1303776651620865,1
5289,78,85,4,ps10_v2_p168,0.1303776651620865,1
5290,78,86,4,ps10_v2_p168,0.1303776651620865,1
5291,78,87,4,ps10_v2_p168,0.1303776651620865,1
5292,78,88,4,ps10_v2_p168,0.1303776651620865,1
5293,78,89,4,ps10_v2_p168,0.1303776651620865,1
5294,78,92,4,ps10_v2_p169,0.10905351489782333,1
5295,78,108,4,ps10_v2_p170,0.09291306883096695,1
5296,78,109,4,ps10_v2_p170,0.09291306883096695,1
5297,78,111,3,ps10_v2_p104,0.08117233961820602,1
5298,78,112,3,ps10_v2_p104,0.08117233961820602,1
5299,78,113,3,ps10_v2_p104,0.08117233961820602,1
5300,78,114,3,ps10_v2_p105,0.08448278158903122,1
5301,78,115,3,ps10_v2_p105,0.08448278158903122,1
5302,78,116,3,ps10_v2_p105,0.08448278158903122,1
5303,78,117,3,ps10_v2_p105,0.08448278158903122,1
5304,78,118,3,ps10_v2_p105,0.08448278158903122,1
5305,78,119,3,ps10_v2_p105,0.08448278158903122,1
5306,78,121,3,ps10_v2_p105,0.08448278158903122,1
5307,78,122,3,ps10_v2_p105,0.08448278158903122,1
5308,78,123,3,ps10_v2_p105,0.08448278158903122,1
5309,78,125,3,ps10_v2_p106,0.09433890879154205,1
5310,78,126,3,ps10_v2_p106,0.09433890879154205,1
5311,78,127,3,ps10_v2_p106,0.09433890879154205,1
5312,78,131,3,ps10_v2_p106,0.09433890879154205,1
5313,78,133,3,ps10_v2_p106,0.09433890879154205,1
5314,78,134,3,ps10_v2_p107,0.08910779654979706,1
5315,78,135,3,ps10_v2_p107,0.08910779654979706,1
5316,78,136,3,ps10_v2_p107,0.08910779654979706,1
5317,78,137,3,ps10_v2_p107,0.08910779654979706,1
5318,78,138,3,ps10_v2_p107,0.08910779654979706,1
5319,78,139,3,ps10_v2_p107,0.08910779654979706,1
5320,78,140,3,ps10_v2_p107,0.08910779654979706,1
5321,78,142,3,ps10_v2_p107,0.08910779654979706,1
5322,78,145,3,,,0
5323,78,146,3,,,0
5324,78,147,3,,,0
5325,78,187,3,,,0
5326,79,15,2,ps10_v2_p054,0.08448957651853561,1
5327,79,16,2,ps10_v2_p054,0.08448957651853561,1
5328,79,17,2,ps10_v2_p054,0.08448957651853561,1
5329,79,18,2,ps10_v2_p054,0.08448957651853561,1
5330,79,19,2,ps10_v2_p054,0.08448957651853561,1
5331,79,20,2,ps10_v2_p055,0.10800117999315262,1
5332,79,21,2,ps10_v2_p055,0.10800117999315262,1
5333,79,22,2,ps10_v2_p055,0.10800117999315262,1
5334,79,23,2,ps10_v2_p055,0.10800117999315262,1
5335,79,24,2,ps10_v2_p055,0.10800117999315262,1
5336,79,25,2,ps10_v2_p055,0.10800117999315262,1
5337,79,26,2,ps10_v2_p055,0.10800117999315262,1
5338,79,27,2,ps10_v2_p055,0.10800117999315262,1
5339,79,28,2,ps10_v2_p055,0.10800117999315262,1
5340,79,29,2,ps10_v2_p055,0.10800117999315262,1
5341,79,30,2,ps10_v2_p056,0.16034865379333496,1
5342,79,31,2,ps10_v2_p056,0.16034865379333496,1
5343,79,32,2,ps10_v2_p056,0.16034865379333496,1
5344,79,33,2,ps10_v2_p056,0.16034865379333496,1
5345,79,34,2,ps10_v2_p056,0.16034865379333496,1
5346,79,35,2,ps10_v2_p056,0.16034865379333496,1
5347,79,36,2,ps10_v2_p056,0.16034865379333496,1
5348,79,37,2,ps10_v2_p056,0.16034865379333496,1
5349,79,38,2,ps10_v2_p056,0.16034865379333496,1
5350,79,39,2,ps10_v2_p056,0.16034865379333496,1
5351,79,40,2,ps10_v2_p057,0.12357223778963089,1
5352,79,41,2,ps10_v2_p057,0.12357223778963089,1
5353,79,42,2,ps10_v2_p057,0.12357223778963089,1
5354,79,43,2,ps10_v2_p057,0.12357223778963089,1
5355,79,44,2,ps10_v2_p057,0.12357223778963089,1
5356,79,45,2,ps10_v2_p057,0.12357223778963089,1
5357,79,46,2,ps10_v2_p057,0.12357223778963089,1
5358,79,47,2,ps10_v2_p057,0.12357223778963089,1
5359,79,48,2,ps10_v2_p057,0.12357223778963089,1
5360,79,49,2,ps10_v2_p057,0.12357223778963089,1
5361,79,50,2,ps10_v2_p058,0.12517477571964264,1
5362,79,51,2,ps10_v2_p058,0.12517477571964264,1
5363,79,52,2,ps10_v2_p058,0.12517477571964264,1
5364,79,53,2,ps10_v2_p058,0.12517477571964264,1
5365,79,54,2,ps10_v2_p058,0.12517477571964264,1
5366,79,55,2,ps10_v2_p058,0.12517477571964264,1
5367,79,56,2,ps10_v2_p058,0.12517477571964264,1
5368,79,57,2,ps10_v2_p058,0.12517477571964264,1
5369,79,58,2,ps10_v2_p058,0.12517477571964264,1
5370,79,59,2,ps10_v2_p058,0.12517477571964264,1
5371,79,60,2,ps10_v2_p059,0.12195178866386414,1
5372,79,67,2,ps10_v2_p059,0.12195178866386414,1
5373,79,68,2,ps10_v2_p059,0.12195178866386414,1
5374,79,69,2,ps10_v2_p059,0.12195178866386414,1
5375,79,70,2,,,0
5376,79,71,4,ps10_v2_p167,0.1092790886759758,1
5377,79,72,4,ps10_v2_p167,0.1092790886759758,1
5378,79,73,4,ps10_v2_p167,0.1092790886759758,1
5379,79,74,4,ps10_v2_p167,0.1092790886759758,1
5380,79,75,4,ps10_v2_p167,0.1092790886759758,1
5381,79,76,4,ps10_v2_p167,0.1092790886759758,1
5382,79,77,4,ps10_v2_p167,0.1092790886759758,1
5383,79,78,4,ps10_v2_p167,0.1092790886759758,1
5384,79,79,4,ps10_v2_p167,0.1092790886759758,1
5385,79,80,4,ps10_v2_p167,0.1092790886759758,1
5386,79,81,4,ps10_v2_p168,0.1303776651620865,1
5387,79,82,4,ps10_v2_p168,0.1303776651620865,1
5388,79,83,4,ps10_v2_p168,0.1303776651620865,1
5389,79,84,4,ps10_v2_p168,0.1303776651620865,1
5390,79,85,4,ps10_v2_p168,0.1303776651620865,1
5391,79,86,4,ps10_v2_p168,0.1303776651620865,1
5392,79,87,4,ps10_v2_p168,0.1303776651620865,1
5393,79,88,4,ps10_v2_p168,0.1303776651620865,1
5394,79,89,4,ps10_v2_p168,0.1303776651620865,1
5395,79,90,4,ps10_v2_p168,0.1303776651620865,1
5396,79,91,4,ps10_v2_p169,0.10905351489782333,1
5397,79,107,4,ps10_v2_p170,0.09291306883096695,1
5398,79,108,4,ps10_v2_p170,0.09291306883096695,1
5399,79,109,4,ps10_v2_p170,0.09291306883096695,1
5400,79,110,4,ps10_v2_p170,0.09291306883096695,1
5401,79,111,4,ps10_v2_p171,0.10461598634719849,1
5402,79,112,3,ps10_v2_p104,0.08117233961820602,1
5403,79,113,3,ps10_v2_p104,0.08117233961820602,1
5404,79,114,3,ps10_v2_p105,0.08448278158903122,1
5405,79,116,3,ps10_v2_p105,0.08448278158903122,1
5406,79,118,3,ps10_v2_p105,0.08448278158903122,1
5407,79,119,3,ps10_v2_p105,0.08448278158903122,1
5408,79,120,3,ps10_v2_p105,0.08448278158903122,1
5409,79,121,3,ps10_v2_p105,0.08448278158903122,1
5410,79,122,3,ps10_v2_p105,0.08448278158903122,1
5411,79,124,3,ps10_v2_p106,0.09433890879154205,1
5412,79,125,3,ps10_v2_p106,0.09433890879154205,1
5413,79,126,3,ps10_v2_p106,0.09433890879154205,1
5414,79,127,3,ps10_v2_p106,0.09433890879154205,1
5415,79,128,3,ps10_v2_p106,0.09433890879154205,1
5416,79,132,3,ps10_v2_p106,0.09433890879154205,1
5417,79,134,3,ps10_v2_p107,0.08910779654979706,1
5418,79,135,3,ps10_v2_p107,0.08910779654979706,1
5419,79,136,3,ps10_v2_p107,0.08910779654979706,1
5420,79,137,3,ps10_v2_p107,0.08910779654979706,1
5421,79,138,3,ps10_v2_p107,0.08910779654979706,1
5422,79,139,3,ps10_v2_p107,0.08910779654979706,1
5423,79,141,3,ps10_v2_p107,0.08910779654979706,1
5424,79,145,3,,,0
5425,79,146,3,,,0
5426,79,147,3,,,0
5427,79,186,3,,,0
5428,79,187,3,,,0
5429,80,13,2,ps10_v2_p054,0.08448957651853561,1
5430,80,15,2,ps10_v2_p054,0.08448957651853561,1
5431,80,16,2,ps10_v2_p054,0.08448957651853561,1
5432,80,17,2,ps10_v2_p054,0.08448957651853561,1
5433,80,18,2,ps10_v2_p054,0.08448957651853561,1
5434,80,19,2,ps10_v2_p054,0.08448957651853561,1
5435,80,20,2,ps10_v2_p055,0.10800117999315262,1
5436,80,21,2,ps10_v2_p055,0.10800117999315262,1
5437,80,22,2,ps10_v2_p055,0.10800117999315262,1
5438,80,23,2,ps10_v2_p055,0.10800117999315262,1
5439,80,24,2,ps10_v2_p055,0.10800117999315262,1
5440,80,25,2,ps10_v2_p055,0.10800117999315262,1
5441,80,26,2,ps10_v2_p055,0.10800117999315262,1
5442,80,27,2,ps10_v2_p055,0.10800117999315262,1
5443,80,28,2,ps10_v2_p055,0.10800117999315262,1
5444,80,29,2,ps10_v2_p055,0.10800117999315262,1
5445,80,30,2,ps10_v2_p056,0.16034865379333496,1
5446,80,31,2,ps10_v2_p056,0.16034865379333496,1
5447,80,32,2,ps10_v2_p056,0.16034865379333496,1
5448,80,33,2,ps10_v2_p056,0.16034865379333496,1
5449,80,34,2,ps10_v2_p056,0.16034865379333496,1
5450,80,35,2,ps10_v2_p056,0.16034865379333496,1
5451,80,36,2,ps10_v2_p056,0.16034865379333496,1
5452,80,37,2,ps10_v2_p056,0.16034865379333496,1
5453,80,38,2,ps10_v2_p056,0.16034865379333496,1
5454,80,39,2,ps10_v2_p056,0.16034865379333496,1
5455,80,40,2,ps10_v2_p057,0.12357223778963089,1
5456,80,41,2,ps10_v2_p057,0.12357223778963089,1
5457,80,42,2,ps10_v2_p057,0.12357223778963089,1
5458,80,43,2,ps10_v2_p057,0.12357223778963089,1
5459,80,44,2,ps10_v2_p057,0.12357223778963089,1
5460,80,45,2,ps10_v2_p057,0.12357223778963089,1
5461,80,46,2,ps10_v2_p057,0.12357223778963089,1
5462,80,47,2,ps10_v2_p057,0.12357223778963089,1
5463,80,48,2,ps10_v2_p057,0.12357223778963089,1
5464,80,49,2,ps10_v2_p057,0.12357223778963089,1
5465,80,50,2,ps10_v2_p058,0.12517477571964264,1
5466,80,51,2,ps10_v2_p058,0.12517477571964264,1
5467,80,52,2,ps10_v2_p058,0.12517477571964264,1
5468,80,53,2,ps10_v2_p058,0.12517477571964264,1
5469,80,54,2,ps10_v2_p058,0.12517477571964264,1
5470,80,55,2,ps10_v2_p058,0.12517477571964264,1
5471,80,56,2,ps10_v2_p058,0.12517477571964264,1
5472,80,57,2,ps10_v2_p058,0.12517477571964264,1
5473,80,58,2,ps10_v2_p058,0.12517477571964264,1
5474,80,59,2,ps10_v2_p058,0.12517477571964264,1
5475,80,64,2,ps10_v2_p059,0.12195178866386414,1
5476,80,68,2,ps10_v2_p059,0.12195178866386414,1
5477,80,69,2,ps10_v2_p059,0.12195178866386414,1
5478,80,70,2,,,0
5479,80,71,4,ps10_v2_p167,0.1092790886759758,1
5480,80,72,4,ps10_v2_p167,0.1092790886759758,1
5481,80,73,4,ps10_v2_p167,0.1092790886759758,1
5482,80,74,4,ps10_v2_p167,0.1092790886759758,1
5483,80,75,4,ps10_v2_p167,0.1092790886759758,1
5484,80,76,4,ps10_v2_p167,0.1092790886759758,1
5485,80,77,4,ps10_v2_p167,0.1092790886759758,1
5486,80,78,4,ps10_v2_p167,0.1092790886759758,1
5487,80,79,4,ps10_v2_p167,0.1092790886759758,1
5488,80,80,4,ps10_v2_p167,0.1092790886759758,1
5489,80,81,4,ps10_v2_p168,0.1303776651620865,1
5490,80,82,4,ps10_v2_p168,0.1303776651620865,1
5491,80,83,4,ps10_v2_p168,0.1303776651620865,1
5492,80,84,4,ps10_v2_p168,0.1303776651620865,1
5493,80,85,4,ps10_v2_p168,0.1303776651620865,1
5494,80,86,4,ps10_v2_p168,0.1303776651620865,1
5495,80,87,4,ps10_v2_p168,0.1303776651620865,1
5496,80,88,4,ps10_v2_p168,0.1303776651620865,1
5497,80,89,4,ps10_v2_p168,0.1303776651620865,1
5498,80,90,4,ps10_v2_p168,0.1303776651620865,1
5499,80,91,4,ps10_v2_p169,0.10905351489782333,1
5500,80,92,4,ps10_v2_p169,0.10905351489782333,1
5501,80,105,4,ps10_v2_p170,0.09291306883096695,1
5502,80,106,4,ps10_v2_p170,0.09291306883096695,1
5503,80,107,4,ps10_v2_p170,0.09291306883096695,1
5504,80,108,4,ps10_v2_p170,0.09291306883096695,1
5505,80,109,4,ps10_v2_p170,0.09291306883096695,1
5506,80,110,4,ps10_v2_p170,0.09291306883096695,1
5507,80,111,4,ps10_v2_p171,0.10461598634719849,1
5508,80,112,3,,,0
5509,80,113,3,,,0
5510,80,114,3,ps10_v2_p108,0.08300516754388809,1
5511,80,115,3,ps10_v2_p108,0.08300516754388809,1
5512,80,116,3,ps10_v2_p108,0.08300516754388809,1
5513,80,117,3,ps10_v2_p108,0.08300516754388809,1
5514,80,118,3,ps10_v2_p108,0.08300516754388809,1
5515,80,119,3,ps10_v2_p108,0.08300516754388809,1
5516,80,120,3,ps10_v2_p108,0.08300516754388809,1
5517,80,121,3,ps10_v2_p108,0.08300516754388809,1
5518,80,122,3,ps10_v2_p108,0.08300516754388809,1
5519,80,123,3,ps10_v2_p108,0.08300516754388809,1
5520,80,125,3,ps10_v2_p109,0.09346678853034973,1
5521,80,126,3,ps10_v2_p109,0.09346678853034973,1
5522,80,127,3,ps10_v2_p109,0.09346678853034973,1
5523,80,128,3,ps10_v2_p109,0.09346678853034973,1
5524,80,129,3,ps10_v2_p109,0.09346678853034973,1
5525,80,133,3,ps10_v2_p109,0.09346678853034973,1
5526,80,134,3,ps10_v2_p110,0.08697167038917542,1
5527,80,135,3,ps10_v2_p110,0.08697167038917542,1
5528,80,136,3,ps10_v2_p110,0.08697167038917542,1
5529,80,137,3,ps10_v2_p110,0.08697167038917542,1
5530,80,138,3,ps10_v2_p110,0.08697167038917542,1
5531,80,139,3,ps10_v2_p110,0.08697167038917542,1
5532,80,140,3,ps10_v2_p110,0.08697167038917542,1
5533,80,141,3,ps10_v2_p110,0.08697167038917542,1
5534,80,142,3,ps10_v2_p110,0.08697167038917542,1
5535,80,143,3,ps10_v2_p110,0.08697167038917542,1
5536,80,144,3,ps10_v2_p111,0.1111806109547615,1
5537,80,145,3,ps10_v2_p111,0.1111806109547615,1
5538,80,146,3,ps10_v2_p111,0.1111806109547615,1
5539,80,147,3,ps10_v2_p111,0.1111806109547615,1
5540,80,148,3,ps10_v2_p111,0.1111806109547615,1
5541,80,185,3,,,0
5542,81,14,2,ps10_v2_p054,0.08448957651853561,1
5543,81,16,2,ps10_v2_p054,0.08448957651853561,1
5544,81,17,2,ps10_v2_p054,0.08448957651853561,1
5545,81,18,2,ps10_v2_p054,0.08448957651853561,1
5546,81,19,2,ps10_v2_p054,0.08448957651853561,1
5547,81,20,2,ps10_v2_p055,0.10800117999315262,1
5548,81,21,2,ps10_v2_p055,0.10800117999315262,1
5549,81,22,2,ps10_v2_p055,0.10800117999315262,1
5550,81,23,2,ps10_v2_p055,0.10800117999315262,1
5551,81,24,2,ps10_v2_p055,0.10800117999315262,1
5552,81,25,2,ps10_v2_p055,0.10800117999315262,1
5553,81,26,2,ps10_v2_p055,0.10800117999315262,1
5554,81,27,2,ps10_v2_p055,0.10800117999315262,1
5555,81,28,2,ps10_v2_p055,0.10800117999315262,1
5556,81,29,2,ps10_v2_p055,0.10800117999315262,1
5557,81,30,2,ps10_v2_p056,0.16034865379333496,1
5558,81,31,2,ps10_v2_p056,0.16034865379333496,1
5559,81,32,2,ps10_v2_p056,0.16034865379333496,1
5560,81,33,2,ps10_v2_p056,0.16034865379333496,1
5561,81,34,2,ps10_v2_p056,0.16034865379333496,1
5562,81,35,2,ps10_v2_p056,0.16034865379333496,1
5563,81,36,2,ps10_v2_p056,0.16034865379333496,1
5564,81,37,2,ps10_v2_p056,0.16034865379333496,1
5565,81,38,2,ps10_v2_p056,0.16034865379333496,1
5566,81,39,2,ps10_v2_p056,0.16034865379333496,1
5567,81,40,2,ps10_v2_p057,0.12357223778963089,1
5568,81,41,2,ps10_v2_p057,0.12357223778963089,1
5569,81,42,2,ps10_v2_p057,0.12357223778963089,1
5570,81,43,2,ps10_v2_p057,0.12357223778963089,1
5571,81,44,2,ps10_v2_p057,0.12357223778963089,1
5572,81,45,2,ps10_v2_p057,0.12357223778963089,1
5573,81,46,2,ps10_v2_p057,0.12357223778963089,1
5574,81,47,2,ps10_v2_p057,0.12357223778963089,1
5575,81,48,2,ps10_v2_p057,0.12357223778963089,1
5576,81,49,2,ps10_v2_p057,0.12357223778963089,1
5577,81,50,2,ps10_v2_p058,0.12517477571964264,1
5578,81,51,2,ps10_v2_p058,0.12517477571964264,1
5579,81,52,2,ps10_v2_p058,0.12517477571964264,1
5580,81,53,2,ps10_v2_p058,0.12517477571964264,1
5581,81,54,2,ps10_v2_p058,0.12517477571964264,1
5582,81,55,2,ps10_v2_p058,0.12517477571964264,1
5583,81,56,2,ps10_v2_p058,0.12517477571964264,1
5584,81,57,2,ps10_v2_p058,0.12517477571964264,1
5585,81,58,2,ps10_v2_p058,0.12517477571964264,1
5586,81,59,2,ps10_v2_p058,0.12517477571964264,1
5587,81,63,2,ps10_v2_p059,0.12195178866386414,1
5588,81,68,2,ps10_v2_p059,0.12195178866386414,1
5589,81,69,2,ps10_v2_p059,0.12195178866386414,1
5590,81,70,2,,,0
5591,81,71,4,ps10_v2_p167,0.1092790886759758,1
5592,81,72,4,ps10_v2_p167,0.1092790886759758,1
5593,81,73,4,ps10_v2_p167,0.1092790886759758,1
5594,81,74,4,ps10_v2_p167,0.1092790886759758,1
5595,81,75,4,ps10_v2_p167,0.1092790886759758,1
5596,81,76,4,ps10_v2_p167,0.1092790886759758,1
5597,81,77,4,ps10_v2_p167,0.1092790886759758,1
5598,81,78,4,ps10_v2_p167,0.1092790886759758,1
5599,81,79,4,ps10_v2_p167,0.1092790886759758,1
5600,81,80,4,ps10_v2_p167,0.1092790886759758,1
5601,81,81,4,ps10_v2_p168,0.1303776651620865,1
5602,81,82,4,ps10_v2_p168,0.1303776651620865,1
5603,81,83,4,ps10_v2_p168,0.1303776651620865,1
5604,81,84,4,ps10_v2_p168,0.1303776651620865,1
5605,81,85,4,ps10_v2_p168,0.1303776651620865,1
5606,81,86,4,ps10_v2_p168,0.1303776651620865,1
5607,81,87,4,ps10_v2_p168,0.1303776651620865,1
5608,81,88,4,ps10_v2_p168,0.1303776651620865,1
5609,81,89,4,ps10_v2_p168,0.1303776651620865,1
5610,81,90,4,ps10_v2_p168,0.1303776651620865,1
5611,81,91,4,ps10_v2_p169,0.10905351489782333,1
5612,81,92,4,ps10_v2_p169,0.10905351489782333,1
5613,81,93,4,ps10_v2_p169,0.10905351489782333,1
5614,81,106,4,ps10_v2_p170,0.09291306883096695,1
5615,81,107,4,ps10_v2_p170,0.09291306883096695,1
5616,81,108,4,ps10_v2_p170,0.09291306883096695,1
5617,81,109,4,ps10_v2_p170,0.09291306883096695,1
5618,81,110,4,ps10_v2_p170,0.09291306883096695,1
5619,81,111,4,ps10_v2_p171,0.10461598634719849,1
5620,81,112,4,ps10_v2_p171,0.10461598634719849,1
5621,81,113,3,,,0
5622,81,117,3,ps10_v2_p108,0.08300516754388809,1
5623,81,119,3,ps10_v2_p108,0.08300516754388809,1
5624,81,122,3,ps10_v2_p108,0.08300516754388809,1
5625,81,126,3,ps10_v2_p109,0.09346678853034973,1
5626,81,127,3,ps10_v2_p109,0.09346678853034973,1
5627,81,128,3,ps10_v2_p109,0.09346678853034973,1
5628,81,129,3,ps10_v2_p109,0.09346678853034973,1
5629,81,132,3,ps10_v2_p109,0.09346678853034973,1
5630,81,133,3,ps10_v2_p109,0.09346678853034973,1
5631,81,134,3,ps10_v2_p110,0.08697167038917542,1
5632,81,135,3,ps10_v2_p110,0.08697167038917542,1
5633,81,137,3,ps10_v2_p110,0.08697167038917542,1
5634,81,139,3,ps10_v2_p110,0.08697167038917542,1
5635,81,140,3,ps10_v2_p110,0.08697167038917542,1
5636,81,141,3,ps10_v2_p110,0.08697167038917542,1
5637,81,143,3,ps10_v2_p110,0.08697167038917542,1
5638,81,144,3,ps10_v2_p111,0.1111806109547615,1
5639,81,145,3,ps10_v2_p111,0.1111806109547615,1
5640,81,146,3,ps10_v2_p111,0.1111806109547615,1
5641,81,147,3,ps10_v2_p111,0.1111806109547615,1
5642,81,148,3,ps10_v2_p111,0.1111806109547615,1
5643,81,149,3,ps10_v2_p111,0.1111806109547615,1
5644,81,187,3,,,0
5645,82,14,2,ps10_v2_p054,0.08448957651853561,1
5646,82,15,2,ps10_v2_p054,0.08448957651853561,1
5647,82,16,2,ps10_v2_p054,0.08448957651853561,1
5648,82,17,2,ps10_v2_p054,0.08448957651853561,1
5649,82,18,2,ps10_v2_p054,0.08448957651853561,1
5650,82,19,2,ps10_v2_p054,0.08448957651853561,1
5651,82,20,2,ps10_v2_p055,0.10800117999315262,1
5652,82,21,2,ps10_v2_p055,0.10800117999315262,1
5653,82,22,2,ps10_v2_p055,0.10800117999315262,1
5654,82,23,2,ps10_v2_p055,0.10800117999315262,1
5655,82,24,2,ps10_v2_p055,0.10800117999315262,1
5656,82,25,2,ps10_v2_p055,0.10800117999315262,1
5657,82,26,2,ps10_v2_p055,0.10800117999315262,1
5658,82,27,2,ps10_v2_p055,0.10800117999315262,1
5659,82,28,2,ps10_v2_p055,0.10800117999315262,1
5660,82,29,2,ps10_v2_p055,0.10800117999315262,1
5661,82,30,2,ps10_v2_p056,0.16034865379333496,1
5662,82,31,2,ps10_v2_p056,0.16034865379333496,1
5663,82,32,2,ps10_v2_p056,0.16034865379333496,1
5664,82,33,2,ps10_v2_p056,0.16034865379333496,1
5665,82,34,2,ps10_v2_p056,0.16034865379333496,1
5666,82,35,2,ps10_v2_p056,0.16034865379333496,1
5667,82,36,2,ps10_v2_p056,0.16034865379333496,1
5668,82,37,2,ps10_v2_p056,0.16034865379333496,1
5669,82,38,2,ps10_v2_p056,0.16034865379333496,1
5670,82,39,2,ps10_v2_p056,0.16034865379333496,1
5671,82,40,2,ps10_v2_p057,0.12357223778963089,1
5672,82,41,2,ps10_v2_p057,0.12357223778963089,1
5673,82,42,2,ps10_v2_p057,0.12357223778963089,1
5674,82,43,2,ps10_v2_p057,0.12357223778963089,1
5675,82,44,2,ps10_v2_p057,0.12357223778963089,1
5676,82,45,2,ps10_v2_p057,0.12357223778963089,1
5677,82,46,2,ps10_v2_p057,0.12357223778963089,1
5678,82,47,2,ps10_v2_p057,0.12357223778963089,1
5679,82,48,2,ps10_v2_p057,0.12357223778963089,1
5680,82,49,2,ps10_v2_p057,0.12357223778963089,1
5681,82,50,2,ps10_v2_p058,0.12517477571964264,1
5682,82,51,2,ps10_v2_p058,0.12517477571964264,1
5683,82,52,2,ps10_v2_p058,0.12517477571964264,1
5684,82,53,2,ps10_v2_p058,0.12517477571964264,1
5685,82,54,2,ps10_v2_p058,0.12517477571964264,1
5686,82,55,2,ps10_v2_p058,0.12517477571964264,1
5687,82,56,2,ps10_v2_p058,0.12517477571964264,1
5688,82,57,2,ps10_v2_p058,0.12517477571964264,1
5689,82,58,2,ps10_v2_p058,0.12517477571964264,1
5690,82,59,2,ps10_v2_p058,0.12517477571964264,1
5691,82,68,2,ps10_v2_p059,0.12195178866386414,1
5692,82,69,2,ps10_v2_p059,0.12195178866386414,1
5693,82,70,2,,,0
5694,82,71,4,ps10_v2_p167,0.1092790886759758,1
5695,82,72,4,ps10_v2_p167,0.1092790886759758,1
5696,82,73,4,ps10_v2_p167,0.1092790886759758,1
5697,82,74,4,ps10_v2_p167,0.1092790886759758,1
5698,82,75,4,ps10_v2_p167,0.1092790886759758,1
5699,82,76,4,ps10_v2_p167,0.1092790886759758,1
5700,82,77,4,ps10_v2_p167,0.1092790886759758,1
5701,82,78,4,ps10_v2_p167,0.1092790886759758,1
5702,82,79,4,ps10_v2_p167,0.1092790886759758,1
5703,82,80,4,ps10_v2_p167,0.1092790886759758,1
5704,82,81,4,ps10_v2_p168,0.1303776651620865,1
5705,82,82,4,ps10_v2_p168,0.1303776651620865,1
5706,82,83,4,ps10_v2_p168,0.1303776651620865,1
5707,82,84,4,ps10_v2_p168,0.1303776651620865,1
5708,82,85,4,ps10_v2_p168,0.1303776651620865,1
5709,82,86,4,ps10_v2_p168,0.1303776651620865,1
5710,82,87,4,ps10_v2_p168,0.1303776651620865,1
5711,82,88,4,ps10_v2_p168,0.1303776651620865,1
5712,82,89,4,ps10_v2_p168,0.1303776651620865,1
5713,82,90,4,ps10_v2_p168,0.1303776651620865,1
5714,82,91,4,ps10_v2_p169,0.10905351489782333,1
5715,82,92,4,ps10_v2_p169,0.10905351489782333,1
5716,82,93,4,ps10_v2_p169,0.10905351489782333,1
5717,82,105,4,ps10_v2_p170,0.09291306883096695,1
5718,82,106,4,ps10_v2_p170,0.09291306883096695,1
5719,82,107,4,ps10_v2_p170,0.09291306883096695,1
5720,82,109,4,ps10_v2_p170,0.09291306883096695,1
5721,82,110,4,ps10_v2_p170,0.09291306883096695,1
5722,82,111,4,ps10_v2_p171,0.10461598634719849,1
5723,82,112,4,ps10_v2_p171,0.10461598634719849,1
5724,82,114,3,ps10_v2_p108,0.08300516754388809,1
5725,82,118,3,ps10_v2_p108,0.08300516754388809,1
5726,82,120,3,ps10_v2_p108,0.08300516754388809,1
5727,82,121,3,ps10_v2_p108,0.08300516754388809,1
5728,82,122,3,ps10_v2_p108,0.08300516754388809,1
5729,82,125,3,ps10_v2_p109,0.09346678853034973,1
5730,82,126,3,ps10_v2_p109,0.09346678853034973,1
5731,82,127,3,ps10_v2_p109,0.09346678853034973,1
5732,82,128,3,ps10_v2_p109,0.09346678853034973,1
5733,82,129,3,ps10_v2_p109,0.09346678853034973,1
5734,82,130,3,ps10_v2_p109,0.09346678853034973,1
5735,82,132,3,ps10_v2_p109,0.09346678853034973,1
5736,82,134,3,ps10_v2_p110,0.08697167038917542,1
5737,82,138,3,ps10_v2_p110,0.08697167038917542,1
5738,82,139,3,ps10_v2_p110,0.08697167038917542,1
5739,82,140,3,ps10_v2_p110,0.08697167038917542,1
5740,82,141,3,ps10_v2_p110,0.08697167038917542,1
5741,82,143,3,ps10_v2_p110,0.08697167038917542,1
5742,82,145,3,ps10_v2_p111,0.1111806109547615,1
5743,82,146,3,ps10_v2_p111,0.1111806109547615,1
5744,82,147,3,ps10_v2_p111,0.1111806109547615,1
5745,82,148,3,ps10_v2_p111,0.1111806109547615,1
5746,82,150,3,ps10_v2_p111,0.1111806109547615,1
5747,82,185,3,,,0
5748,82,188,3,,,0
5749,83,12,2,ps10_v2_p054,0.08448957651853561,1
5750,83,13,2,ps10_v2_p054,0.08448957651853561,1
5751,83,15,2,ps10_v2_p054,0.08448957651853561,1
5752,83,16,2,ps10_v2_p054,0.08448957651853561,1
5753,83,17,2,ps10_v2_p054,0.08448957651853561,1
5754,83,18,2,ps10_v2_p054,0.08448957651853561,1
5755,83,19,2,ps10_v2_p054,0.08448957651853561,1
5756,83,20,2,ps10_v2_p055,0.10800117999315262,1
5757,83,21,2,ps10_v2_p055,0.10800117999315262,1
5758,83,22,2,ps10_v2_p055,0.10800117999315262,1
5759,83,23,2,ps10_v2_p055,0.10800117999315262,1
5760,83,24,2,ps10_v2_p055,0.10800117999315262,1
5761,83,25,2,ps10_v2_p055,0.10800117999315262,1
5762,83,26,2,ps10_v2_p055,0.10800117999315262,1
5763,83,27,2,ps10_v2_p055,0.10800117999315262,1
5764,83,28,2,ps10_v2_p055,0.10800117999315262,1
5765,83,29,2,ps10_v2_p055,0.10800117999315262,1
5766,83,30,2,ps10_v2_p056,0.16034865379333496,1
5767,83,31,2,ps10_v2_p056,0.16034865379333496,1
5768,83,32,2,ps10_v2_p056,0.16034865379333496,1
5769,83,33,2,ps10_v2_p056,0.16034865379333496,1
5770,83,34,2,ps10_v2_p056,0.16034865379333496,1
5771,83,35,2,ps10_v2_p056,0.16034865379333496,1
5772,83,36,2,ps10_v2_p056,0.16034865379333496,1
5773,83,37,2,ps10_v2_p056,0.16034865379333496,1
5774,83,38,2,ps10_v2_p056,0.16034865379333496,1
5775,83,39,2,ps10_v2_p056,0.16034865379333496,1
5776,83,40,2,ps10_v2_p057,0.12357223778963089,1
5777,83,41,2,ps10_v2_p057,0.12357223778963089,1
5778,83,42,2,ps10_v2_p057,0.12357223778963089,1
5779,83,43,2,ps10_v2_p057,0.12357223778963089,1
5780,83,44,2,ps10_v2_p057,0.12357223778963089,1
5781,83,45,2,ps10_v2_p057,0.12357223778963089,1
5782,83,46,2,ps10_v2_p057,0.12357223778963089,1
5783,83,47,2,ps10_v2_p057,0.12357223778963089,1
5784,83,48,2,ps10_v2_p057,0.12357223778963089,1
5785,83,49,2,ps10_v2_p057,0.12357223778963089,1
5786,83,50,2,ps10_v2_p058,0.12517477571964264,1
5787,83,51,2,ps10_v2_p058,0.12517477571964264,1
5788,83,52,2,ps10_v2_p058,0.12517477571964264,1
5789,83,53,2,ps10_v2_p058,0.12517477571964264,1
5790,83,54,2,ps10_v2_p058,0.12517477571964264,1
5791,83,55,2,ps10_v2_p058,0.12517477571964264,1
5792,83,56,2,ps10_v2_p058,0.12517477571964264,1
5793,83,58,2,ps10_v2_p058,0.12517477571964264,1
5794,83,59,2,ps10_v2_p058,0.12517477571964264,1
5795,83,68,2,ps10_v2_p059,0.12195178866386414,1
5796,83,69,2,ps10_v2_p059,0.12195178866386414,1
5797,83,70,2,,,0
5798,83,71,4,ps10_v2_p167,0.1092790886759758,1
5799,83,72,4,ps10_v2_p167,0.1092790886759758,1
5800,83,73,4,ps10_v2_p167,0.1092790886759758,1
5801,83,74,4,ps10_v2_p167,0.1092790886759758,1
5802,83,75,4,ps10_v2_p167,0.1092790886759758,1
5803,83,76,4,ps10_v2_p167,0.1092790886759758,1
5804,83,77,4,ps10_v2_p167,0.1092790886759758,1
5805,83,78,4,ps10_v2_p167,0.1092790886759758,1
5806,83,79,4,ps10_v2_p167,0.1092790886759758,1
5807,83,80,4,ps10_v2_p167,0.1092790886759758,1
5808,83,81,4,ps10_v2_p168,0.1303776651620865,1
5809,83,82,4,ps10_v2_p168,0.1303776651620865,1
5810,83,83,4,ps10_v2_p168,0.1303776651620865,1
5811,83,84,4,ps10_v2_p168,0.1303776651620865,1
5812,83,85,4,ps10_v2_p168,0.1303776651620865,1
5813,83,86,4,ps10_v2_p168,0.1303776651620865,1
5814,83,87,4,ps10_v2_p168,0.1303776651620865,1
5815,83,88,4,ps10_v2_p168,0.1303776651620865,1
5816,83,89,4,ps10_v2_p168,0.1303776651620865,1
5817,83,90,4,ps10_v2_p168,0.1303776651620865,1
5818,83,91,4,ps10_v2_p169,0.10905351489782333,1
5819,83,92,4,ps10_v2_p169,0.10905351489782333,1
5820,83,93,4,ps10_v2_p169,0.10905351489782333,1
5821,83,94,4,ps10_v2_p169,0.10905351489782333,1
5822,83,105,4,ps10_v2_p170,0.09291306883096695,1
5823,83,106,4,ps10_v2_p170,0.09291306883096695,1
5824,83,108,4,ps10_v2_p170,0.09291306883096695,1
5825,83,109,4,ps10_v2_p170,0.09291306883096695,1
5826,83,110,4,ps10_v2_p170,0.09291306883096695,1
5827,83,111,4,ps10_v2_p171,0.10461598634719849,1
5828,83,112,4,ps10_v2_p171,0.10461598634719849,1
5829,83,114,3,ps10_v2_p108,0.08300516754388809,1
5830,83,117,3,ps10_v2_p108,0.08300516754388809,1
5831,83,118,3,ps10_v2_p108,0.08300516754388809,1
5832,83,119,3,ps10_v2_p108,0.08300516754388809,1
5833,83,120,3,ps10_v2_p108,0.08300516754388809,1
5834,83,121,3,ps10_v2_p108,0.08300516754388809,1
5835,83,123,3,ps10_v2_p108,0.08300516754388809,1
5836,83,126,3,ps10_v2_p109,0.09346678853034973,1
5837,83,127,3,ps10_v2_p109,0.09346678853034973,1
5838,83,128,3,ps10_v2_p109,0.09346678853034973,1
5839,83,129,3,ps10_v2_p109,0.09346678853034973,1
5840,83,130,3,ps10_v2_p109,0.09346678853034973,1
5841,83,131,3,ps10_v2_p109,0.09346678853034973,1
5842,83,132,3,ps10_v2_p109,0.09346678853034973,1
5843,83,135,3,ps10_v2_p110,0.08697167038917542,1
5844,83,136,3,ps10_v2_p110,0.08697167038917542,1
5845,83,138,3,ps10_v2_p110,0.08697167038917542,1
5846,83,139,3,ps10_v2_p110,0.08697167038917542,1
5847,83,140,3,ps10_v2_p110,0.08697167038917542,1
5848,83,142,3,ps10_v2_p110,0.08697167038917542,1
5849,83,144,3,ps10_v2_p111,0.1111806109547615,1
5850,83,146,3,ps10_v2_p111,0.1111806109547615,1
5851,83,147,3,ps10_v2_p111,0.1111806109547615,1
5852,83,149,3,ps10_v2_p111,0.1111806109547615,1
5853,83,152,5,,,0
5854,83,184,3,,,0
5855,83,187,3,,,0
5856,84,12,2,ps10_v2_p060,0.09190067648887634,1
5857,84,14,2,ps10_v2_p060,0.09190067648887634,1
5858,84,15,2,ps10_v2_p060,0.09190067648887634,1
5859,84,16,2,ps10_v2_p060,0.09190067648887634,1
5860,84,17,2,ps10_v2_p060,0.09190067648887634,1
5861,84,18,2,ps10_v2_p060,0.09190067648887634,1
5862,84,19,2,ps10_v2_p060,0.09190067648887634,1
5863,84,20,2,ps10_v2_p061,0.0904758870601654,1
5864,84,21,2,ps10_v2_p061,0.0904758870601654,1
5865,84,22,2,ps10_v2_p061,0.0904758870601654,1
5866,84,23,2,ps10_v2_p061,0.0904758870601654,1
5867,84,24,2,ps10_v2_p061,0.0904758870601654,1
5868,84,25,2,ps10_v2_p061,0.0904758870601654,1
5869,84,26,2,ps10_v2_p061,0.0904758870601654,1
5870,84,27,2,ps10_v2_p061,0.0904758870601654,1
5871,84,28,2,ps10_v2_p061,0.0904758870601654,1
5872,84,29,2,ps10_v2_p061,0.0904758870601654,1
5873,84,30,2,ps10_v2_p062,0.13892978429794312,1
5874,84,31,2,ps10_v2_p062,0.13892978429794312,1
5875,84,32,2,ps10_v2_p062,0.13892978429794312,1
5876,84,33,2,ps10_v2_p062,0.13892978429794312,1
5877,84,34,2,ps10_v2_p062,0.13892978429794312,1
5878,84,35,2,ps10_v2_p062,0.13892978429794312,1
5879,84,36,2,ps10_v2_p062,0.13892978429794312,1
5880,84,37,2,ps10_v2_p062,0.13892978429794312,1
5881,84,38,2,ps10_v2_p062,0.13892978429794312,1
5882,84,39,2,ps10_v2_p062,0.13892978429794312,1
5883,84,40,2,ps10_v2_p063,0.14805781841278076,1
5884,84,41,2,ps10_v2_p063,0.14805781841278076,1
5885,84,42,2,ps10_v2_p063,0.14805781841278076,1
5886,84,43,2,ps10_v2_p063,0.14805781841278076,1
5887,84,44,2,ps10_v2_p063,0.14805781841278076,1
5888,84,45,2,ps10_v2_p063,0.14805781841278076,1
5889,84,46,2,ps10_v2_p063,0.14805781841278076,1
5890,84,47,2,ps10_v2_p063,0.14805781841278076,1
5891,84,48,2,ps10_v2_p063,0.14805781841278076,1
5892,84,49,2,ps10_v2_p063,0.14805781841278076,1
5893,84,50,2,ps10_v2_p064,0.11479497700929642,1
5894,84,51,2,ps10_v2_p064,0.11479497700929642,1
5895,84,52,2,ps10_v2_p064,0.11479497700929642,1
5896,84,53,2,ps10_v2_p064,0.11479497700929642,1
5897,84,54,2,ps10_v2_p064,0.11479497700929642,1
5898,84,55,2,ps10_v2_p064,0.11479497700929642,1
5899,84,69,2,,,0
5900,84,70,2,,,0
5901,84,71,4,ps10_v2_p167,0.1092790886759758,1
5902,84,72,4,ps10_v2_p167,0.1092790886759758,1
5903,84,73,4,ps10_v2_p167,0.1092790886759758,1
5904,84,74,4,ps10_v2_p167,0.1092790886759758,1
5905,84,75,4,ps10_v2_p167,0.1092790886759758,1
5906,84,76,4,ps10_v2_p167,0.1092790886759758,1
5907,84,77,4,ps10_v2_p167,0.1092790886759758,1
5908,84,78,4,ps10_v2_p167,0.1092790886759758,1
5909,84,79,4,ps10_v2_p167,0.1092790886759758,1
5910,84,80,4,ps10_v2_p167,0.1092790886759758,1
5911,84,81,4,ps10_v2_p168,0.1303776651620865,1
5912,84,82,4,ps10_v2_p168,0.1303776651620865,1
5913,84,83,4,ps10_v2_p168,0.1303776651620865,1
5914,84,84,4,ps10_v2_p168,0.1303776651620865,1
5915,84,85,4,ps10_v2_p168,0.1303776651620865,1
5916,84,86,4,ps10_v2_p168,0.1303776651620865,1
5917,84,87,4,ps10_v2_p168,0.1303776651620865,1
5918,84,88,4,ps10_v2_p168,0.1303776651620865,1
5919,84,89,4,ps10_v2_p168,0.1303776651620865,1
5920,84,90,4,ps10_v2_p168,0.1303776651620865,1
5921,84,91,4,ps10_v2_p169,0.10905351489782333,1
5922,84,92,4,ps10_v2_p169,0.10905351489782333,1
5923,84,93,4,ps10_v2_p169,0.10905351489782333,1
5924,84,94,4,ps10_v2_p169,0.10905351489782333,1
5925,84,104,4,ps10_v2_p170,0.09291306883096695,1
5926,84,105,4,ps10_v2_p170,0.09291306883096695,1
5927,84,106,4,ps10_v2_p170,0.09291306883096695,1
5928,84,107,4,ps10_v2_p170,0.09291306883096695,1
5929,84,108,4,ps10_v2_p170,0.09291306883096695,1
5930,84,109,4,ps10_v2_p170,0.09291306883096695,1
5931,84,110,4,ps10_v2_p170,0.09291306883096695,1
5932,84,111,4,ps10_v2_p171,0.10461598634719849,1
5933,84,112,4,ps10_v2_p171,0.10461598634719849,1
5934,84,113,4,ps10_v2_p171,0.10461598634719849,1
5935,84,114,4,ps10_v2_p171,0.10461598634719849,1
5936,84,115,3,ps10_v2_p108,0.08300516754388809,1
5937,84,119,3,ps10_v2_p108,0.08300516754388809,1
5938,84,120,3,ps10_v2_p108,0.08300516754388809,1
5939,84,121,3,ps10_v2_p108,0.08300516754388809,1
5940,84,122,3,ps10_v2_p108,0.08300516754388809,1
5941,84,123,3,ps10_v2_p108,0.08300516754388809,1
5942,84,126,3,ps10_v2_p109,0.09346678853034973,1
5943,84,128,3,ps10_v2_p109,0.09346678853034973,1
5944,84,129,3,ps10_v2_p109,0.09346678853034973,1
5945,84,130,3,ps10_v2_p109,0.09346678853034973,1
5946,84,131,3,ps10_v2_p109,0.09346678853034973,1
5947,84,132,3,ps10_v2_p109,0.09346678853034973,1
5948,84,135,3,ps10_v2_p110,0.08697167038917542,1
5949,84,137,3,ps10_v2_p110,0.08697167038917542,1
5950,84,138,3,ps10_v2_p110,0.08697167038917542,1
5951,84,139,3,ps10_v2_p110,0.08697167038917542,1
5952,84,140,3,ps10_v2_p110,0.08697167038917542,1
5953,84,141,3,ps10_v2_p110,0.08697167038917542,1
5954,84,142,3,ps10_v2_p110,0.08697167038917542,1
5955,84,143,3,ps10_v2_p110,0.08697167038917542,1
5956,84,144,3,ps10_v2_p111,0.1111806109547615,1
5957,84,145,3,ps10_v2_p111,0.1111806109547615,1
5958,84,146,3,ps10_v2_p111,0.1111806109547615,1
5959,84,147,3,ps10_v2_p111,0.1111806109547615,1
5960,84,148,3,ps10_v2_p111,0.1111806109547615,1
5961,84,150,3,ps10_v2_p111,0.1111806109547615,1
5962,84,194,3,,,0
5963,85,12,2,ps10_v2_p060,0.09190067648887634,1
5964,85,15,2,ps10_v2_p060,0.09190067648887634,1
5965,85,16,2,ps10_v2_p060,0.09190067648887634,1
5966,85,17,2,ps10_v2_p060,0.09190067648887634,1
5967,85,18,2,ps10_v2_p060,0.09190067648887634,1
5968,85,19,2,ps10_v2_p060,0.09190067648887634,1
5969,85,20,2,ps10_v2_p061,0.0904758870601654,1
5970,85,21,2,ps10_v2_p061,0.0904758870601654,1
5971,85,22,2,ps10_v2_p061,0.0904758870601654,1
5972,85,23,2,ps10_v2_p061,0.0904758870601654,1
5973,85,24,2,ps10_v2_p061,0.0904758870601654,1
5974,85,25,2,ps10_v2_p061,0.0904758870601654,1
5975,85,26,2,ps10_v2_p061,0.0904758870601654,1
5976,85,27,2,ps10_v2_p061,0.0904758870601654,1
5977,85,28,2,ps10_v2_p061,0.0904758870601654,1
5978,85,29,2,ps10_v2_p061,0.0904758870601654,1
5979,85,30,2,ps10_v2_p062,0.13892978429794312,1
5980,85,31,2,ps10_v2_p062,0.13892978429794312,1
5981,85,32,2,ps10_v2_p062,0.13892978429794312,1
5982,85,33,2,ps10_v2_p062,0.13892978429794312,1
5983,85,34,2,ps10_v2_p062,0.13892978429794312,1
5984,85,35,2,ps10_v2_p062,0.13892978429794312,1
5985,85,36,2,ps10_v2_p062,0.13892978429794312,1
5986,85,37,2,ps10_v2_p062,0.13892978429794312,1
5987,85,38,2,ps10_v2_p062,0.13892978429794312,1
5988,85,39,2,ps10_v2_p062,0.13892978429794312,1
5989,85,40,2,ps10_v2_p063,0.14805781841278076,1
5990,85,41,2,ps10_v2_p063,0.14805781841278076,1
5991,85,42,2,ps10_v2_p063,0.14805781841278076,1
5992,85,43,2,ps10_v2_p063,0.14805781841278076,1
5993,85,44,2,ps10_v2_p063,0.14805781841278076,1
5994,85,45,2,ps10_v2_p063,0.14805781841278076,1
5995,85,46,2,ps10_v2_p063,0.14805781841278076,1
5996,85,47,2,ps10_v2_p063,0.14805781841278076,1
5997,85,48,2,ps10_v2_p063,0.14805781841278076,1
5998,85,49,2,ps10_v2_p063,0.14805781841278076,1
5999,85,50,2,ps10_v2_p064,0.11479497700929642,1
6000,85,51,2,ps10_v2_p064,0.11479497700929642,1
6001,85,52,2,ps10_v2_p064,0.11479497700929642,1
6002,85,53,2,ps10_v2_p064,0.11479497700929642,1
6003,85,70,2,,,0
6004,85,71,4,ps10_v2_p167,0.1092790886759758,1
6005,85,72,4,ps10_v2_p167,0.1092790886759758,1
6006,85,73,4,ps10_v2_p167,0.1092790886759758,1
6007,85,74,4,ps10_v2_p167,0.1092790886759758,1
6008,85,75,4,ps10_v2_p167,0.1092790886759758,1
6009,85,76,4,ps10_v2_p167,0.1092790886759758,1
6010,85,77,4,ps10_v2_p167,0.1092790886759758,1
6011,85,78,4,ps10_v2_p167,0.1092790886759758,1
6012,85,79,4,ps10_v2_p167,0.1092790886759758,1
6013,85,80,4,ps10_v2_p167,0.1092790886759758,1
6014,85,81,4,ps10_v2_p168,0.1303776651620865,1
6015,85,82,4,ps10_v2_p168,0.1303776651620865,1
6016,85,83,4,ps10_v2_p168,0.1303776651620865,1
6017,85,84,4,ps10_v2_p168,0.1303776651620865,1
6018,85,85,4,ps10_v2_p168,0.1303776651620865,1
6019,85,86,4,ps10_v2_p168,0.1303776651620865,1
6020,85,87,4,ps10_v2_p168,0.1303776651620865,1
6021,85,88,4,ps10_v2_p168,0.1303776651620865,1
6022,85,89,4,ps10_v2_p168,0.1303776651620865,1
6023,85,90,4,ps10_v2_p168,0.1303776651620865,1
6024,85,91,4,ps10_v2_p169,0.10905351489782333,1
6025,85,92,4,ps10_v2_p169,0.10905351489782333,1
6026,85,93,4,ps10_v2_p169,0.10905351489782333,1
6027,85,94,4,ps10_v2_p169,0.10905351489782333,1
6028,85,95,4,ps10_v2_p169,0.10905351489782333,1
6029,85,105,4,ps10_v2_p170,0.09291306883096695,1
6030,85,107,4,ps10_v2_p170,0.09291306883096695,1
6031,85,108,4,ps10_v2_p170,0.09291306883096695,1
6032,85,109,4,ps10_v2_p170,0.09291306883096695,1
6033,85,110,4,ps10_v2_p170,0.09291306883096695,1
6034,85,111,4,ps10_v2_p171,0.10461598634719849,1
6035,85,112,4,ps10_v2_p171,0.10461598634719849,1
6036,85,113,4,ps10_v2_p171,0.10461598634719849,1
6037,85,114,4,ps10_v2_p171,0.10461598634719849,1
6038,85,115,4,ps10_v2_p171,0.10461598634719849,1
6039,85,116,3,ps10_v2_p108,0.08300516754388809,1
6040,85,119,3,ps10_v2_p108,0.08300516754388809,1
6041,85,120,3,ps10_v2_p108,0.08300516754388809,1
6042,85,121,3,ps10_v2_p108,0.08300516754388809,1
6043,85,122,3,ps10_v2_p108,0.08300516754388809,1
6044,85,125,3,ps10_v2_p109,0.09346678853034973,1
6045,85,126,3,ps10_v2_p109,0.09346678853034973,1
6046,85,129,3,ps10_v2_p109,0.09346678853034973,1
6047,85,130,3,ps10_v2_p109,0.09346678853034973,1
6048,85,131,3,ps10_v2_p109,0.09346678853034973,1
6049,85,132,3,ps10_v2_p109,0.09346678853034973,1
6050,85,136,3,ps10_v2_p110,0.08697167038917542,1
6051,85,137,3,ps10_v2_p110,0.08697167038917542,1
6052,85,138,3,ps10_v2_p110,0.08697167038917542,1
6053,85,139,3,ps10_v2_p110,0.08697167038917542,1
6054,85,140,3,ps10_v2_p110,0.08697167038917542,1
6055,85,142,3,ps10_v2_p110,0.08697167038917542,1
6056,85,143,3,ps10_v2_p110,0.08697167038917542,1
6057,85,145,3,ps10_v2_p111,0.1111806109547615,1
6058,85,146,3,ps10_v2_p111,0.1111806109547615,1
6059,85,147,3,ps10_v2_p111,0.1111806109547615,1
6060,85,149,3,ps10_v2_p111,0.1111806109547615,1
6061,85,150,3,ps10_v2_p111,0.1111806109547615,1
6062,85,151,3,ps10_v2_p111,0.1111806109547615,1
6063,85,186,3,,,0
6064,85,191,3,,,0
6065,85,194,3,,,0
6066,86,13,2,ps10_v2_p060,0.09190067648887634,1
6067,86,14,2,ps10_v2_p060,0.09190067648887634,1
6068,86,17,2,ps10_v2_p060,0.09190067648887634,1
6069,86,18,2,ps10_v2_p060,0.09190067648887634,1
6070,86,19,2,ps10_v2_p060,0.09190067648887634,1
6071,86,20,2,ps10_v2_p061,0.0904758870601654,1
6072,86,21,2,ps10_v2_p061,0.0904758870601654,1
6073,86,22,2,ps10_v2_p061,0.0904758870601654,1
6074,86,23,2,ps10_v2_p061,0.0904758870601654,1
6075,86,24,2,ps10_v2_p061,0.0904758870601654,1
6076,86,25,2,ps10_v2_p061,0.0904758870601654,1
6077,86,26,2,ps10_v2_p061,0.0904758870601654,1
6078,86,27,2,ps10_v2_p061,0.0904758870601654,1
6079,86,28,2,ps10_v2_p061,0.0904758870601654,1
6080,86,29,2,ps10_v2_p061,0.0904758870601654,1
6081,86,30,2,ps10_v2_p062,0.13892978429794312,1
6082,86,31,2,ps10_v2_p062,0.13892978429794312,1
6083,86,32,2,ps10_v2_p062,0.13892978429794312,1
6084,86,33,2,ps10_v2_p062,0.13892978429794312,1
6085,86,34,2,ps10_v2_p062,0.13892978429794312,1
6086,86,35,2,ps10_v2_p062,0.13892978429794312,1
6087,86,36,2,ps10_v2_p062,0.13892978429794312,1
6088,86,37,2,ps10_v2_p062,0.13892978429794312,1
6089,86,38,2,ps10_v2_p062,0.13892978429794312,1
6090,86,39,2,ps10_v2_p062,0.13892978429794312,1
6091,86,40,2,ps10_v2_p063,0.14805781841278076,1
6092,86,41,2,ps10_v2_p063,0.14805781841278076,1
6093,86,42,2,ps10_v2_p063,0.14805781841278076,1
6094,86,43,2,ps10_v2_p063,0.14805781841278076,1
6095,86,44,2,ps10_v2_p063,0.14805781841278076,1
6096,86,45,2,ps10_v2_p063,0.14805781841278076,1
6097,86,46,2,ps10_v2_p063,0.14805781841278076,1
6098,86,47,2,ps10_v2_p063,0.14805781841278076,1
6099,86,48,2,ps10_v2_p063,0.14805781841278076,1
6100,86,49,2,ps10_v2_p063,0.14805781841278076,1
6101,86,50,2,ps10_v2_p064,0.11479497700929642,1
6102,86,51,2,ps10_v2_p064,0.11479497700929642,1
6103,86,52,2,ps10_v2_p064,0.11479497700929642,1
6104,86,53,2,ps10_v2_p064,0.11479497700929642,1
6105,86,70,2,,,0
6106,86,71,4,ps10_v2_p172,0.1061164140701294,1
6107,86,72,4,ps10_v2_p172,0.1061164140701294,1
6108,86,73,4,ps10_v2_p172,0.1061164140701294,1
6109,86,74,4,ps10_v2_p172,0.1061164140701294,1
6110,86,75,4,ps10_v2_p172,0.1061164140701294,1
6111,86,76,4,ps10_v2_p172,0.1061164140701294,1
6112,86,77,4,ps10_v2_p172,0.1061164140701294,1
6113,86,78,4,ps10_v2_p172,0.1061164140701294,1
6114,86,79,4,ps10_v2_p172,0.1061164140701294,1
6115,86,80,4,ps10_v2_p172,0.1061164140701294,1
6116,86,81,4,ps10_v2_p173,0.12564218044281006,1
6117,86,82,4,ps10_v2_p173,0.12564218044281006,1
6118,86,83,4,ps10_v2_p173,0.12564218044281006,1
6119,86,84,4,ps10_v2_p173,0.12564218044281006,1
6120,86,85,4,ps10_v2_p173,0.12564218044281006,1
6121,86,86,4,ps10_v2_p173,0.12564218044281006,1
6122,86,87,4,ps10_v2_p173,0.12564218044281006,1
6123,86,88,4,ps10_v2_p173,0.12564218044281006,1
6124,86,89,4,ps10_v2_p173,0.12564218044281006,1
6125,86,90,4,ps10_v2_p173,0.12564218044281006,1
6126,86,91,4,ps10_v2_p174,0.13116461038589478,1
6127,86,92,4,ps10_v2_p174,0.13116461038589478,1
6128,86,93,4,ps10_v2_p174,0.13116461038589478,1
6129,86,94,4,ps10_v2_p174,0.13116461038589478,1
6130,86,95,4,ps10_v2_p174,0.13116461038589478,1
6131,86,105,4,ps10_v2_p175,0.08966999500989914,1
6132,86,106,4,ps10_v2_p175,0.08966999500989914,1
6133,86,107,4,ps10_v2_p175,0.08966999500989914,1
6134,86,108,4,ps10_v2_p175,0.08966999500989914,1
6135,86,109,4,ps10_v2_p175,0.08966999500989914,1
6136,86,110,4,ps10_v2_p175,0.08966999500989914,1
6137,86,111,4,ps10_v2_p176,0.0836445689201355,1
6138,86,112,4,ps10_v2_p176,0.0836445689201355,1
6139,86,113,4,ps10_v2_p176,0.0836445689201355,1
6140,86,114,4,ps10_v2_p176,0.0836445689201355,1
6141,86,115,4,ps10_v2_p176,0.0836445689201355,1
6142,86,117,3,ps10_v2_p108,0.08300516754388809,1
6143,86,119,3,ps10_v2_p108,0.08300516754388809,1
6144,86,120,3,ps10_v2_p108,0.08300516754388809,1
6145,86,121,3,ps10_v2_p108,0.08300516754388809,1
6146,86,122,3,ps10_v2_p108,0.08300516754388809,1
6147,86,124,3,ps10_v2_p109,0.09346678853034973,1
6148,86,128,3,ps10_v2_p109,0.09346678853034973,1
6149,86,129,3,ps10_v2_p109,0.09346678853034973,1
6150,86,130,3,ps10_v2_p109,0.09346678853034973,1
6151,86,131,3,ps10_v2_p109,0.09346678853034973,1
6152,86,133,3,ps10_v2_p109,0.09346678853034973,1
6153,86,135,3,ps10_v2_p110,0.08697167038917542,1
6154,86,137,3,ps10_v2_p110,0.08697167038917542,1
6155,86,139,3,ps10_v2_p110,0.08697167038917542,1
6156,86,140,3,ps10_v2_p110,0.08697167038917542,1
6157,86,141,3,ps10_v2_p110,0.08697167038917542,1
6158,86,142,3,ps10_v2_p110,0.08697167038917542,1
6159,86,143,3,ps10_v2_p110,0.08697167038917542,1
6160,86,144,3,ps10_v2_p111,0.1111806109547615,1
6161,86,146,3,ps10_v2_p111,0.1111806109547615,1
6162,86,147,3,ps10_v2_p111,0.1111806109547615,1
6163,86,148,3,ps10_v2_p111,0.1111806109547615,1
6164,86,150,3,ps10_v2_p111,0.1111806109547615,1
6165,86,151,3,ps10_v2_p111,0.1111806109547615,1
6166,86,192,3,,,0
6167,87,13,2,ps10_v2_p060,0.09190067648887634,1
6168,87,15,2,ps10_v2_p060,0.09190067648887634,1
6169,87,17,2,ps10_v2_p060,0.09190067648887634,1
6170,87,18,2,ps10_v2_p060,0.09190067648887634,1
6171,87,19,2,ps10_v2_p060,0.09190067648887634,1
6172,87,20,2,ps10_v2_p061,0.0904758870601654,1
6173,87,21,2,ps10_v2_p061,0.0904758870601654,1
6174,87,22,2,ps10_v2_p061,0.0904758870601654,1
6175,87,23,2,ps10_v2_p061,0.0904758870601654,1
6176,87,24,2,ps10_v2_p061,0.0904758870601654,1
6177,87,25,2,ps10_v2_p061,0.0904758870601654,1
6178,87,26,2,ps10_v2_p061,0.0904758870601654,1
6179,87,27,2,ps10_v2_p061,0.0904758870601654,1
6180,87,28,2,ps10_v2_p061,0.0904758870601654,1
6181,87,29,2,ps10_v2_p061,0.0904758870601654,1
6182,87,30,2,ps10_v2_p062,0.13892978429794312,1
6183,87,31,2,ps10_v2_p062,0.13892978429794312,1
6184,87,32,2,ps10_v2_p062,0.13892978429794312,1
6185,87,33,2,ps10_v2_p062,0.13892978429794312,1
6186,87,34,2,ps10_v2_p062,0.13892978429794312,1
6187,87,35,2,ps10_v2_p062,0.13892978429794312,1
6188,87,36,2,ps10_v2_p062,0.13892978429794312,1
6189,87,37,2,ps10_v2_p062,0.13892978429794312,1
6190,87,38,2,ps10_v2_p062,0.13892978429794312,1
6191,87,39,2,ps10_v2_p062,0.13892978429794312,1
6192,87,40,2,ps10_v2_p063,0.14805781841278076,1
6193,87,41,2,ps10_v2_p063,0.14805781841278076,1
6194,87,42,2,ps10_v2_p063,0.14805781841278076,1
6195,87,43,2,ps10_v2_p063,0.14805781841278076,1
6196,87,44,2,ps10_v2_p063,0.14805781841278076,1
6197,87,45,2,ps10_v2_p063,0.14805781841278076,1
6198,87,46,2,ps10_v2_p063,0.14805781841278076,1
6199,87,47,2,ps10_v2_p063,0.14805781841278076,1
6200,87,48,2,ps10_v2_p063,0.14805781841278076,1
6201,87,49,2,ps10_v2_p063,0.14805781841278076,1
6202,87,50,2,ps10_v2_p064,0.11479497700929642,1
6203,87,51,2,ps10_v2_p064,0.11479497700929642,1
6204,87,72,4,ps10_v2_p172,0.1061164140701294,1
6205,87,73,4,ps10_v2_p172,0.1061164140701294,1
6206,87,74,4,ps10_v2_p172,0.1061164140701294,1
6207,87,75,4,ps10_v2_p172,0.1061164140701294,1
6208,87,76,4,ps10_v2_p172,0.1061164140701294,1
6209,87,77,4,ps10_v2_p172,0.1061164140701294,1
6210,87,78,4,ps10_v2_p172,0.1061164140701294,1
6211,87,79,4,ps10_v2_p172,0.1061164140701294,1
6212,87,80,4,ps10_v2_p172,0.1061164140701294,1
6213,87,81,4,ps10_v2_p173,0.12564218044281006,1
6214,87,82,4,ps10_v2_p173,0.12564218044281006,1
6215,87,83,4,ps10_v2_p173,0.12564218044281006,1
6216,87,84,4,ps10_v2_p173,0.12564218044281006,1
6217,87,85,4,ps10_v2_p173,0.12564218044281006,1
6218,87,86,4,ps10_v2_p173,0.12564218044281006,1
6219,87,87,4,ps10_v2_p173,0.12564218044281006,1
6220,87,88,4,ps10_v2_p173,0.12564218044281006,1
6221,87,89,4,ps10_v2_p173,0.12564218044281006,1
6222,87,90,4,ps10_v2_p173,0.12564218044281006,1
6223,87,91,4,ps10_v2_p174,0.13116461038589478,1
6224,87,92,4,ps10_v2_p174,0.13116461038589478,1
6225,87,93,4,ps10_v2_p174,0.13116461038589478,1
6226,87,94,4,ps10_v2_p174,0.13116461038589478,1
6227,87,95,4,ps10_v2_p174,0.13116461038589478,1
6228,87,105,4,ps10_v2_p175,0.08966999500989914,1
6229,87,106,4,ps10_v2_p175,0.08966999500989914,1
6230,87,107,4,ps10_v2_p175,0.08966999500989914,1
6231,87,108,4,ps10_v2_p175,0.08966999500989914,1
6232,87,109,4,ps10_v2_p175,0.08966999500989914,1
6233,87,110,4,ps10_v2_p175,0.08966999500989914,1
6234,87,111,4,ps10_v2_p176,0.0836445689201355,1
6235,87,112,4,ps10_v2_p176,0.0836445689201355,1
6236,87,113,4,ps10_v2_p176,0.0836445689201355,1
6237,87,114,4,ps10_v2_p176,0.0836445689201355,1
6238,87,115,4,ps10_v2_p176,0.0836445689201355,1
6239,87,116,4,ps10_v2_p176,0.0836445689201355,1
6240,87,120,3,ps10_v2_p108,0.08300516754388809,1
6241,87,121,3,ps10_v2_p108,0.08300516754388809,1
6242,87,122,3,ps10_v2_p108,0.08300516754388809,1
6243,87,124,3,ps10_v2_p109,0.09346678853034973,1
6244,87,126,3,ps10_v2_p109,0.09346678853034973,1
6245,87,127,3,ps10_v2_p109,0.09346678853034973,1
6246,87,128,3,ps10_v2_p109,0.09346678853034973,1
6247,87,129,3,ps10_v2_p109,0.09346678853034973,1
6248,87,130,3,ps10_v2_p109,0.09346678853034973,1
6249,87,131,3,ps10_v2_p109,0.09346678853034973,1
6250,87,132,3,ps10_v2_p109,0.09346678853034973,1
6251,87,133,3,ps10_v2_p109,0.09346678853034973,1
6252,87,134,3,ps10_v2_p110,0.08697167038917542,1
6253,87,135,3,ps10_v2_p110,0.08697167038917542,1
6254,87,138,3,ps10_v2_p110,0.08697167038917542,1
6255,87,139,3,ps10_v2_p110,0.08697167038917542,1
6256,87,140,3,ps10_v2_p110,0.08697167038917542,1
6257,87,141,3,ps10_v2_p110,0.08697167038917542,1
6258,87,142,3,ps10_v2_p110,0.08697167038917542,1
6259,87,143,3,ps10_v2_p110,0.08697167038917542,1
6260,87,145,3,ps10_v2_p111,0.1111806109547615,1
6261,87,146,3,ps10_v2_p111,0.1111806109547615,1
6262,87,147,3,ps10_v2_p111,0.1111806109547615,1
6263,87,148,3,ps10_v2_p111,0.1111806109547615,1
6264,87,149,3,ps10_v2_p111,0.1111806109547615,1
6265,87,150,3,ps10_v2_p111,0.1111806109547615,1
6266,87,187,5,,,0
6267,87,188,5,,,0
6268,88,14,2,ps10_v2_p060,0.09190067648887634,1
6269,88,15,2,ps10_v2_p060,0.09190067648887634,1
6270,88,16,2,ps10_v2_p060,0.09190067648887634,1
6271,88,17,2,ps10_v2_p060,0.09190067648887634,1
6272,88,18,2,ps10_v2_p060,0.09190067648887634,1
6273,88,19,2,ps10_v2_p060,0.09190067648887634,1
6274,88,20,2,ps10_v2_p061,0.0904758870601654,1
6275,88,21,2,ps10_v2_p061,0.0904758870601654,1
6276,88,22,2,ps10_v2_p061,0.0904758870601654,1
6277,88,23,2,ps10_v2_p061,0.0904758870601654,1
6278,88,24,2,ps10_v2_p061,0.0904758870601654,1
6279,88,25,2,ps10_v2_p061,0.0904758870601654,1
6280,88,26,2,ps10_v2_p061,0.0904758870601654,1
6281,88,27,2,ps10_v2_p061,0.0904758870601654,1
6282,88,28,2,ps10_v2_p061,0.0904758870601654,1
6283,88,29,2,ps10_v2_p061,0.0904758870601654,1
6284,88,30,2,ps10_v2_p062,0.13892978429794312,1
6285,88,31,2,ps10_v2_p062,0.13892978429794312,1
6286,88,32,2,ps10_v2_p062,0.13892978429794312,1
6287,88,33,2,ps10_v2_p062,0.13892978429794312,1
6288,88,34,2,ps10_v2_p062,0.13892978429794312,1
6289,88,35,2,ps10_v2_p062,0.13892978429794312,1
6290,88,36,2,ps10_v2_p062,0.13892978429794312,1
6291,88,37,2,ps10_v2_p062,0.13892978429794312,1
6292,88,38,2,ps10_v2_p062,0.13892978429794312,1
6293,88,39,2,ps10_v2_p062,0.13892978429794312,1
6294,88,40,2,ps10_v2_p063,0.14805781841278076,1
6295,88,41,2,ps10_v2_p063,0.14805781841278076,1
6296,88,42,2,ps10_v2_p063,0.14805781841278076,1
6297,88,43,2,ps10_v2_p063,0.14805781841278076,1
6298,88,44,2,ps10_v2_p063,0.14805781841278076,1
6299,88,45,2,ps10_v2_p063,0.14805781841278076,1
6300,88,46,2,ps10_v2_p063,0.14805781841278076,1
6301,88,47,2,ps10_v2_p063,0.14805781841278076,1
6302,88,48,2,ps10_v2_p063,0.14805781841278076,1
6303,88,49,2,ps10_v2_p063,0.14805781841278076,1
6304,88,50,2,ps10_v2_p064,0.11479497700929642,1
6305,88,51,2,ps10_v2_p064,0.11479497700929642,1
6306,88,73,4,ps10_v2_p172,0.1061164140701294,1
6307,88,74,4,ps10_v2_p172,0.1061164140701294,1
6308,88,75,4,ps10_v2_p172,0.1061164140701294,1
6309,88,76,4,ps10_v2_p172,0.1061164140701294,1
6310,88,77,4,ps10_v2_p172,0.1061164140701294,1
6311,88,78,4,ps10_v2_p172,0.1061164140701294,1
6312,88,79,4,ps10_v2_p172,0.1061164140701294,1
6313,88,80,4,ps10_v2_p172,0.1061164140701294,1
6314,88,81,4,ps10_v2_p173,0.12564218044281006,1
6315,88,82,4,ps10_v2_p173,0.12564218044281006,1
6316,88,83,4,ps10_v2_p173,0.12564218044281006,1
6317,88,84,4,ps10_v2_p173,0.12564218044281006,1
6318,88,85,4,ps10_v2_p173,0.12564218044281006,1
6319,88,86,4,ps10_v2_p173,0.12564218044281006,1
6320,88,87,4,ps10_v2_p173,0.12564218044281006,1
6321,88,88,4,ps10_v2_p173,0.12564218044281006,1
6322,88,89,4,ps10_v2_p173,0.12564218044281006,1
6323,88,90,4,ps10_v2_p173,0.12564218044281006,1
6324,88,91,4,ps10_v2_p174,0.13116461038589478,1
6325,88,92,4,ps10_v2_p174,0.13116461038589478,1
6326,88,93,4,ps10_v2_p174,0.13116461038589478,1
6327,88,94,4,ps10_v2_p174,0.13116461038589478,1
6328,88,95,4,ps10_v2_p174,0.13116461038589478,1
6329,88,96,4,ps10_v2_p174,0.13116461038589478,1
6330,88,105,4,ps10_v2_p175,0.08966999500989914,1
6331,88,107,4,ps10_v2_p175,0.08966999500989914,1
6332,88,108,4,ps10_v2_p175,0.08966999500989914,1
6333,88,109,4,ps10_v2_p175,0.08966999500989914,1
6334,88,110,4,ps10_v2_p175,0.08966999500989914,1
6335,88,111,4,ps10_v2_p176,0.0836445689201355,1
6336,88,112,4,ps10_v2_p176,0.0836445689201355,1
6337,88,113,4,ps10_v2_p176,0.0836445689201355,1
6338,88,114,4,ps10_v2_p176,0.0836445689201355,1
6339,88,116,4,ps10_v2_p176,0.0836445689201355,1
6340,88,120,3,ps10_v2_p108,0.08300516754388809,1
6341,88,121,3,ps10_v2_p108,0.08300516754388809,1
6342,88,122,3,ps10_v2_p108,0.08300516754388809,1
6343,88,123,3,ps10_v2_p108,0.08300516754388809,1
6344,88,124,3,ps10_v2_p109,0.09346678853034973,1
6345,88,125,3,ps10_v2_p109,0.09346678853034973,1
6346,88,129,3,ps10_v2_p109,0.09346678853034973,1
6347,88,130,3,ps10_v2_p109,0.09346678853034973,1
6348,88,131,3,ps10_v2_p109,0.09346678853034973,1
6349,88,132,3,ps10_v2_p109,0.09346678853034973,1
6350,88,133,3,ps10_v2_p109,0.09346678853034973,1
6351,88,134,3,ps10_v2_p110,0.08697167038917542,1
6352,88,136,3,ps10_v2_p110,0.08697167038917542,1
6353,88,139,3,ps10_v2_p110,0.08697167038917542,1
6354,88,140,3,ps10_v2_p110,0.08697167038917542,1
6355,88,142,3,ps10_v2_p110,0.08697167038917542,1
6356,88,144,3,ps10_v2_p111,0.1111806109547615,1
6357,88,145,3,ps10_v2_p111,0.1111806109547615,1
6358,88,146,3,ps10_v2_p111,0.1111806109547615,1
6359,88,149,3,ps10_v2_p111,0.1111806109547615,1
6360,88,150,3,ps10_v2_p111,0.1111806109547615,1
6361,88,192,5,ps10_v2_p235,0.0693441703915596,1
6362,89,14,2,ps10_v2_p060,0.09190067648887634,1
6363,89,16,2,ps10_v2_p060,0.09190067648887634,1
6364,89,17,2,ps10_v2_p060,0.09190067648887634,1
6365,89,18,2,ps10_v2_p060,0.09190067648887634,1
6366,89,19,2,ps10_v2_p060,0.09190067648887634,1
6367,89,20,2,ps10_v2_p061,0.0904758870601654,1
6368,89,21,2,ps10_v2_p061,0.0904758870601654,1
6369,89,22,2,ps10_v2_p061,0.0904758870601654,1
6370,89,23,2,ps10_v2_p061,0.0904758870601654,1
6371,89,24,2,ps10_v2_p061,0.0904758870601654,1
6372,89,25,2,ps10_v2_p061,0.0904758870601654,1
6373,89,26,2,ps10_v2_p061,0.0904758870601654,1
6374,89,27,2,ps10_v2_p061,0.0904758870601654,1
6375,89,28,2,ps10_v2_p061,0.0904758870601654,1
6376,89,29,2,ps10_v2_p061,0.0904758870601654,1
6377,89,30,2,ps10_v2_p062,0.13892978429794312,1
6378,89,31,2,ps10_v2_p062,0.13892978429794312,1
6379,89,32,2,ps10_v2_p062,0.13892978429794312,1
6380,89,33,2,ps10_v2_p062,0.13892978429794312,1
6381,89,34,2,ps10_v2_p062,0.13892978429794312,1
6382,89,35,2,ps10_v2_p062,0.13892978429794312,1
6383,89,36,2,ps10_v2_p062,0.13892978429794312,1
6384,89,37,2,ps10_v2_p062,0.13892978429794312,1
6385,89,38,2,ps10_v2_p062,0.13892978429794312,1
6386,89,39,2,ps10_v2_p062,0.13892978429794312,1
6387,89,40,2,ps10_v2_p063,0.14805781841278076,1
6388,89,41,2,ps10_v2_p063,0.14805781841278076,1
6389,89,42,2,ps10_v2_p063,0.14805781841278076,1
6390,89,43,2,ps10_v2_p063,0.14805781841278076,1
6391,89,44,2,ps10_v2_p063,0.14805781841278076,1
6392,89,45,2,ps10_v2_p063,0.14805781841278076,1
6393,89,46,2,ps10_v2_p063,0.14805781841278076,1
6394,89,47,2,ps10_v2_p063,0.14805781841278076,1
6395,89,48,2,ps10_v2_p063,0.14805781841278076,1
6396,89,49,2,ps10_v2_p063,0.14805781841278076,1
6397,89,50,2,ps10_v2_p064,0.11479497700929642,1
6398,89,51,2,ps10_v2_p064,0.11479497700929642,1
6399,89,73,4,ps10_v2_p172,0.1061164140701294,1
6400,89,74,4,ps10_v2_p172,0.1061164140701294,1
6401,89,75,4,ps10_v2_p172,0.1061164140701294,1
6402,89,76,4,ps10_v2_p172,0.1061164140701294,1
6403,89,77,4,ps10_v2_p172,0.1061164140701294,1
6404,89,78,4,ps10_v2_p172,0.1061164140701294,1
6405,89,79,4,ps10_v2_p172,0.1061164140701294,1
6406,89,80,4,ps10_v2_p172,0.1061164140701294,1
6407,89,81,4,ps10_v2_p173,0.12564218044281006,1
6408,89,82,4,ps10_v2_p173,0.12564218044281006,1
6409,89,83,4,ps10_v2_p173,0.12564218044281006,1
6410,89,84,4,ps10_v2_p173,0.12564218044281006,1
6411,89,85,4,ps10_v2_p173,0.12564218044281006,1
6412,89,86,4,ps10_v2_p173,0.12564218044281006,1
6413,89,87,4,ps10_v2_p173,0.12564218044281006,1
6414,89,88,4,ps10_v2_p173,0.12564218044281006,1
6415,89,89,4,ps10_v2_p173,0.12564218044281006,1
6416,89,90,4,ps10_v2_p173,0.12564218044281006,1
6417,89,91,4,ps10_v2_p174,0.13116461038589478,1
6418,89,92,4,ps10_v2_p174,0.13116461038589478,1
6419,89,93,4,ps10_v2_p174,0.13116461038589478,1
6420,89,94,4,ps10_v2_p174,0.13116461038589478,1
6421,89,95,4,ps10_v2_p174,0.13116461038589478,1
6422,89,96,4,ps10_v2_p174,0.13116461038589478,1
6423,89,106,4,ps10_v2_p175,0.08966999500989914,1
6424,89,107,4,ps10_v2_p175,0.08966999500989914,1
6425,89,108,4,ps10_v2_p175,0.08966999500989914,1
6426,89,109,4,ps10_v2_p175,0.08966999500989914,1
6427,89,110,4,ps10_v2_p175,0.08966999500989914,1
6428,89,111,4,ps10_v2_p176,0.0836445689201355,1
6429,89,112,4,ps10_v2_p176,0.0836445689201355,1
6430,89,113,4,ps10_v2_p176,0.0836445689201355,1
6431,89,114,4,ps10_v2_p176,0.0836445689201355,1
6432,89,115,4,ps10_v2_p176,0.0836445689201355,1
6433,89,117,4,ps10_v2_p176,0.0836445689201355,1
6434,89,118,3,ps10_v2_p108,0.08300516754388809,1
6435,89,121,3,ps10_v2_p108,0.08300516754388809,1
6436,89,122,3,ps10_v2_p108,0.08300516754388809,1
6437,89,123,3,ps10_v2_p108,0.08300516754388809,1
6438,89,125,3,ps10_v2_p109,0.09346678853034973,1
6439,89,126,3,ps10_v2_p109,0.09346678853034973,1
6440,89,127,3,ps10_v2_p109,0.09346678853034973,1
6441,89,130,3,ps10_v2_p109,0.09346678853034973,1
6442,89,131,3,ps10_v2_p109,0.09346678853034973,1
6443,89,132,3,ps10_v2_p109,0.09346678853034973,1
6444,89,133,3,ps10_v2_p109,0.09346678853034973,1
6445,89,134,3,ps10_v2_p110,0.08697167038917542,1
6446,89,135,3,ps10_v2_p110,0.08697167038917542,1
6447,89,139,3,ps10_v2_p110,0.08697167038917542,1
6448,89,140,3,ps10_v2_p110,0.08697167038917542,1
6449,89,141,3,ps10_v2_p110,0.08697167038917542,1
6450,89,143,3,ps10_v2_p110,0.08697167038917542,1
6451,89,145,3,ps10_v2_p111,0.1111806109547615,1
6452,89,147,3,ps10_v2_p111,0.1111806109547615,1
6453,89,148,3,ps10_v2_p111,0.1111806109547615,1
6454,89,153,3,ps10_v2_p111,0.1111806109547615,1
6455,89,187,5,,,0
6456,89,191,5,ps10_v2_p235,0.0693441703915596,1
6457,89,196,5,ps10_v2_p235,0.0693441703915596,1
6458,89,197,5,ps10_v2_p235,0.0693441703915596,1
6459,90,15,2,ps10_v2_p060,0.09190067648887634,1
6460,90,16,2,ps10_v2_p060,0.09190067648887634,1
6461,90,17,2,ps10_v2_p060,0.09190067648887634,1
6462,90,18,2,ps10_v2_p060,0.09190067648887634,1
6463,90,19,2,ps10_v2_p060,0.09190067648887634,1
6464,90,20,2,ps10_v2_p061,0.0904758870601654,1
6465,90,21,2,ps10_v2_p061,0.0904758870601654,1
6466,90,23,2,ps10_v2_p061,0.0904758870601654,1
6467,90,24,2,ps10_v2_p061,0.0904758870601654,1
6468,90,25,2,ps10_v2_p061,0.0904758870601654,1
6469,90,26,2,ps10_v2_p061,0.0904758870601654,1
6470,90,27,2,ps10_v2_p061,0.0904758870601654,1
6471,90,28,2,ps10_v2_p061,0.0904758870601654,1
6472,90,29,2,ps10_v2_p061,0.0904758870601654,1
6473,90,30,2,ps10_v2_p062,0.13892978429794312,1
6474,90,31,2,ps10_v2_p062,0.13892978429794312,1
6475,90,32,2,ps10_v2_p062,0.13892978429794312,1
6476,90,33,2,ps10_v2_p062,0.13892978429794312,1
6477,90,34,2,ps10_v2_p062,0.13892978429794312,1
6478,90,35,2,ps10_v2_p062,0.13892978429794312,1
6479,90,36,2,ps10_v2_p062,0.13892978429794312,1
6480,90,37,2,ps10_v2_p062,0.13892978429794312,1
6481,90,38,2,ps10_v2_p062,0.13892978429794312,1
6482,90,39,2,ps10_v2_p062,0.13892978429794312,1
6483,90,40,2,ps10_v2_p063,0.14805781841278076,1
6484,90,41,2,ps10_v2_p063,0.14805781841278076,1
6485,90,42,2,ps10_v2_p063,0.14805781841278076,1
6486,90,43,2,ps10_v2_p063,0.14805781841278076,1
6487,90,44,2,ps10_v2_p063,0.14805781841278076,1
6488,90,45,2,ps10_v2_p063,0.14805781841278076,1
6489,90,46,2,ps10_v2_p063,0.14805781841278076,1
6490,90,47,2,ps10_v2_p063,0.14805781841278076,1
6491,90,48,2,ps10_v2_p063,0.14805781841278076,1
6492,90,73,4,ps10_v2_p172,0.1061164140701294,1
6493,90,74,4,ps10_v2_p172,0.1061164140701294,1
6494,90,75,4,ps10_v2_p172,0.1061164140701294,1
6495,90,76,4,ps10_v2_p172,0.1061164140701294,1
6496,90,77,4,ps10_v2_p172,0.1061164140701294,1
6497,90,78,4,ps10_v2_p172,0.1061164140701294,1
6498,90,79,4,ps10_v2_p172,0.1061164140701294,1
6499,90,80,4,ps10_v2_p172,0.1061164140701294,1
6500,90,81,4,ps10_v2_p173,0.12564218044281006,1
6501,90,82,4,ps10_v2_p173,0.12564218044281006,1
6502,90,83,4,ps10_v2_p173,0.12564218044281006,1
6503,90,84,4,ps10_v2_p173,0.12564218044281006,1
6504,90,85,4,ps10_v2_p173,0.12564218044281006,1
6505,90,86,4,ps10_v2_p173,0.12564218044281006,1
6506,90,87,4,ps10_v2_p173,0.12564218044281006,1
6507,90,88,4,ps10_v2_p173,0.12564218044281006,1
6508,90,89,4,ps10_v2_p173,0.12564218044281006,1
6509,90,90,4,ps10_v2_p173,0.12564218044281006,1
6510,90,91,4,ps10_v2_p174,0.13116461038589478,1
6511,90,92,4,ps10_v2_p174,0.13116461038589478,1
6512,90,93,4,ps10_v2_p174,0.13116461038589478,1
6513,90,94,4,ps10_v2_p174,0.13116461038589478,1
6514,90,95,4,ps10_v2_p174,0.13116461038589478,1
6515,90,96,4,ps10_v2_p174,0.13116461038589478,1
6516,90,107,4,ps10_v2_p175,0.08966999500989914,1
6517,90,108,4,ps10_v2_p175,0.08966999500989914,1
6518,90,109,4,ps10_v2_p175,0.08966999500989914,1
6519,90,110,4,ps10_v2_p175,0.08966999500989914,1
6520,90,111,4,ps10_v2_p176,0.0836445689201355,1
6521,90,113,4,ps10_v2_p176,0.0836445689201355,1
6522,90,114,4,ps10_v2_p176,0.0836445689201355,1
6523,90,116,4,ps10_v2_p176,0.0836445689201355,1
6524,90,117,4,ps10_v2_p176,0.0836445689201355,1
6525,90,118,4,ps10_v2_p176,0.0836445689201355,1
6526,90,120,3,ps10_v2_p112,0.08655240386724472,1
6527,90,121,3,ps10_v2_p112,0.08655240386724472,1
6528,90,122,3,ps10_v2_p112,0.08655240386724472,1
6529,90,123,3,ps10_v2_p112,0.08655240386724472,1
6530,90,124,3,ps10_v2_p113,0.0897107720375061,1
6531,90,126,3,ps10_v2_p113,0.0897107720375061,1
6532,90,128,3,ps10_v2_p113,0.0897107720375061,1
6533,90,131,3,ps10_v2_p113,0.0897107720375061,1
6534,90,132,3,ps10_v2_p113,0.0897107720375061,1
6535,90,133,3,ps10_v2_p113,0.0897107720375061,1
6536,90,134,3,ps10_v2_p114,0.09087638556957245,1
6537,90,135,3,ps10_v2_p114,0.09087638556957245,1
6538,90,140,3,ps10_v2_p114,0.09087638556957245,1
6539,90,142,3,ps10_v2_p114,0.09087638556957245,1
6540,90,144,3,ps10_v2_p115,0.09095853567123413,1
6541,90,145,3,ps10_v2_p115,0.09095853567123413,1
6542,90,147,3,ps10_v2_p115,0.09095853567123413,1
6543,90,149,3,ps10_v2_p115,0.09095853567123413,1
6544,90,150,3,ps10_v2_p115,0.09095853567123413,1
6545,90,153,3,ps10_v2_p115,0.09095853567123413,1
6546,90,186,5,,,0
6547,90,187,5,,,0
6548,90,196,5,ps10_v2_p235,0.0693441703915596,1
6549,91,15,2,ps10_v2_p060,0.09190067648887634,1
6550,91,16,2,ps10_v2_p060,0.09190067648887634,1
6551,91,18,2,ps10_v2_p060,0.09190067648887634,1
6552,91,21,2,ps10_v2_p061,0.0904758870601654,1
6553,91,22,2,ps10_v2_p061,0.0904758870601654,1
6554,91,23,2,ps10_v2_p061,0.0904758870601654,1
6555,91,24,2,ps10_v2_p061,0.0904758870601654,1
6556,91,25,2,ps10_v2_p061,0.0904758870601654,1
6557,91,26,2,ps10_v2_p061,0.0904758870601654,1
6558,91,27,2,ps10_v2_p061,0.0904758870601654,1
6559,91,28,2,ps10_v2_p061,0.0904758870601654,1
6560,91,29,2,ps10_v2_p061,0.0904758870601654,1
6561,91,30,2,ps10_v2_p062,0.13892978429794312,1
6562,91,31,2,ps10_v2_p062,0.13892978429794312,1
6563,91,32,2,ps10_v2_p062,0.13892978429794312,1
6564,91,33,2,ps10_v2_p062,0.13892978429794312,1
6565,91,34,2,ps10_v2_p062,0.13892978429794312,1
6566,91,35,2,ps10_v2_p062,0.13892978429794312,1
6567,91,36,2,ps10_v2_p062,0.13892978429794312,1
6568,91,37,2,ps10_v2_p062,0.13892978429794312,1
6569,91,38,2,ps10_v2_p062,0.13892978429794312,1
6570,91,39,2,ps10_v2_p062,0.13892978429794312,1
6571,91,40,2,ps10_v2_p063,0.14805781841278076,1
6572,91,41,2,ps10_v2_p063,0.14805781841278076,1
6573,91,42,2,ps10_v2_p063,0.14805781841278076,1
6574,91,43,2,ps10_v2_p063,0.14805781841278076,1
6575,91,44,2,ps10_v2_p063,0.14805781841278076,1
6576,91,45,2,ps10_v2_p063,0.14805781841278076,1
6577,91,46,2,ps10_v2_p063,0.14805781841278076,1
6578,91,47,2,ps10_v2_p063,0.14805781841278076,1
6579,91,48,2,ps10_v2_p063,0.14805781841278076,1
6580,91,74,4,ps10_v2_p172,0.1061164140701294,1
6581,91,75,4,ps10_v2_p172,0.1061164140701294,1
6582,91,76,4,ps10_v2_p172,0.1061164140701294,1
6583,91,77,4,ps10_v2_p172,0.1061164140701294,1
6584,91,78,4,ps10_v2_p172,0.1061164140701294,1
6585,91,79,4,ps10_v2_p172,0.1061164140701294,1
6586,91,80,4,ps10_v2_p172,0.1061164140701294,1
6587,91,81,4,ps10_v2_p173,0.12564218044281006,1
6588,91,82,4,ps10_v2_p173,0.12564218044281006,1
6589,91,83,4,ps10_v2_p173,0.12564218044281006,1
6590,91,84,4,ps10_v2_p173,0.12564218044281006,1
6591,91,85,4,ps10_v2_p173,0.12564218044281006,1
6592,91,86,4,ps10_v2_p173,0.12564218044281006,1
6593,91,87,4,ps10_v2_p173,0.12564218044281006,1
6594,91,88,4,ps10_v2_p173,0.12564218044281006,1
6595,91,89,4,ps10_v2_p173,0.12564218044281006,1
6596,91,90,4,ps10_v2_p173,0.12564218044281006,1
6597,91,91,4,ps10_v2_p174,0.13116461038589478,1
6598,91,92,4,ps10_v2_p174,0.13116461038589478,1
6599,91,93,4,ps10_v2_p174,0.13116461038589478,1
6600,91,94,4,ps10_v2_p174,0.13116461038589478,1
6601,91,95,4,ps10_v2_p174,0.13116461038589478,1
6602,91,96,4,ps10_v2_p174,0.13116461038589478,1
6603,91,97,4,ps10_v2_p174,0.13116461038589478,1
6604,91,98,4,ps10_v2_p174,0.13116461038589478,1
6605,91,106,4,ps10_v2_p175,0.08966999500989914,1
6606,91,107,4,ps10_v2_p175,0.08966999500989914,1
6607,91,108,4,ps10_v2_p175,0.08966999500989914,1
6608,91,109,4,ps10_v2_p175,0.08966999500989914,1
6609,91,110,4,ps10_v2_p175,0.08966999500989914,1
6610,91,111,4,ps10_v2_p176,0.0836445689201355,1
6611,91,112,4,ps10_v2_p176,0.0836445689201355,1
6612,91,113,4,ps10_v2_p176,0.0836445689201355,1
6613,91,114,4,ps10_v2_p176,0.0836445689201355,1
6614,91,115,4,ps10_v2_p176,0.0836445689201355,1
6615,91,116,4,ps10_v2_p176,0.0836445689201355,1
6616,91,117,4,ps10_v2_p176,0.0836445689201355,1
6617,91,118,4,ps10_v2_p176,0.0836445689201355,1
6618,91,119,4,ps10_v2_p176,0.0836445689201355,1
6619,91,121,3,ps10_v2_p112,0.08655240386724472,1
6620,91,122,3,ps10_v2_p112,0.08655240386724472,1
6621,91,123,3,ps10_v2_p112,0.08655240386724472,1
6622,91,124,3,ps10_v2_p113,0.0897107720375061,1
6623,91,126,3,ps10_v2_p113,0.0897107720375061,1
6624,91,127,3,ps10_v2_p113,0.0897107720375061,1
6625,91,130,3,ps10_v2_p113,0.0897107720375061,1
6626,91,131,3,ps10_v2_p113,0.0897107720375061,1
6627,91,132,3,ps10_v2_p113,0.0897107720375061,1
6628,91,133,3,ps10_v2_p113,0.0897107720375061,1
6629,91,134,3,ps10_v2_p114,0.09087638556957245,1
6630,91,135,3,ps10_v2_p114,0.09087638556957245,1
6631,91,144,3,ps10_v2_p115,0.09095853567123413,1
6632,91,146,3,ps10_v2_p115,0.09095853567123413,1
6633,91,149,3,ps10_v2_p115,0.09095853567123413,1
6634,91,151,3,ps10_v2_p115,0.09095853567123413,1
6635,91,153,3,ps10_v2_p115,0.09095853567123413,1
6636,91,190,5,ps10_v2_p235,0.0693441703915596,1
6637,91,191,5,ps10_v2_p235,0.0693441703915596,1
6638,91,194,5,ps10_v2_p235,0.0693441703915596,1
6639,91,195,5,ps10_v2_p235,0.0693441703915596,1
6640,91,197,5,ps10_v2_p235,0.0693441703915596,1
6641,91,198,5,ps10_v2_p235,0.0693441703915596,1
6642,91,200,5,,,0
6643,92,15,2,ps10_v2_p060,0.09190067648887634,1
6644,92,18,2,ps10_v2_p060,0.09190067648887634,1
6645,92,19,2,ps10_v2_p060,0.09190067648887634,1
6646,92,21,2,ps10_v2_p061,0.0904758870601654,1
6647,92,22,2,ps10_v2_p061,0.0904758870601654,1
6648,92,23,2,ps10_v2_p061,0.0904758870601654,1
6649,92,24,2,ps10_v2_p061,0.0904758870601654,1
6650,92,25,2,ps10_v2_p061,0.0904758870601654,1
6651,92,26,2,ps10_v2_p061,0.0904758870601654,1
6652,92,27,2,ps10_v2_p061,0.0904758870601654,1
6653,92,28,2,ps10_v2_p061,0.0904758870601654,1
6654,92,29,2,ps10_v2_p061,0.0904758870601654,1
6655,92,30,2,ps10_v2_p062,0.13892978429794312,1
6656,92,31,2,ps10_v2_p062,0.13892978429794312,1
6657,92,32,2,ps10_v2_p062,0.13892978429794312,1
6658,92,33,2,ps10_v2_p062,0.13892978429794312,1
6659,92,34,2,ps10_v2_p062,0.13892978429794312,1
6660,92,35,2,ps10_v2_p062,0.13892978429794312,1
6661,92,36,2,ps10_v2_p062,0.13892978429794312,1
6662,92,37,2,ps10_v2_p062,0.13892978429794312,1
6663,92,38,2,ps10_v2_p062,0.13892978429794312,1
6664,92,39,2,ps10_v2_p062,0.13892978429794312,1
6665,92,40,2,ps10_v2_p063,0.14805781841278076,1
6666,92,41,2,ps10_v2_p063,0.14805781841278076,1
6667,92,42,2,ps10_v2_p063,0.14805781841278076,1
6668,92,43,2,ps10_v2_p063,0.14805781841278076,1
6669,92,44,2,ps10_v2_p063,0.14805781841278076,1
6670,92,45,2,ps10_v2_p063,0.14805781841278076,1
6671,92,46,2,ps10_v2_p063,0.14805781841278076,1
6672,92,47,2,ps10_v2_p063,0.14805781841278076,1
6673,92,74,4,ps10_v2_p172,0.1061164140701294,1
6674,92,75,4,ps10_v2_p172,0.1061164140701294,1
6675,92,76,4,ps10_v2_p172,0.1061164140701294,1
6676,92,77,4,ps10_v2_p172,0.1061164140701294,1
6677,92,78,4,ps10_v2_p172,0.1061164140701294,1
6678,92,79,4,ps10_v2_p172,0.1061164140701294,1
6679,92,80,4,ps10_v2_p172,0.1061164140701294,1
6680,92,81,4,ps10_v2_p173,0.12564218044281006,1
6681,92,82,4,ps10_v2_p173,0.12564218044281006,1
6682,92,83,4,ps10_v2_p173,0.12564218044281006,1
6683,92,84,4,ps10_v2_p173,0.12564218044281006,1
6684,92,85,4,ps10_v2_p173,0.12564218044281006,1
6685,92,86,4,ps10_v2_p173,0.12564218044281006,1
6686,92,87,4,ps10_v2_p173,0.12564218044281006,1
6687,92,88,4,ps10_v2_p173,0.12564218044281006,1
6688,92,89,4,ps10_v2_p173,0.12564218044281006,1
6689,92,90,4,ps10_v2_p173,0.12564218044281006,1
6690,92,91,4,ps10_v2_p174,0.13116461038589478,1
6691,92,92,4,ps10_v2_p174,0.13116461038589478,1
6692,92,93,4,ps10_v2_p174,0.13116461038589478,1
6693,92,94,4,ps10_v2_p174,0.13116461038589478,1
6694,92,95,4,ps10_v2_p174,0.13116461038589478,1
6695,92,96,4,ps10_v2_p174,0.13116461038589478,1
6696,92,97,4,ps10_v2_p174,0.13116461038589478,1
6697,92,98,4,ps10_v2_p174,0.13116461038589478,1
6698,92,99,4,ps10_v2_p174,0.13116461038589478,1
6699,92,107,4,ps10_v2_p175,0.08966999500989914,1
6700,92,108,4,ps10_v2_p175,0.08966999500989914,1
6701,92,109,4,ps10_v2_p175,0.08966999500989914,1
6702,92,111,4,ps10_v2_p176,0.0836445689201355,1
6703,92,112,4,ps10_v2_p176,0.0836445689201355,1
6704,92,113,4,ps10_v2_p176,0.0836445689201355,1
6705,92,114,4,ps10_v2_p176,0.0836445689201355,1
6706,92,115,4,ps10_v2_p176,0.0836445689201355,1
6707,92,116,4,ps10_v2_p176,0.0836445689201355,1
6708,92,117,4,ps10_v2_p176,0.0836445689201355,1
6709,92,118,4,ps10_v2_p176,0.0836445689201355,1
6710,92,119,4,ps10_v2_p176,0.0836445689201355,1
6711,92,120,3,ps10_v2_p112,0.08655240386724472,1
6712,92,121,3,ps10_v2_p112,0.08655240386724472,1
6713,92,122,3,ps10_v2_p112,0.08655240386724472,1
6714,92,123,3,ps10_v2_p112,0.08655240386724472,1
6715,92,124,3,ps10_v2_p113,0.0897107720375061,1
6716,92,125,3,ps10_v2_p113,0.0897107720375061,1
6717,92,126,3,ps10_v2_p113,0.0897107720375061,1
6718,92,128,3,ps10_v2_p113,0.0897107720375061,1
6719,92,132,3,ps10_v2_p113,0.0897107720375061,1
6720,92,134,3,ps10_v2_p114,0.09087638556957245,1
6721,92,135,3,ps10_v2_p114,0.09087638556957245,1
6722,92,136,3,ps10_v2_p114,0.09087638556957245,1
6723,92,138,3,ps10_v2_p114,0.09087638556957245,1
6724,92,139,3,ps10_v2_p114,0.09087638556957245,1
6725,92,143,3,ps10_v2_p114,0.09087638556957245,1
6726,92,145,3,ps10_v2_p115,0.09095853567123413,1
6727,92,147,3,ps10_v2_p115,0.09095853567123413,1
6728,92,152,3,ps10_v2_p115,0.09095853567123413,1
6729,92,154,3,ps10_v2_p116,0.10466285049915314,1
6730,92,156,3,ps10_v2_p116,0.10466285049915314,1
6731,92,157,5,,,0
6732,92,186,5,,,0
6733,92,192,5,ps10_v2_p235,0.0693441703915596,1
6734,92,195,5,ps10_v2_p235,0.0693441703915596,1
6735,92,196,5,ps10_v2_p235,0.0693441703915596,1
6736,92,198,5,ps10_v2_p235,0.0693441703915596,1
6737,93,14,2,ps10_v2_p060,0.09190067648887634,1
6738,93,18,2,ps10_v2_p060,0.09190067648887634,1
6739,93,19,2,ps10_v2_p060,0.09190067648887634,1
6740,93,21,2,ps10_v2_p061,0.0904758870601654,1
6741,93,22,2,ps10_v2_p061,0.0904758870601654,1
6742,93,23,2,ps10_v2_p061,0.0904758870601654,1
6743,93,24,2,ps10_v2_p061,0.0904758870601654,1
6744,93,26,2,ps10_v2_p061,0.0904758870601654,1
6745,93,27,2,ps10_v2_p061,0.0904758870601654,1
6746,93,28,2,ps10_v2_p061,0.0904758870601654,1
6747,93,29,2,ps10_v2_p061,0.0904758870601654,1
6748,93,30,2,ps10_v2_p062,0.13892978429794312,1
6749,93,31,2,ps10_v2_p062,0.13892978429794312,1
6750,93,32,2,ps10_v2_p062,0.13892978429794312,1
6751,93,33,2,ps10_v2_p062,0.13892978429794312,1
6752,93,34,2,ps10_v2_p062,0.13892978429794312,1
6753,93,35,2,ps10_v2_p062,0.13892978429794312,1
6754,93,36,2,ps10_v2_p062,0.13892978429794312,1
6755,93,37,2,ps10_v2_p062,0.13892978429794312,1
6756,93,38,2,ps10_v2_p062,0.13892978429794312,1
6757,93,39,2,ps10_v2_p062,0.13892978429794312,1
6758,93,40,2,ps10_v2_p063,0.14805781841278076,1
6759,93,41,2,ps10_v2_p063,0.14805781841278076,1
6760,93,42,2,ps10_v2_p063,0.14805781841278076,1
6761,93,43,2,ps10_v2_p063,0.14805781841278076,1
6762,93,44,2,ps10_v2_p063,0.14805781841278076,1
6763,93,45,2,ps10_v2_p063,0.14805781841278076,1
6764,93,46,2,ps10_v2_p063,0.14805781841278076,1
6765,93,75,4,ps10_v2_p172,0.1061164140701294,1
6766,93,76,4,ps10_v2_p172,0.1061164140701294,1
6767,93,77,4,ps10_v2_p172,0.1061164140701294,1
6768,93,78,4,ps10_v2_p172,0.1061164140701294,1
6769,93,79,4,ps10_v2_p172,0.1061164140701294,1
6770,93,80,4,ps10_v2_p172,0.1061164140701294,1
6771,93,81,4,ps10_v2_p173,0.12564218044281006,1
6772,93,82,4,ps10_v2_p173,0.12564218044281006,1
6773,93,83,4,ps10_v2_p173,0.12564218044281006,1
6774,93,84,4,ps10_v2_p173,0.12564218044281006,1
6775,93,85,4,ps10_v2_p173,0.12564218044281006,1
6776,93,86,4,ps10_v2_p173,0.12564218044281006,1
6777,93,87,4,ps10_v2_p173,0.12564218044281006,1
6778,93,88,4,ps10_v2_p173,0.12564218044281006,1
6779,93,89,4,ps10_v2_p173,0.12564218044281006,1
6780,93,90,4,ps10_v2_p173,0.12564218044281006,1
6781,93,91,4,ps10_v2_p174,0.13116461038589478,1
6782,93,92,4,ps10_v2_p174,0.13116461038589478,1
6783,93,93,4,ps10_v2_p174,0.13116461038589478,1
6784,93,94,4,ps10_v2_p174,0.13116461038589478,1
6785,93,95,4,ps10_v2_p174,0.13116461038589478,1
6786,93,96,4,ps10_v2_p174,0.13116461038589478,1
6787,93,97,4,ps10_v2_p174,0.13116461038589478,1
6788,93,98,4,ps10_v2_p174,0.13116461038589478,1
6789,93,107,4,ps10_v2_p175,0.08966999500989914,1
6790,93,108,4,ps10_v2_p175,0.08966999500989914,1
6791,93,109,4,ps10_v2_p175,0.08966999500989914,1
6792,93,111,4,ps10_v2_p176,0.0836445689201355,1
6793,93,112,4,ps10_v2_p176,0.0836445689201355,1
6794,93,113,4,ps10_v2_p176,0.0836445689201355,1
6795,93,114,4,ps10_v2_p176,0.0836445689201355,1
6796,93,115,4,ps10_v2_p176,0.0836445689201355,1
6797,93,116,4,ps10_v2_p176,0.0836445689201355,1
6798,93,117,4,ps10_v2_p176,0.0836445689201355,1
6799,93,118,4,ps10_v2_p176,0.0836445689201355,1
6800,93,119,4,ps10_v2_p176,0.0836445689201355,1
6801,93,120,4,ps10_v2_p176,0.0836445689201355,1
6802,93,121,3,ps10_v2_p112,0.08655240386724472,1
6803,93,122,3,ps10_v2_p112,0.08655240386724472,1
6804,93,123,3,ps10_v2_p112,0.08655240386724472,1
6805,93,124,3,ps10_v2_p113,0.0897107720375061,1
6806,93,125,3,ps10_v2_p113,0.0897107720375061,1
6807,93,126,3,ps10_v2_p113,0.0897107720375061,1
6808,93,128,3,ps10_v2_p113,0.0897107720375061,1
6809,93,131,3,ps10_v2_p113,0.0897107720375061,1
6810,93,133,3,ps10_v2_p113,0.0897107720375061,1
6811,93,135,3,ps10_v2_p114,0.09087638556957245,1
6812,93,136,3,ps10_v2_p114,0.09087638556957245,1
6813,93,137,3,ps10_v2_p114,0.09087638556957245,1
6814,93,138,3,ps10_v2_p114,0.09087638556957245,1
6815,93,144,3,ps10_v2_p115,0.09095853567123413,1
6816,93,146,3,ps10_v2_p115,0.09095853567123413,1
6817,93,147,3,ps10_v2_p115,0.09095853567123413,1
6818,93,148,3,ps10_v2_p115,0.09095853567123413,1
6819,93,155,3,ps10_v2_p116,0.10466285049915314,1
6820,93,156,3,ps10_v2_p116,0.10466285049915314,1
6821,93,158,5,,,0
6822,93,185,5,ps10_v2_p237,0.07216611504554749,1
6823,93,186,5,ps10_v2_p237,0.07216611504554749,1
6824,93,191,5,ps10_v2_p238,0.07111477851867676,1
6825,93,194,5,ps10_v2_p238,0.07111477851867676,1
6826,93,197,5,ps10_v2_p238,0.07111477851867676,1
6827,93,198,5,ps10_v2_p238,0.07111477851867676,1
6828,94,14,2,,,0
6829,94,18,2,,,0
6830,94,21,2,ps10_v2_p065,0.10155481845140457,1
6831,94,22,2,ps10_v2_p065,0.10155481845140457,1
6832,94,23,2,ps10_v2_p065,0.10155481845140457,1
6833,94,24,2,ps10_v2_p065,0.10155481845140457,1
6834,94,26,2,ps10_v2_p065,0.10155481845140457,1
6835,94,27,2,ps10_v2_p065,0.10155481845140457,1
6836,94,28,2,ps10_v2_p065,0.10155481845140457,1
6837,94,29,2,ps10_v2_p065,0.10155481845140457,1
6838,94,30,2,ps10_v2_p066,0.11127760261297226,1
6839,94,31,2,ps10_v2_p066,0.11127760261297226,1
6840,94,32,2,ps10_v2_p066,0.11127760261297226,1
6841,94,33,2,ps10_v2_p066,0.11127760261297226,1
6842,94,34,2,ps10_v2_p066,0.11127760261297226,1
6843,94,35,2,ps10_v2_p066,0.11127760261297226,1
6844,94,36,2,ps10_v2_p066,0.11127760261297226,1
6845,94,37,2,ps10_v2_p066,0.11127760261297226,1
6846,94,38,2,ps10_v2_p066,0.11127760261297226,1
6847,94,39,2,ps10_v2_p066,0.11127760261297226,1
6848,94,40,2,ps10_v2_p067,0.1398017257452011,1
6849,94,41,2,ps10_v2_p067,0.1398017257452011,1
6850,94,42,2,ps10_v2_p067,0.1398017257452011,1
6851,94,43,2,ps10_v2_p067,0.1398017257452011,1
6852,94,44,2,ps10_v2_p067,0.1398017257452011,1
6853,94,45,2,ps10_v2_p067,0.1398017257452011,1
6854,94,75,4,ps10_v2_p172,0.1061164140701294,1
6855,94,76,4,ps10_v2_p172,0.1061164140701294,1
6856,94,77,4,ps10_v2_p172,0.1061164140701294,1
6857,94,78,4,ps10_v2_p172,0.1061164140701294,1
6858,94,79,4,ps10_v2_p172,0.1061164140701294,1
6859,94,80,4,ps10_v2_p172,0.1061164140701294,1
6860,94,81,4,ps10_v2_p173,0.12564218044281006,1
6861,94,82,4,ps10_v2_p173,0.12564218044281006,1
6862,94,83,4,ps10_v2_p173,0.12564218044281006,1
6863,94,84,4,ps10_v2_p173,0.12564218044281006,1
6864,94,85,4,ps10_v2_p173,0.12564218044281006,1
6865,94,86,4,ps10_v2_p173,0.12564218044281006,1
6866,94,87,4,ps10_v2_p173,0.12564218044281006,1
6867,94,88,4,ps10_v2_p173,0.12564218044281006,1
6868,94,89,4,ps10_v2_p173,0.12564218044281006,1
6869,94,90,4,ps10_v2_p173,0.12564218044281006,1
6870,94,91,4,ps10_v2_p174,0.13116461038589478,1
6871,94,92,4,ps10_v2_p174,0.13116461038589478,1
6872,94,93,4,ps10_v2_p174,0.13116461038589478,1
6873,94,94,4,ps10_v2_p174,0.13116461038589478,1
6874,94,95,4,ps10_v2_p174,0.13116461038589478,1
6875,94,96,4,ps10_v2_p174,0.13116461038589478,1
6876,94,97,4,ps10_v2_p174,0.13116461038589478,1
6877,94,98,4,ps10_v2_p174,0.13116461038589478,1
6878,94,99,4,ps10_v2_p174,0.13116461038589478,1
6879,94,107,4,ps10_v2_p175,0.08966999500989914,1
6880,94,108,4,ps10_v2_p175,0.08966999500989914,1
6881,94,111,4,ps10_v2_p176,0.0836445689201355,1
6882,94,112,4,ps10_v2_p176,0.0836445689201355,1
6883,94,113,4,ps10_v2_p176,0.0836445689201355,1
6884,94,114,4,ps10_v2_p176,0.0836445689201355,1
6885,94,115,4,ps10_v2_p176,0.0836445689201355,1
6886,94,116,4,ps10_v2_p176,0.0836445689201355,1
6887,94,117,4,ps10_v2_p176,0.0836445689201355,1
6888,94,119,4,ps10_v2_p176,0.0836445689201355,1
6889,94,121,4,,,0
6890,94,122,3,ps10_v2_p112,0.08655240386724472,1
6891,94,123,3,ps10_v2_p112,0.08655240386724472,1
6892,94,124,3,ps10_v2_p113,0.0897107720375061,1
6893,94,125,3,ps10_v2_p113,0.0897107720375061,1
6894,94,126,3,ps10_v2_p113,0.0897107720375061,1
6895,94,127,3,ps10_v2_p113,0.0897107720375061,1
6896,94,128,3,ps10_v2_p113,0.0897107720375061,1
6897,94,129,3,ps10_v2_p113,0.0897107720375061,1
6898,94,130,3,ps10_v2_p113,0.0897107720375061,1
6899,94,131,3,ps10_v2_p113,0.0897107720375061,1
6900,94,134,3,ps10_v2_p114,0.09087638556957245,1
6901,94,135,3,ps10_v2_p114,0.09087638556957245,1
6902,94,136,3,ps10_v2_p114,0.09087638556957245,1
6903,94,137,3,ps10_v2_p114,0.09087638556957245,1
6904,94,138,3,ps10_v2_p114,0.09087638556957245,1
6905,94,139,3,ps10_v2_p114,0.09087638556957245,1
6906,94,146,3,ps10_v2_p115,0.09095853567123413,1
6907,94,147,3,ps10_v2_p115,0.09095853567123413,1
6908,94,148,3,ps10_v2_p115,0.09095853567123413,1
6909,94,150,3,ps10_v2_p115,0.09095853567123413,1
6910,94,155,3,ps10_v2_p116,0.10466285049915314,1
6911,94,157,3,ps10_v2_p116,0.10466285049915314,1
6912,94,158,5,,,0
6913,94,159,5,ps10_v2_p236,0.06725507229566574,1
6914,94,160,5,ps10_v2_p236,0.06725507229566574,1
6915,94,162,5,ps10_v2_p236,0.06725507229566574,1
6916,94,170,5,,,0
6917,94,189,5,ps10_v2_p238,0.07111477851867676,1
6918,94,192,5,ps10_v2_p238,0.07111477851867676,1
6919,94,193,5,ps10_v2_p238,0.07111477851867676,1
6920,94,198,5,ps10_v2_p238,0.07111477851867676,1
6921,95,22,2,ps10_v2_p065,0.10155481845140457,1
6922,95,25,2,ps10_v2_p065,0.10155481845140457,1
6923,95,26,2,ps10_v2_p065,0.10155481845140457,1
6924,95,27,2,ps10_v2_p065,0.10155481845140457,1
6925,95,28,2,ps10_v2_p065,0.10155481845140457,1
6926,95,29,2,ps10_v2_p065,0.10155481845140457,1
6927,95,30,2,ps10_v2_p066,0.11127760261297226,1
6928,95,31,2,ps10_v2_p066,0.11127760261297226,1
6929,95,32,2,ps10_v2_p066,0.11127760261297226,1
6930,95,33,2,ps10_v2_p066,0.11127760261297226,1
6931,95,34,2,ps10_v2_p066,0.11127760261297226,1
6932,95,35,2,ps10_v2_p066,0.11127760261297226,1
6933,95,36,2,ps10_v2_p066,0.11127760261297226,1
6934,95,38,2,ps10_v2_p066,0.11127760261297226,1
6935,95,39,2,ps10_v2_p066,0.11127760261297226,1
6936,95,40,2,ps10_v2_p067,0.1398017257452011,1
6937,95,41,2,ps10_v2_p067,0.1398017257452011,1
6938,95,42,2,ps10_v2_p067,0.1398017257452011,1
6939,95,43,2,ps10_v2_p067,0.1398017257452011,1
6940,95,74,4,ps10_v2_p172,0.1061164140701294,1
6941,95,75,4,ps10_v2_p172,0.1061164140701294,1
6942,95,76,4,ps10_v2_p172,0.1061164140701294,1
6943,95,77,4,ps10_v2_p172,0.1061164140701294,1
6944,95,78,4,ps10_v2_p172,0.1061164140701294,1
6945,95,79,4,ps10_v2_p172,0.1061164140701294,1
6946,95,80,4,ps10_v2_p172,0.1061164140701294,1
6947,95,81,4,ps10_v2_p173,0.12564218044281006,1
6948,95,82,4,ps10_v2_p173,0.12564218044281006,1
6949,95,83,4,ps10_v2_p173,0.12564218044281006,1
6950,95,84,4,ps10_v2_p173,0.12564218044281006,1
6951,95,85,4,ps10_v2_p173,0.12564218044281006,1
6952,95,86,4,ps10_v2_p173,0.12564218044281006,1
6953,95,87,4,ps10_v2_p173,0.12564218044281006,1
6954,95,88,4,ps10_v2_p173,0.12564218044281006,1
6955,95,89,4,ps10_v2_p173,0.12564218044281006,1
6956,95,90,4,ps10_v2_p173,0.12564218044281006,1
6957,95,91,4,ps10_v2_p174,0.13116461038589478,1
6958,95,92,4,ps10_v2_p174,0.13116461038589478,1
6959,95,93,4,ps10_v2_p174,0.13116461038589478,1
6960,95,94,4,ps10_v2_p174,0.13116461038589478,1
6961,95,95,4,ps10_v2_p174,0.13116461038589478,1
6962,95,96,4,ps10_v2_p174,0.13116461038589478,1
6963,95,97,4,ps10_v2_p174,0.13116461038589478,1
6964,95,98,4,ps10_v2_p174,0.13116461038589478,1
6965,95,99,4,ps10_v2_p174,0.13116461038589478,1
6966,95,100,4,ps10_v2_p174,0.13116461038589478,1
6967,95,107,4,ps10_v2_p175,0.08966999500989914,1
6968,95,111,4,ps10_v2_p176,0.0836445689201355,1
6969,95,112,4,ps10_v2_p176,0.0836445689201355,1
6970,95,113,4,ps10_v2_p176,0.0836445689201355,1
6971,95,114,4,ps10_v2_p176,0.0836445689201355,1
6972,95,115,4,ps10_v2_p176,0.0836445689201355,1
6973,95,116,4,ps10_v2_p176,0.0836445689201355,1
6974,95,117,4,ps10_v2_p176,0.0836445689201355,1
6975,95,118,4,ps10_v2_p176,0.0836445689201355,1
6976,95,119,4,ps10_v2_p176,0.0836445689201355,1
6977,95,120,4,ps10_v2_p176,0.0836445689201355,1
6978,95,121,4,,,0
6979,95,122,3,ps10_v2_p112,0.08655240386724472,1
6980,95,123,3,ps10_v2_p112,0.08655240386724472,1
6981,95,124,3,ps10_v2_p113,0.0897107720375061,1
6982,95,125,3,ps10_v2_p113,0.0897107720375061,1
6983,95,126,3,ps10_v2_p113,0.0897107720375061,1
6984,95,127,3,ps10_v2_p113,0.0897107720375061,1
6985,95,128,3,ps10_v2_p113,0.0897107720375061,1
6986,95,130,3,ps10_v2_p113,0.0897107720375061,1
6987,95,132,3,ps10_v2_p113,0.0897107720375061,1
6988,95,133,3,ps10_v2_p113,0.0897107720375061,1
6989,95,134,3,ps10_v2_p114,0.09087638556957245,1
6990,95,136,3,ps10_v2_p114,0.09087638556957245,1
6991,95,137,3,ps10_v2_p114,0.09087638556957245,1
6992,95,138,3,ps10_v2_p114,0.09087638556957245,1
6993,95,149,3,ps10_v2_p115,0.09095853567123413,1
6994,95,151,3,ps10_v2_p115,0.09095853567123413,1
6995,95,152,3,ps10_v2_p115,0.09095853567123413,1
6996,95,155,3,ps10_v2_p116,0.10466285049915314,1
6997,95,156,3,ps10_v2_p116,0.10466285049915314,1
6998,95,159,5,ps10_v2_p236,0.06725507229566574,1
6999,95,161,5,ps10_v2_p236,0.06725507229566574,1
7000,95,185,5,ps10_v2_p237,0.07216611504554749,1
7001,95,189,5,ps10_v2_p238,0.07111477851867676,1
7002,95,191,5,ps10_v2_p238,0.07111477851867676,1
7003,95,192,5,ps10_v2_p238,0.07111477851867676,1
7004,95,193,5,ps10_v2_p238,0.07111477851867676,1
7005,95,194,5,ps10_v2_p238,0.07111477851867676,1
7006,95,197,5,ps10_v2_p238,0.07111477851867676,1
7007,95,200,5,,,0
7008,95,229,5,,,0
7009,96,20,2,ps10_v2_p065,0.10155481845140457,1
7010,96,21,2,ps10_v2_p065,0.10155481845140457,1
7011,96,24,2,ps10_v2_p065,0.10155481845140457,1
7012,96,25,2,ps10_v2_p065,0.10155481845140457,1
7013,96,26,2,ps10_v2_p065,0.10155481845140457,1
7014,96,29,2,ps10_v2_p065,0.10155481845140457,1
7015,96,30,2,ps10_v2_p066,0.11127760261297226,1
7016,96,31,2,ps10_v2_p066,0.11127760261297226,1
7017,96,32,2,ps10_v2_p066,0.11127760261297226,1
7018,96,33,2,ps10_v2_p066,0.11127760261297226,1
7019,96,34,2,ps10_v2_p066,0.11127760261297226,1
7020,96,35,2,ps10_v2_p066,0.11127760261297226,1
7021,96,36,2,ps10_v2_p066,0.11127760261297226,1
7022,96,37,2,ps10_v2_p066,0.11127760261297226,1
7023,96,38,2,ps10_v2_p066,0.11127760261297226,1
7024,96,39,2,ps10_v2_p066,0.11127760261297226,1
7025,96,40,2,ps10_v2_p067,0.1398017257452011,1
7026,96,41,2,ps10_v2_p067,0.1398017257452011,1
7027,96,42,2,ps10_v2_p067,0.1398017257452011,1
7028,96,43,2,ps10_v2_p067,0.1398017257452011,1
7029,96,72,4,ps10_v2_p177,0.11732310056686401,1
7030,96,74,4,ps10_v2_p177,0.11732310056686401,1
7031,96,75,4,ps10_v2_p177,0.11732310056686401,1
7032,96,76,4,ps10_v2_p177,0.11732310056686401,1
7033,96,77,4,ps10_v2_p177,0.11732310056686401,1
7034,96,78,4,ps10_v2_p177,0.11732310056686401,1
7035,96,79,4,ps10_v2_p177,0.11732310056686401,1
7036,96,80,4,ps10_v2_p177,0.11732310056686401,1
7037,96,81,4,ps10_v2_p178,0.12120235711336136,1
7038,96,82,4,ps10_v2_p178,0.12120235711336136,1
7039,96,83,4,ps10_v2_p178,0.12120235711336136,1
7040,96,84,4,ps10_v2_p178,0.12120235711336136,1
7041,96,85,4,ps10_v2_p178,0.12120235711336136,1
7042,96,86,4,ps10_v2_p178,0.12120235711336136,1
7043,96,87,4,ps10_v2_p178,0.12120235711336136,1
7044,96,88,4,ps10_v2_p178,0.12120235711336136,1
7045,96,89,4,ps10_v2_p178,0.12120235711336136,1
7046,96,90,4,ps10_v2_p178,0.12120235711336136,1
7047,96,91,4,ps10_v2_p179,0.11348874121904373,1
7048,96,92,4,ps10_v2_p179,0.11348874121904373,1
7049,96,93,4,ps10_v2_p179,0.11348874121904373,1
7050,96,94,4,ps10_v2_p179,0.11348874121904373,1
7051,96,96,4,ps10_v2_p179,0.11348874121904373,1
7052,96,97,4,ps10_v2_p179,0.11348874121904373,1
7053,96,98,4,ps10_v2_p179,0.11348874121904373,1
7054,96,99,4,ps10_v2_p179,0.11348874121904373,1
7055,96,100,4,ps10_v2_p179,0.11348874121904373,1
7056,96,102,4,ps10_v2_p180,0.11943471431732178,1
7057,96,112,4,ps10_v2_p181,0.09383745491504669,1
7058,96,113,4,ps10_v2_p181,0.09383745491504669,1
7059,96,114,4,ps10_v2_p181,0.09383745491504669,1
7060,96,115,4,ps10_v2_p181,0.09383745491504669,1
7061,96,116,4,ps10_v2_p181,0.09383745491504669,1
7062,96,117,4,ps10_v2_p181,0.09383745491504669,1
7063,96,118,4,ps10_v2_p181,0.09383745491504669,1
7064,96,119,4,ps10_v2_p181,0.09383745491504669,1
7065,96,120,4,ps10_v2_p181,0.09383745491504669,1
7066,96,121,4,,,0
7067,96,123,3,ps10_v2_p112,0.08655240386724472,1
7068,96,124,3,ps10_v2_p113,0.0897107720375061,1
7069,96,125,3,ps10_v2_p113,0.0897107720375061,1
7070,96,126,3,ps10_v2_p113,0.0897107720375061,1
7071,96,127,3,ps10_v2_p113,0.0897107720375061,1
7072,96,128,3,ps10_v2_p113,0.0897107720375061,1
7073,96,129,3,ps10_v2_p113,0.0897107720375061,1
7074,96,130,3,ps10_v2_p113,0.0897107720375061,1
7075,96,131,3,ps10_v2_p113,0.0897107720375061,1
7076,96,132,3,ps10_v2_p113,0.0897107720375061,1
7077,96,133,3,ps10_v2_p113,0.0897107720375061,1
7078,96,136,3,ps10_v2_p114,0.09087638556957245,1
7079,96,137,3,ps10_v2_p114,0.09087638556957245,1
7080,96,138,3,ps10_v2_p114,0.09087638556957245,1
7081,96,139,3,ps10_v2_p114,0.09087638556957245,1
7082,96,140,3,ps10_v2_p114,0.09087638556957245,1
7083,96,141,3,ps10_v2_p114,0.09087638556957245,1
7084,96,142,3,ps10_v2_p114,0.09087638556957245,1
7085,96,145,3,ps10_v2_p115,0.09095853567123413,1
7086,96,148,3,ps10_v2_p115,0.09095853567123413,1
7087,96,149,3,ps10_v2_p115,0.09095853567123413,1
7088,96,150,3,ps10_v2_p115,0.09095853567123413,1
7089,96,151,3,ps10_v2_p115,0.09095853567123413,1
7090,96,152,3,ps10_v2_p115,0.09095853567123413,1
7091,96,153,3,ps10_v2_p115,0.09095853567123413,1
7092,96,155,3,ps10_v2_p116,0.10466285049915314,1
7093,96,157,3,ps10_v2_p116,0.10466285049915314,1
7094,96,158,3,ps10_v2_p116,0.10466285049915314,1
7095,96,160,5,ps10_v2_p236,0.06725507229566574,1
7096,96,162,5,ps10_v2_p236,0.06725507229566574,1
7097,96,189,5,ps10_v2_p238,0.07111477851867676,1
7098,96,190,5,ps10_v2_p238,0.07111477851867676,1
7099,96,192,5,ps10_v2_p238,0.07111477851867676,1
7100,96,193,5,ps10_v2_p238,0.07111477851867676,1
7101,96,196,5,ps10_v2_p238,0.07111477851867676,1
7102,97,25,2,ps10_v2_p065,0.10155481845140457,1
7103,97,26,2,ps10_v2_p065,0.10155481845140457,1
7104,97,27,2,ps10_v2_p065,0.10155481845140457,1
7105,97,29,2,ps10_v2_p065,0.10155481845140457,1
7106,97,30,2,ps10_v2_p066,0.11127760261297226,1
7107,97,31,2,ps10_v2_p066,0.11127760261297226,1
7108,97,32,2,ps10_v2_p066,0.11127760261297226,1
7109,97,33,2,ps10_v2_p066,0.11127760261297226,1
7110,97,34,2,ps10_v2_p066,0.11127760261297226,1
7111,97,35,2,ps10_v2_p066,0.11127760261297226,1
7112,97,36,2,ps10_v2_p066,0.11127760261297226,1
7113,97,37,2,ps10_v2_p066,0.11127760261297226,1
7114,97,38,2,ps10_v2_p066,0.11127760261297226,1
7115,97,39,2,ps10_v2_p066,0.11127760261297226,1
7116,97,40,2,ps10_v2_p067,0.1398017257452011,1
7117,97,41,2,ps10_v2_p067,0.1398017257452011,1
7118,97,42,2,ps10_v2_p067,0.1398017257452011,1
7119,97,72,4,ps10_v2_p177,0.11732310056686401,1
7120,97,73,4,ps10_v2_p177,0.11732310056686401,1
7121,97,74,4,ps10_v2_p177,0.11732310056686401,1
7122,97,75,4,ps10_v2_p177,0.11732310056686401,1
7123,97,76,4,ps10_v2_p177,0.11732310056686401,1
7124,97,77,4,ps10_v2_p177,0.11732310056686401,1
7125,97,78,4,ps10_v2_p177,0.11732310056686401,1
7126,97,79,4,ps10_v2_p177,0.11732310056686401,1
7127,97,80,4,ps10_v2_p177,0.11732310056686401,1
7128,97,81,4,ps10_v2_p178,0.12120235711336136,1
7129,97,82,4,ps10_v2_p178,0.12120235711336136,1
7130,97,83,4,ps10_v2_p178,0.12120235711336136,1
7131,97,84,4,ps10_v2_p178,0.12120235711336136,1
7132,97,85,4,ps10_v2_p178,0.12120235711336136,1
7133,97,86,4,ps10_v2_p178,0.12120235711336136,1
7134,97,87,4,ps10_v2_p178,0.12120235711336136,1
7135,97,88,4,ps10_v2_p178,0.12120235711336136,1
7136,97,89,4,ps10_v2_p178,0.12120235711336136,1
7137,97,90,4,ps10_v2_p178,0.12120235711336136,1
7138,97,91,4,ps10_v2_p179,0.11348874121904373,1
7139,97,92,4,ps10_v2_p179,0.11348874121904373,1
7140,97,93,4,ps10_v2_p179,0.11348874121904373,1
7141,97,94,4,ps10_v2_p179,0.11348874121904373,1
7142,97,97,4,ps10_v2_p179,0.11348874121904373,1
7143,97,98,4,ps10_v2_p179,0.11348874121904373,1
7144,97,99,4,ps10_v2_p179,0.11348874121904373,1
7145,97,100,4,ps10_v2_p179,0.11348874121904373,1
7146,97,101,4,ps10_v2_p180,0.11943471431732178,1
7147,97,102,4,ps10_v2_p180,0.11943471431732178,1
7148,97,111,4,ps10_v2_p181,0.09383745491504669,1
7149,97,112,4,ps10_v2_p181,0.09383745491504669,1
7150,97,113,4,ps10_v2_p181,0.09383745491504669,1
7151,97,114,4,ps10_v2_p181,0.09383745491504669,1
7152,97,115,4,ps10_v2_p181,0.09383745491504669,1
7153,97,116,4,ps10_v2_p181,0.09383745491504669,1
7154,97,117,4,ps10_v2_p181,0.09383745491504669,1
7155,97,118,4,ps10_v2_p181,0.09383745491504669,1
7156,97,119,4,ps10_v2_p181,0.09383745491504669,1
7157,97,120,4,ps10_v2_p181,0.09383745491504669,1
7158,97,121,4,,,0
7159,97,122,3,ps10_v2_p112,0.08655240386724472,1
7160,97,123,3,ps10_v2_p112,0.08655240386724472,1
7161,97,125,3,ps10_v2_p113,0.0897107720375061,1
7162,97,126,3,ps10_v2_p113,0.0897107720375061,1
7163,97,127,3,ps10_v2_p113,0.0897107720375061,1
7164,97,128,3,ps10_v2_p113,0.0897107720375061,1
7165,97,130,3,ps10_v2_p113,0.0897107720375061,1
7166,97,131,3,ps10_v2_p113,0.0897107720375061,1
7167,97,132,3,ps10_v2_p113,0.0897107720375061,1
7168,97,134,3,ps10_v2_p114,0.09087638556957245,1
7169,97,135,3,ps10_v2_p114,0.09087638556957245,1
7170,97,136,3,ps10_v2_p114,0.09087638556957245,1
7171,97,137,3,ps10_v2_p114,0.09087638556957245,1
7172,97,138,3,ps10_v2_p114,0.09087638556957245,1
7173,97,139,3,ps10_v2_p114,0.09087638556957245,1
7174,97,140,3,ps10_v2_p114,0.09087638556957245,1
7175,97,141,3,ps10_v2_p114,0.09087638556957245,1
7176,97,149,3,ps10_v2_p115,0.09095853567123413,1
7177,97,150,3,ps10_v2_p115,0.09095853567123413,1
7178,97,151,3,ps10_v2_p115,0.09095853567123413,1
7179,97,152,3,ps10_v2_p115,0.09095853567123413,1
7180,97,153,3,ps10_v2_p115,0.09095853567123413,1
7181,97,156,3,ps10_v2_p116,0.10466285049915314,1
7182,97,157,3,ps10_v2_p116,0.10466285049915314,1
7183,97,158,3,ps10_v2_p116,0.10466285049915314,1
7184,97,159,5,ps10_v2_p236,0.06725507229566574,1
7185,97,161,5,ps10_v2_p236,0.06725507229566574,1
7186,97,162,5,ps10_v2_p236,0.06725507229566574,1
7187,97,163,5,ps10_v2_p236,0.06725507229566574,1
7188,97,164,5,ps10_v2_p236,0.06725507229566574,1
7189,97,188,5,ps10_v2_p237,0.07216611504554749,1
7190,97,189,5,ps10_v2_p238,0.07111477851867676,1
7191,97,190,5,ps10_v2_p238,0.07111477851867676,1
7192,97,191,5,ps10_v2_p238,0.07111477851867676,1
7193,97,192,5,ps10_v2_p238,0.07111477851867676,1
7194,97,193,5,ps10_v2_p238,0.07111477851867676,1
7195,97,194,5,ps10_v2_p238,0.07111477851867676,1
7196,97,197,5,ps10_v2_p238,0.07111477851867676,1
7197,98,20,2,ps10_v2_p065,0.10155481845140457,1
7198,98,21,2,ps10_v2_p065,0.10155481845140457,1
7199,98,22,2,ps10_v2_p065,0.10155481845140457,1
7200,98,25,2,ps10_v2_p065,0.10155481845140457,1
7201,98,27,2,ps10_v2_p065,0.10155481845140457,1
7202,98,29,2,ps10_v2_p065,0.10155481845140457,1
7203,98,30,2,ps10_v2_p066,0.11127760261297226,1
7204,98,31,2,ps10_v2_p066,0.11127760261297226,1
7205,98,32,2,ps10_v2_p066,0.11127760261297226,1
7206,98,33,2,ps10_v2_p066,0.11127760261297226,1
7207,98,34,2,ps10_v2_p066,0.11127760261297226,1
7208,98,36,2,ps10_v2_p066,0.11127760261297226,1
7209,98,37,2,ps10_v2_p066,0.11127760261297226,1
7210,98,38,2,ps10_v2_p066,0.11127760261297226,1
7211,98,39,2,ps10_v2_p066,0.11127760261297226,1
7212,98,40,2,ps10_v2_p067,0.1398017257452011,1
7213,98,41,2,ps10_v2_p067,0.1398017257452011,1
7214,98,71,4,ps10_v2_p177,0.11732310056686401,1
7215,98,72,4,ps10_v2_p177,0.11732310056686401,1
7216,98,73,4,ps10_v2_p177,0.11732310056686401,1
7217,98,74,4,ps10_v2_p177,0.11732310056686401,1
7218,98,75,4,ps10_v2_p177,0.11732310056686401,1
7219,98,76,4,ps10_v2_p177,0.11732310056686401,1
7220,98,77,4,ps10_v2_p177,0.11732310056686401,1
7221,98,78,4,ps10_v2_p177,0.11732310056686401,1
7222,98,79,4,ps10_v2_p177,0.11732310056686401,1
7223,98,80,4,ps10_v2_p177,0.11732310056686401,1
7224,98,81,4,ps10_v2_p178,0.12120235711336136,1
7225,98,82,4,ps10_v2_p178,0.12120235711336136,1
7226,98,83,4,ps10_v2_p178,0.12120235711336136,1
7227,98,84,4,ps10_v2_p178,0.12120235711336136,1
7228,98,85,4,ps10_v2_p178,0.12120235711336136,1
7229,98,86,4,ps10_v2_p178,0.12120235711336136,1
7230,98,87,4,ps10_v2_p178,0.12120235711336136,1
7231,98,88,4,ps10_v2_p178,0.12120235711336136,1
7232,98,89,4,ps10_v2_p178,0.12120235711336136,1
7233,98,90,4,ps10_v2_p178,0.12120235711336136,1
7234,98,91,4,ps10_v2_p179,0.11348874121904373,1
7235,98,92,4,ps10_v2_p179,0.11348874121904373,1
7236,98,97,4,ps10_v2_p179,0.11348874121904373,1
7237,98,99,4,ps10_v2_p179,0.11348874121904373,1
7238,98,100,4,ps10_v2_p179,0.11348874121904373,1
7239,98,101,4,ps10_v2_p180,0.11943471431732178,1
7240,98,103,4,ps10_v2_p180,0.11943471431732178,1
7241,98,112,4,ps10_v2_p181,0.09383745491504669,1
7242,98,113,4,ps10_v2_p181,0.09383745491504669,1
7243,98,114,4,ps10_v2_p181,0.09383745491504669,1
7244,98,115,4,ps10_v2_p181,0.09383745491504669,1
7245,98,116,4,ps10_v2_p181,0.09383745491504669,1
7246,98,117,4,ps10_v2_p181,0.09383745491504669,1
7247,98,118,4,ps10_v2_p181,0.09383745491504669,1
7248,98,120,4,ps10_v2_p181,0.09383745491504669,1
7249,98,122,3,ps10_v2_p112,0.08655240386724472,1
7250,98,123,3,ps10_v2_p112,0.08655240386724472,1
7251,98,125,3,ps10_v2_p113,0.0897107720375061,1
7252,98,126,3,ps10_v2_p113,0.0897107720375061,1
7253,98,127,3,ps10_v2_p113,0.0897107720375061,1
7254,98,129,3,ps10_v2_p113,0.0897107720375061,1
7255,98,130,3,ps10_v2_p113,0.0897107720375061,1
7256,98,131,3,ps10_v2_p113,0.0897107720375061,1
7257,98,132,3,ps10_v2_p113,0.0897107720375061,1
7258,98,133,3,ps10_v2_p113,0.0897107720375061,1
7259,98,134,3,ps10_v2_p114,0.09087638556957245,1
7260,98,137,3,ps10_v2_p114,0.09087638556957245,1
7261,98,138,3,ps10_v2_p114,0.09087638556957245,1
7262,98,139,3,ps10_v2_p114,0.09087638556957245,1
7263,98,140,3,ps10_v2_p114,0.09087638556957245,1
7264,98,141,3,ps10_v2_p114,0.09087638556957245,1
7265,98,149,3,ps10_v2_p115,0.09095853567123413,1
7266,98,150,3,ps10_v2_p115,0.09095853567123413,1
7267,98,151,3,ps10_v2_p115,0.09095853567123413,1
7268,98,152,3,ps10_v2_p115,0.09095853567123413,1
7269,98,153,3,ps10_v2_p115,0.09095853567123413,1
7270,98,155,3,ps10_v2_p116,0.10466285049915314,1
7271,98,156,3,ps10_v2_p116,0.10466285049915314,1
7272,98,157,3,ps10_v2_p116,0.10466285049915314,1
7273,98,158,3,ps10_v2_p116,0.10466285049915314,1
7274,98,159,3,ps10_v2_p116,0.10466285049915314,1
7275,98,160,5,ps10_v2_p236,0.06725507229566574,1
7276,98,161,5,ps10_v2_p236,0.06725507229566574,1
7277,98,162,5,ps10_v2_p236,0.06725507229566574,1
7278,98,163,5,ps10_v2_p236,0.06725507229566574,1
7279,98,164,5,ps10_v2_p236,0.06725507229566574,1
7280,98,165,5,ps10_v2_p236,0.06725507229566574,1
7281,98,186,5,ps10_v2_p237,0.07216611504554749,1
7282,98,187,5,ps10_v2_p237,0.07216611504554749,1
7283,98,189,5,ps10_v2_p238,0.07111477851867676,1
7284,98,190,5,ps10_v2_p238,0.07111477851867676,1
7285,98,192,5,ps10_v2_p238,0.07111477851867676,1
7286,98,193,5,ps10_v2_p238,0.07111477851867676,1
7287,98,195,5,ps10_v2_p238,0.07111477851867676,1
7288,98,196,5,ps10_v2_p238,0.07111477851867676,1
7289,99,20,2,ps10_v2_p065,0.10155481845140457,1
7290,99,21,2,ps10_v2_p065,0.10155481845140457,1
7291,99,22,2,ps10_v2_p065,0.10155481845140457,1
7292,99,25,2,ps10_v2_p065,0.10155481845140457,1
7293,99,26,2,ps10_v2_p065,0.10155481845140457,1
7294,99,27,2,ps10_v2_p065,0.10155481845140457,1
7295,99,28,2,ps10_v2_p065,0.10155481845140457,1
7296,99,29,2,ps10_v2_p065,0.10155481845140457,1
7297,99,30,2,ps10_v2_p066,0.11127760261297226,1
7298,99,32,2,ps10_v2_p066,0.11127760261297226,1
7299,99,33,2,ps10_v2_p066,0.11127760261297226,1
7300,99,34,2,ps10_v2_p066,0.11127760261297226,1
7301,99,35,2,ps10_v2_p066,0.11127760261297226,1
7302,99,36,2,ps10_v2_p066,0.11127760261297226,1
7303,99,37,2,ps10_v2_p066,0.11127760261297226,1
7304,99,38,2,ps10_v2_p066,0.11127760261297226,1
7305,99,39,2,ps10_v2_p066,0.11127760261297226,1
7306,99,40,2,ps10_v2_p067,0.1398017257452011,1
7307,99,41,2,ps10_v2_p067,0.1398017257452011,1
7308,99,71,4,ps10_v2_p177,0.11732310056686401,1
7309,99,72,4,ps10_v2_p177,0.11732310056686401,1
7310,99,73,4,ps10_v2_p177,0.11732310056686401,1
7311,99,74,4,ps10_v2_p177,0.11732310056686401,1
7312,99,75,4,ps10_v2_p177,0.11732310056686401,1
7313,99,76,4,ps10_v2_p177,0.11732310056686401,1
7314,99,77,4,ps10_v2_p177,0.11732310056686401,1
7315,99,78,4,ps10_v2_p177,0.11732310056686401,1
7316,99,79,4,ps10_v2_p177,0.11732310056686401,1
7317,99,80,4,ps10_v2_p177,0.11732310056686401,1
7318,99,81,4,ps10_v2_p178,0.12120235711336136,1
7319,99,82,4,ps10_v2_p178,0.12120235711336136,1
7320,99,83,4,ps10_v2_p178,0.12120235711336136,1
7321,99,84,4,ps10_v2_p178,0.12120235711336136,1
7322,99,85,4,ps10_v2_p178,0.12120235711336136,1
7323,99,86,4,ps10_v2_p178,0.12120235711336136,1
7324,99,87,4,ps10_v2_p178,0.12120235711336136,1
7325,99,88,4,ps10_v2_p178,0.12120235711336136,1
7326,99,89,4,ps10_v2_p178,0.12120235711336136,1
7327,99,90,4,ps10_v2_p178,0.12120235711336136,1
7328,99,91,4,ps10_v2_p179,0.11348874121904373,1
7329,99,92,4,ps10_v2_p179,0.11348874121904373,1
7330,99,93,4,ps10_v2_p179,0.11348874121904373,1
7331,99,100,4,ps10_v2_p179,0.11348874121904373,1
7332,99,101,4,ps10_v2_p180,0.11943471431732178,1
7333,99,102,4,ps10_v2_p180,0.11943471431732178,1
7334,99,104,4,ps10_v2_p180,0.11943471431732178,1
7335,99,112,4,ps10_v2_p181,0.09383745491504669,1
7336,99,113,4,ps10_v2_p181,0.09383745491504669,1
7337,99,114,4,ps10_v2_p181,0.09383745491504669,1
7338,99,115,4,ps10_v2_p181,0.09383745491504669,1
7339,99,116,4,ps10_v2_p181,0.09383745491504669,1
7340,99,117,4,ps10_v2_p181,0.09383745491504669,1
7341,99,118,4,ps10_v2_p181,0.09383745491504669,1
7342,99,119,4,ps10_v2_p181,0.09383745491504669,1
7343,99,121,4,,,0
7344,99,122,3,ps10_v2_p112,0.08655240386724472,1
7345,99,123,3,ps10_v2_p112,0.08655240386724472,1
7346,99,125,3,ps10_v2_p113,0.0897107720375061,1
7347,99,126,3,ps10_v2_p113,0.0897107720375061,1
7348,99,127,3,ps10_v2_p113,0.0897107720375061,1
7349,99,128,3,ps10_v2_p113,0.0897107720375061,1
7350,99,129,3,ps10_v2_p113,0.0897107720375061,1
7351,99,130,3,ps10_v2_p113,0.0897107720375061,1
7352,99,131,3,ps10_v2_p113,0.0897107720375061,1
7353,99,132,3,ps10_v2_p113,0.0897107720375061,1
7354,99,133,3,ps10_v2_p113,0.0897107720375061,1
7355,99,134,3,ps10_v2_p114,0.09087638556957245,1
7356,99,138,3,ps10_v2_p114,0.09087638556957245,1
7357,99,139,3,ps10_v2_p114,0.09087638556957245,1
7358,99,140,3,ps10_v2_p114,0.09087638556957245,1
7359,99,141,3,ps10_v2_p114,0.09087638556957245,1
7360,99,143,3,ps10_v2_p114,0.09087638556957245,1
7361,99,149,3,ps10_v2_p115,0.09095853567123413,1
7362,99,150,3,ps10_v2_p115,0.09095853567123413,1
7363,99,151,3,ps10_v2_p115,0.09095853567123413,1
7364,99,152,3,ps10_v2_p115,0.09095853567123413,1
7365,99,156,3,ps10_v2_p116,0.10466285049915314,1
7366,99,158,3,ps10_v2_p116,0.10466285049915314,1
7367,99,159,3,ps10_v2_p116,0.10466285049915314,1
7368,99,160,5,ps10_v2_p236,0.06725507229566574,1
7369,99,161,5,ps10_v2_p236,0.06725507229566574,1
7370,99,162,5,ps10_v2_p236,0.06725507229566574,1
7371,99,163,5,ps10_v2_p236,0.06725507229566574,1
7372,99,164,5,ps10_v2_p236,0.06725507229566574,1
7373,99,166,5,ps10_v2_p236,0.06725507229566574,1
7374,99,188,5,ps10_v2_p237,0.07216611504554749,1
7375,99,189,5,ps10_v2_p238,0.07111477851867676,1
7376,99,191,5,ps10_v2_p238,0.07111477851867676,1
7377,99,192,5,ps10_v2_p238,0.07111477851867676,1
7378,99,194,5,ps10_v2_p238,0.07111477851867676,1
7379,99,195,5,ps10_v2_p238,0.07111477851867676,1
7380,99,225,5,,,0
7381,100,19,2,,,0
7382,100,20,2,ps10_v2_p065,0.10155481845140457,1
7383,100,21,2,ps10_v2_p065,0.10155481845140457,1
7384,100,23,2,ps10_v2_p065,0.10155481845140457,1
7385,100,25,2,ps10_v2_p065,0.10155481845140457,1
7386,100,26,2,ps10_v2_p065,0.10155481845140457,1
7387,100,27,2,ps10_v2_p065,0.10155481845140457,1
7388,100,28,2,ps10_v2_p065,0.10155481845140457,1
7389,100,29,2,ps10_v2_p065,0.10155481845140457,1
7390,100,30,2,ps10_v2_p066,0.11127760261297226,1
7391,100,31,2,ps10_v2_p066,0.11127760261297226,1
7392,100,32,2,ps10_v2_p066,0.11127760261297226,1
7393,100,33,2,ps10_v2_p066,0.11127760261297226,1
7394,100,34,2,ps10_v2_p066,0.11127760261297226,1
7395,100,35,2,ps10_v2_p066,0.11127760261297226,1
7396,100,36,2,ps10_v2_p066,0.11127760261297226,1
7397,100,37,2,ps10_v2_p066,0.11127760261297226,1
7398,100,38,2,ps10_v2_p066,0.11127760261297226,1
7399,100,39,2,ps10_v2_p066,0.11127760261297226,1
7400,100,40,2,ps10_v2_p067,0.1398017257452011,1
7401,100,70,2,,,0
7402,100,71,4,ps10_v2_p177,0.11732310056686401,1
7403,100,72,4,ps10_v2_p177,0.11732310056686401,1
7404,100,73,4,ps10_v2_p177,0.11732310056686401,1
7405,100,74,4,ps10_v2_p177,0.11732310056686401,1
7406,100,75,4,ps10_v2_p177,0.11732310056686401,1
7407,100,76,4,ps10_v2_p177,0.11732310056686401,1
7408,100,77,4,ps10_v2_p177,0.11732310056686401,1
7409,100,78,4,ps10_v2_p177,0.11732310056686401,1
7410,100,79,4,ps10_v2_p177,0.11732310056686401,1
7411,100,80,4,ps10_v2_p177,0.11732310056686401,1
7412,100,81,4,ps10_v2_p178,0.12120235711336136,1
7413,100,82,4,ps10_v2_p178,0.12120235711336136,1
7414,100,83,4,ps10_v2_p178,0.12120235711336136,1
7415,100,84,4,ps10_v2_p178,0.12120235711336136,1
7416,100,85,4,ps10_v2_p178,0.12120235711336136,1
7417,100,86,4,ps10_v2_p178,0.12120235711336136,1
7418,100,87,4,ps10_v2_p178,0.12120235711336136,1
7419,100,88,4,ps10_v2_p178,0.12120235711336136,1
7420,100,89,4,ps10_v2_p178,0.12120235711336136,1
7421,100,90,4,ps10_v2_p178,0.12120235711336136,1
7422,100,91,4,ps10_v2_p179,0.11348874121904373,1
7423,100,92,4,ps10_v2_p179,0.11348874121904373,1
7424,100,93,4,ps10_v2_p179,0.11348874121904373,1
7425,100,94,4,ps10_v2_p179,0.11348874121904373,1
7426,100,95,4,ps10_v2_p179,0.11348874121904373,1
7427,100,96,4,ps10_v2_p179,0.11348874121904373,1
7428,100,97,4,ps10_v2_p179,0.11348874121904373,1
7429,100,99,4,ps10_v2_p179,0.11348874121904373,1
7430,100,100,4,ps10_v2_p179,0.11348874121904373,1
7431,100,102,4,ps10_v2_p180,0.11943471431732178,1
7432,100,103,4,ps10_v2_p180,0.11943471431732178,1
7433,100,113,4,ps10_v2_p181,0.09383745491504669,1
7434,100,114,4,ps10_v2_p181,0.09383745491504669,1
7435,100,115,4,ps10_v2_p181,0.09383745491504669,1
7436,100,116,4,ps10_v2_p181,0.09383745491504669,1
7437,100,117,4,ps10_v2_p181,0.09383745491504669,1
7438,100,118,4,ps10_v2_p181,0.09383745491504669,1
7439,100,119,4,ps10_v2_p181,0.09383745491504669,1
7440,100,120,4,ps10_v2_p181,0.09383745491504669,1
7441,100,121,4,,,0
7442,100,122,3,ps10_v2_p117,0.11427134275436401,1
7443,100,124,3,ps10_v2_p118,0.09034189581871033,1
7444,100,127,3,ps10_v2_p118,0.09034189581871033,1
7445,100,129,3,ps10_v2_p118,0.09034189581871033,1
7446,100,130,3,ps10_v2_p118,0.09034189581871033,1
7447,100,131,3,ps10_v2_p118,0.09034189581871033,1
7448,100,132,3,ps10_v2_p118,0.09034189581871033,1
7449,100,133,3,ps10_v2_p118,0.09034189581871033,1
7450,100,134,3,ps10_v2_p119,0.09964116662740707,1
7451,100,135,3,ps10_v2_p119,0.09964116662740707,1
7452,100,136,3,ps10_v2_p119,0.09964116662740707,1
7453,100,138,3,ps10_v2_p119,0.09964116662740707,1
7454,100,139,3,ps10_v2_p119,0.09964116662740707,1
7455,100,140,3,ps10_v2_p119,0.09964116662740707,1
7456,100,141,3,ps10_v2_p119,0.09964116662740707,1
7457,100,142,3,ps10_v2_p119,0.09964116662740707,1
7458,100,143,3,ps10_v2_p119,0.09964116662740707,1
7459,100,150,3,ps10_v2_p120,0.08906809240579605,1
7460,100,151,3,ps10_v2_p120,0.08906809240579605,1
7461,100,153,3,ps10_v2_p120,0.08906809240579605,1
7462,100,155,3,ps10_v2_p121,0.07313701510429382,1
7463,100,156,3,ps10_v2_p121,0.07313701510429382,1
7464,100,158,3,ps10_v2_p121,0.07313701510429382,1
7465,100,160,3,ps10_v2_p121,0.07313701510429382,1
7466,100,161,5,ps10_v2_p236,0.06725507229566574,1
7467,100,162,5,ps10_v2_p236,0.06725507229566574,1
7468,100,163,5,ps10_v2_p236,0.06725507229566574,1
7469,100,165,5,ps10_v2_p236,0.06725507229566574,1
7470,100,166,5,ps10_v2_p236,0.06725507229566574,1
7471,100,184,5,ps10_v2_p237,0.07216611504554749,1
7472,100,186,5,ps10_v2_p237,0.07216611504554749,1
7473,100,187,5,ps10_v2_p237,0.07216611504554749,1
7474,100,188,5,ps10_v2_p237,0.07216611504554749,1
7475,100,189,5,ps10_v2_p238,0.07111477851867676,1
7476,100,190,5,ps10_v2_p238,0.07111477851867676,1
7477,100,192,5,ps10_v2_p238,0.07111477851867676,1
7478,100,193,5,ps10_v2_p238,0.07111477851867676,1
7479,101,23,2,ps10_v2_p065,0.10155481845140457,1
7480,101,24,2,ps10_v2_p065,0.10155481845140457,1
7481,101,27,2,ps10_v2_p065,0.10155481845140457,1
7482,101,28,2,ps10_v2_p065,0.10155481845140457,1
7483,101,29,2,ps10_v2_p065,0.10155481845140457,1
7484,101,31,2,ps10_v2_p066,0.11127760261297226,1
7485,101,32,2,ps10_v2_p066,0.11127760261297226,1
7486,101,33,2,ps10_v2_p066,0.11127760261297226,1
7487,101,34,2,ps10_v2_p066,0.11127760261297226,1
7488,101,35,2,ps10_v2_p066,0.11127760261297226,1
7489,101,36,2,ps10_v2_p066,0.11127760261297226,1
7490,101,37,2,ps10_v2_p066,0.11127760261297226,1
7491,101,38,2,ps10_v2_p066,0.11127760261297226,1
7492,101,39,2,ps10_v2_p066,0.11127760261297226,1
7493,101,40,2,ps10_v2_p067,0.1398017257452011,1
7494,101,70,2,,,0
7495,101,71,4,ps10_v2_p177,0.11732310056686401,1
7496,101,72,4,ps10_v2_p177,0.11732310056686401,1
7497,101,73,4,ps10_v2_p177,0.11732310056686401,1
7498,101,74,4,ps10_v2_p177,0.11732310056686401,1
7499,101,75,4,ps10_v2_p177,0.11732310056686401,1
7500,101,76,4,ps10_v2_p177,0.11732310056686401,1
7501,101,77,4,ps10_v2_p177,0.11732310056686401,1
7502,101,78,4,ps10_v2_p177,0.11732310056686401,1
7503,101,79,4,ps10_v2_p177,0.11732310056686401,1
7504,101,80,4,ps10_v2_p177,0.11732310056686401,1
7505,101,81,4,ps10_v2_p178,0.12120235711336136,1
7506,101,82,4,ps10_v2_p178,0.12120235711336136,1
7507,101,83,4,ps10_v2_p178,0.12120235711336136,1
7508,101,85,4,ps10_v2_p178,0.12120235711336136,1
7509,101,86,4,ps10_v2_p178,0.12120235711336136,1
7510,101,87,4,ps10_v2_p178,0.12120235711336136,1
7511,101,88,4,ps10_v2_p178,0.12120235711336136,1
7512,101,89,4,ps10_v2_p178,0.12120235711336136,1
7513,101,90,4,ps10_v2_p178,0.12120235711336136,1
7514,101,91,4,ps10_v2_p179,0.11348874121904373,1
7515,101,92,4,ps10_v2_p179,0.11348874121904373,1
7516,101,93,4,ps10_v2_p179,0.11348874121904373,1
7517,101,95,4,ps10_v2_p179,0.11348874121904373,1
7518,101,96,4,ps10_v2_p179,0.11348874121904373,1
7519,101,102,4,ps10_v2_p180,0.11943471431732178,1
7520,101,103,4,ps10_v2_p180,0.11943471431732178,1
7521,101,105,4,ps10_v2_p180,0.11943471431732178,1
7522,101,113,4,ps10_v2_p181,0.09383745491504669,1
7523,101,114,4,ps10_v2_p181,0.09383745491504669,1
7524,101,116,4,ps10_v2_p181,0.09383745491504669,1
7525,101,117,4,ps10_v2_p181,0.09383745491504669,1
7526,101,118,4,ps10_v2_p181,0.09383745491504669,1
7527,101,119,4,ps10_v2_p181,0.09383745491504669,1
7528,101,120,4,ps10_v2_p181,0.09383745491504669,1
7529,101,121,4,,,0
7530,101,123,3,ps10_v2_p117,0.11427134275436401,1
7531,101,125,3,ps10_v2_p118,0.09034189581871033,1
7532,101,127,3,ps10_v2_p118,0.09034189581871033,1
7533,101,128,3,ps10_v2_p118,0.09034189581871033,1
7534,101,129,3,ps10_v2_p118,0.09034189581871033,1
7535,101,130,3,ps10_v2_p118,0.09034189581871033,1
7536,101,131,3,ps10_v2_p118,0.09034189581871033,1
7537,101,132,3,ps10_v2_p118,0.09034189581871033,1
7538,101,133,3,ps10_v2_p118,0.09034189581871033,1
7539,101,135,3,ps10_v2_p119,0.09964116662740707,1
7540,101,139,3,ps10_v2_p119,0.09964116662740707,1
7541,101,141,3,ps10_v2_p119,0.09964116662740707,1
7542,101,142,3,ps10_v2_p119,0.09964116662740707,1
7543,101,143,3,ps10_v2_p119,0.09964116662740707,1
7544,101,150,3,ps10_v2_p120,0.08906809240579605,1
7545,101,154,3,ps10_v2_p121,0.07313701510429382,1
7546,101,155,3,ps10_v2_p121,0.07313701510429382,1
7547,101,157,3,ps10_v2_p121,0.07313701510429382,1
7548,101,159,3,ps10_v2_p121,0.07313701510429382,1
7549,101,160,3,ps10_v2_p121,0.07313701510429382,1
7550,101,161,5,ps10_v2_p236,0.06725507229566574,1
7551,101,162,5,ps10_v2_p236,0.06725507229566574,1
7552,101,164,5,ps10_v2_p236,0.06725507229566574,1
7553,101,165,5,ps10_v2_p236,0.06725507229566574,1
7554,101,167,5,ps10_v2_p236,0.06725507229566574,1
7555,101,180,5,ps10_v2_p237,0.07216611504554749,1
7556,101,182,5,ps10_v2_p237,0.07216611504554749,1
7557,101,186,5,ps10_v2_p237,0.07216611504554749,1
7558,101,188,5,ps10_v2_p237,0.07216611504554749,1
7559,101,189,5,ps10_v2_p238,0.07111477851867676,1
7560,101,191,5,ps10_v2_p238,0.07111477851867676,1
7561,101,192,5,ps10_v2_p238,0.07111477851867676,1
7562,101,224,5,,,0
7563,102,22,2,ps10_v2_p065,0.10155481845140457,1
7564,102,26,2,ps10_v2_p065,0.10155481845140457,1
7565,102,28,2,ps10_v2_p065,0.10155481845140457,1
7566,102,29,2,ps10_v2_p065,0.10155481845140457,1
7567,102,30,2,ps10_v2_p066,0.11127760261297226,1
7568,102,31,2,ps10_v2_p066,0.11127760261297226,1
7569,102,33,2,ps10_v2_p066,0.11127760261297226,1
7570,102,34,2,ps10_v2_p066,0.11127760261297226,1
7571,102,35,2,ps10_v2_p066,0.11127760261297226,1
7572,102,36,2,ps10_v2_p066,0.11127760261297226,1
7573,102,37,2,ps10_v2_p066,0.11127760261297226,1
7574,102,38,2,ps10_v2_p066,0.11127760261297226,1
7575,102,39,2,ps10_v2_p066,0.11127760261297226,1
7576,102,40,2,ps10_v2_p067,0.1398017257452011,1
7577,102,69,2,,,0
7578,102,70,2,,,0
7579,102,71,4,ps10_v2_p177,0.11732310056686401,1
7580,102,72,4,ps10_v2_p177,0.11732310056686401,1
7581,102,73,4,ps10_v2_p177,0.11732310056686401,1
7582,102,74,4,ps10_v2_p177,0.11732310056686401,1
7583,102,75,4,ps10_v2_p177,0.11732310056686401,1
7584,102,76,4,ps10_v2_p177,0.11732310056686401,1
7585,102,77,4,ps10_v2_p177,0.11732310056686401,1
7586,102,78,4,ps10_v2_p177,0.11732310056686401,1
7587,102,79,4,ps10_v2_p177,0.11732310056686401,1
7588,102,80,4,ps10_v2_p177,0.11732310056686401,1
7589,102,81,4,ps10_v2_p178,0.12120235711336136,1
7590,102,82,4,ps10_v2_p178,0.12120235711336136,1
7591,102,83,4,ps10_v2_p178,0.12120235711336136,1
7592,102,84,4,ps10_v2_p178,0.12120235711336136,1
7593,102,85,4,ps10_v2_p178,0.12120235711336136,1
7594,102,86,4,ps10_v2_p178,0.12120235711336136,1
7595,102,87,4,ps10_v2_p178,0.12120235711336136,1
7596,102,88,4,ps10_v2_p178,0.12120235711336136,1
7597,102,89,4,ps10_v2_p178,0.12120235711336136,1
7598,102,90,4,ps10_v2_p178,0.12120235711336136,1
7599,102,91,4,ps10_v2_p179,0.11348874121904373,1
7600,102,92,4,ps10_v2_p179,0.11348874121904373,1
7601,102,93,4,ps10_v2_p179,0.11348874121904373,1
7602,102,94,4,ps10_v2_p179,0.11348874121904373,1
7603,102,95,4,ps10_v2_p179,0.11348874121904373,1
7604,102,96,4,ps10_v2_p179,0.11348874121904373,1
7605,102,97,4,ps10_v2_p179,0.11348874121904373,1
7606,102,98,4,ps10_v2_p179,0.11348874121904373,1
7607,102,99,4,ps10_v2_p179,0.11348874121904373,1
7608,102,102,4,ps10_v2_p180,0.11943471431732178,1
7609,102,105,4,ps10_v2_p180,0.11943471431732178,1
7610,102,107,4,ps10_v2_p180,0.11943471431732178,1
7611,102,113,4,ps10_v2_p181,0.09383745491504669,1
7612,102,115,4,ps10_v2_p181,0.09383745491504669,1
7613,102,116,4,ps10_v2_p181,0.09383745491504669,1
7614,102,117,4,ps10_v2_p181,0.09383745491504669,1
7615,102,118,4,ps10_v2_p181,0.09383745491504669,1
7616,102,119,4,ps10_v2_p181,0.09383745491504669,1
7617,102,120,4,ps10_v2_p181,0.09383745491504669,1
7618,102,121,4,,,0
7619,102,123,3,ps10_v2_p117,0.11427134275436401,1
7620,102,124,3,ps10_v2_p118,0.09034189581871033,1
7621,102,125,3,ps10_v2_p118,0.09034189581871033,1
7622,102,126,3,ps10_v2_p118,0.09034189581871033,1
7623,102,127,3,ps10_v2_p118,0.09034189581871033,1
7624,102,128,3,ps10_v2_p118,0.09034189581871033,1
7625,102,129,3,ps10_v2_p118,0.09034189581871033,1
7626,102,130,3,ps10_v2_p118,0.09034189581871033,1
7627,102,131,3,ps10_v2_p118,0.09034189581871033,1
7628,102,132,3,ps10_v2_p118,0.09034189581871033,1
7629,102,133,3,ps10_v2_p118,0.09034189581871033,1
7630,102,134,3,ps10_v2_p119,0.09964116662740707,1
7631,102,138,3,ps10_v2_p119,0.09964116662740707,1
7632,102,140,3,ps10_v2_p119,0.09964116662740707,1
7633,102,141,3,ps10_v2_p119,0.09964116662740707,1
7634,102,142,3,ps10_v2_p119,0.09964116662740707,1
7635,102,145,3,ps10_v2_p120,0.08906809240579605,1
7636,102,153,3,ps10_v2_p120,0.08906809240579605,1
7637,102,154,3,ps10_v2_p121,0.07313701510429382,1
7638,102,155,3,ps10_v2_p121,0.07313701510429382,1
7639,102,158,3,ps10_v2_p121,0.07313701510429382,1
7640,102,159,3,ps10_v2_p121,0.07313701510429382,1
7641,102,160,3,ps10_v2_p121,0.07313701510429382,1
7642,102,161,3,ps10_v2_p121,0.07313701510429382,1
7643,102,162,5,ps10_v2_p236,0.06725507229566574,1
7644,102,163,5,ps10_v2_p236,0.06725507229566574,1
7645,102,165,5,ps10_v2_p236,0.06725507229566574,1
7646,102,166,5,ps10_v2_p236,0.06725507229566574,1
7647,102,168,5,ps10_v2_p236,0.06725507229566574,1
7648,102,181,5,ps10_v2_p237,0.07216611504554749,1
7649,102,182,5,ps10_v2_p237,0.07216611504554749,1
7650,102,183,5,ps10_v2_p237,0.07216611504554749,1
7651,102,186,5,ps10_v2_p237,0.07216611504554749,1
7652,102,187,5,ps10_v2_p237,0.07216611504554749,1
7653,102,188,5,ps10_v2_p237,0.07216611504554749,1
7654,102,189,5,ps10_v2_p238,0.07111477851867676,1
7655,102,190,5,ps10_v2_p238,0.07111477851867676,1
7656,102,219,5,,,0
7657,103,22,2,ps10_v2_p065,0.10155481845140457,1
7658,103,25,2,ps10_v2_p065,0.10155481845140457,1
7659,103,26,2,ps10_v2_p065,0.10155481845140457,1
7660,103,27,2,ps10_v2_p065,0.10155481845140457,1
7661,103,28,2,ps10_v2_p065,0.10155481845140457,1
7662,103,29,2,ps10_v2_p065,0.10155481845140457,1
7663,103,30,2,ps10_v2_p066,0.11127760261297226,1
7664,103,31,2,ps10_v2_p066,0.11127760261297226,1
7665,103,32,2,ps10_v2_p066,0.11127760261297226,1
7666,103,33,2,ps10_v2_p066,0.11127760261297226,1
7667,103,34,2,ps10_v2_p066,0.11127760261297226,1
7668,103,35,2,ps10_v2_p066,0.11127760261297226,1
7669,103,36,2,ps10_v2_p066,0.11127760261297226,1
7670,103,37,2,ps10_v2_p066,0.11127760261297226,1
7671,103,38,2,ps10_v2_p066,0.11127760261297226,1
7672,103,39,2,ps10_v2_p066,0.11127760261297226,1
7673,103,40,2,ps10_v2_p067,0.1398017257452011,1
7674,103,41,2,ps10_v2_p067,0.1398017257452011,1
7675,103,69,2,,,0
7676,103,70,2,,,0
7677,103,71,4,ps10_v2_p177,0.11732310056686401,1
7678,103,72,4,ps10_v2_p177,0.11732310056686401,1
7679,103,73,4,ps10_v2_p177,0.11732310056686401,1
7680,103,74,4,ps10_v2_p177,0.11732310056686401,1
7681,103,75,4,ps10_v2_p177,0.11732310056686401,1
7682,103,76,4,ps10_v2_p177,0.11732310056686401,1
7683,103,77,4,ps10_v2_p177,0.11732310056686401,1
7684,103,78,4,ps10_v2_p177,0.11732310056686401,1
7685,103,79,4,ps10_v2_p177,0.11732310056686401,1
7686,103,80,4,ps10_v2_p177,0.11732310056686401,1
7687,103,81,4,ps10_v2_p178,0.12120235711336136,1
7688,103,82,4,ps10_v2_p178,0.12120235711336136,1
7689,103,83,4,ps10_v2_p178,0.12120235711336136,1
7690,103,84,4,ps10_v2_p178,0.12120235711336136,1
7691,103,85,4,ps10_v2_p178,0.12120235711336136,1
7692,103,86,4,ps10_v2_p178,0.12120235711336136,1
7693,103,87,4,ps10_v2_p178,0.12120235711336136,1
7694,103,88,4,ps10_v2_p178,0.12120235711336136,1
7695,103,89,4,ps10_v2_p178,0.12120235711336136,1
7696,103,90,4,ps10_v2_p178,0.12120235711336136,1
7697,103,91,4,ps10_v2_p179,0.11348874121904373,1
7698,103,92,4,ps10_v2_p179,0.11348874121904373,1
7699,103,93,4,ps10_v2_p179,0.11348874121904373,1
7700,103,94,4,ps10_v2_p179,0.11348874121904373,1
7701,103,95,4,ps10_v2_p179,0.11348874121904373,1
7702,103,96,4,ps10_v2_p179,0.11348874121904373,1
7703,103,97,4,ps10_v2_p179,0.11348874121904373,1
7704,103,98,4,ps10_v2_p179,0.11348874121904373,1
7705,103,99,4,ps10_v2_p179,0.11348874121904373,1
7706,103,100,4,ps10_v2_p179,0.11348874121904373,1
7707,103,106,4,ps10_v2_p180,0.11943471431732178,1
7708,103,114,4,ps10_v2_p181,0.09383745491504669,1
7709,103,115,4,ps10_v2_p181,0.09383745491504669,1
7710,103,116,4,ps10_v2_p181,0.09383745491504669,1
7711,103,117,4,ps10_v2_p181,0.09383745491504669,1
7712,103,118,4,ps10_v2_p181,0.09383745491504669,1
7713,103,119,4,ps10_v2_p181,0.09383745491504669,1
7714,103,120,4,ps10_v2_p181,0.09383745491504669,1
7715,103,121,4,,,0
7716,103,122,3,ps10_v2_p117,0.11427134275436401,1
7717,103,124,3,ps10_v2_p118,0.09034189581871033,1
7718,103,125,3,ps10_v2_p118,0.09034189581871033,1
7719,103,126,3,ps10_v2_p118,0.09034189581871033,1
7720,103,127,3,ps10_v2_p118,0.09034189581871033,1
7721,103,128,3,ps10_v2_p118,0.09034189581871033,1
7722,103,129,3,ps10_v2_p118,0.09034189581871033,1
7723,103,130,3,ps10_v2_p118,0.09034189581871033,1
7724,103,131,3,ps10_v2_p118,0.09034189581871033,1
7725,103,132,3,ps10_v2_p118,0.09034189581871033,1
7726,103,133,3,ps10_v2_p118,0.09034189581871033,1
7727,103,134,3,ps10_v2_p119,0.09964116662740707,1
7728,103,135,3,ps10_v2_p119,0.09964116662740707,1
7729,103,141,3,ps10_v2_p119,0.09964116662740707,1
7730,103,142,3,ps10_v2_p119,0.09964116662740707,1
7731,103,144,3,ps10_v2_p120,0.08906809240579605,1
7732,103,146,3,ps10_v2_p120,0.08906809240579605,1
7733,103,153,3,ps10_v2_p120,0.08906809240579605,1
7734,103,154,3,ps10_v2_p121,0.07313701510429382,1
7735,103,155,3,ps10_v2_p121,0.07313701510429382,1
7736,103,157,3,ps10_v2_p121,0.07313701510429382,1
7737,103,159,3,ps10_v2_p121,0.07313701510429382,1
7738,103,160,3,ps10_v2_p121,0.07313701510429382,1
7739,103,161,3,ps10_v2_p121,0.07313701510429382,1
7740,103,162,5,ps10_v2_p239,0.07098947465419769,1
7741,103,164,5,ps10_v2_p239,0.07098947465419769,1
7742,103,165,5,ps10_v2_p239,0.07098947465419769,1
7743,103,166,5,ps10_v2_p239,0.07098947465419769,1
7744,103,167,5,ps10_v2_p239,0.07098947465419769,1
7745,103,180,5,ps10_v2_p241,0.08711567521095276,1
7746,103,181,5,ps10_v2_p241,0.08711567521095276,1
7747,103,185,5,ps10_v2_p241,0.08711567521095276,1
7748,103,186,5,ps10_v2_p241,0.08711567521095276,1
7749,103,188,5,ps10_v2_p241,0.08711567521095276,1
7750,103,189,5,,,0
7751,103,191,5,,,0
7752,103,217,5,,,0
7753,104,23,2,ps10_v2_p068,0.08362835645675659,1
7754,104,24,2,ps10_v2_p068,0.08362835645675659,1
7755,104,25,2,ps10_v2_p068,0.08362835645675659,1
7756,104,28,2,ps10_v2_p068,0.08362835645675659,1
7757,104,29,2,ps10_v2_p068,0.08362835645675659,1
7758,104,31,2,ps10_v2_p069,0.07595183700323105,1
7759,104,32,2,ps10_v2_p069,0.07595183700323105,1
7760,104,33,2,ps10_v2_p069,0.07595183700323105,1
7761,104,34,2,ps10_v2_p069,0.07595183700323105,1
7762,104,35,2,ps10_v2_p069,0.07595183700323105,1
7763,104,36,2,ps10_v2_p069,0.07595183700323105,1
7764,104,37,2,ps10_v2_p069,0.07595183700323105,1
7765,104,38,2,ps10_v2_p069,0.07595183700323105,1
7766,104,39,2,ps10_v2_p069,0.07595183700323105,1
7767,104,40,2,ps10_v2_p070,0.09567512571811676,1
7768,104,42,2,ps10_v2_p070,0.09567512571811676,1
7769,104,69,2,,,0
7770,104,70,2,,,0
7771,104,71,4,ps10_v2_p177,0.11732310056686401,1
7772,104,72,4,ps10_v2_p177,0.11732310056686401,1
7773,104,73,4,ps10_v2_p177,0.11732310056686401,1
7774,104,74,4,ps10_v2_p177,0.11732310056686401,1
7775,104,75,4,ps10_v2_p177,0.11732310056686401,1
7776,104,76,4,ps10_v2_p177,0.11732310056686401,1
7777,104,77,4,ps10_v2_p177,0.11732310056686401,1
7778,104,78,4,ps10_v2_p177,0.11732310056686401,1
7779,104,79,4,ps10_v2_p177,0.11732310056686401,1
7780,104,80,4,ps10_v2_p177,0.11732310056686401,1
7781,104,81,4,ps10_v2_p178,0.12120235711336136,1
7782,104,82,4,ps10_v2_p178,0.12120235711336136,1
7783,104,83,4,ps10_v2_p178,0.12120235711336136,1
7784,104,84,4,ps10_v2_p178,0.12120235711336136,1
7785,104,85,4,ps10_v2_p178,0.12120235711336136,1
7786,104,86,4,ps10_v2_p178,0.12120235711336136,1
7787,104,87,4,ps10_v2_p178,0.12120235711336136,1
7788,104,88,4,ps10_v2_p178,0.12120235711336136,1
7789,104,89,4,ps10_v2_p178,0.12120235711336136,1
7790,104,90,4,ps10_v2_p178,0.12120235711336136,1
7791,104,91,4,ps10_v2_p179,0.11348874121904373,1
7792,104,92,4,ps10_v2_p179,0.11348874121904373,1
7793,104,93,4,ps10_v2_p179,0.11348874121904373,1
7794,104,94,4,ps10_v2_p179,0.11348874121904373,1
7795,104,95,4,ps10_v2_p179,0.11348874121904373,1
7796,104,96,4,ps10_v2_p179,0.11348874121904373,1
7797,104,97,4,ps10_v2_p179,0.11348874121904373,1
7798,104,98,4,ps10_v2_p179,0.11348874121904373,1
7799,104,99,4,ps10_v2_p179,0.11348874121904373,1
7800,104,100,4,ps10_v2_p179,0.11348874121904373,1
7801,104,101,4,ps10_v2_p180,0.11943471431732178,1
7802,104,104,4,ps10_v2_p180,0.11943471431732178,1
7803,104,112,4,ps10_v2_p181,0.09383745491504669,1
7804,104,113,4,ps10_v2_p181,0.09383745491504669,1
7805,104,114,4,ps10_v2_p181,0.09383745491504669,1
7806,104,115,4,ps10_v2_p181,0.09383745491504669,1
7807,104,116,4,ps10_v2_p181,0.09383745491504669,1
7808,104,117,4,ps10_v2_p181,0.09383745491504669,1
7809,104,118,4,ps10_v2_p181,0.09383745491504669,1
7810,104,119,4,ps10_v2_p181,0.09383745491504669,1
7811,104,120,4,ps10_v2_p181,0.09383745491504669,1
7812,104,121,4,,,0
7813,104,123,3,ps10_v2_p117,0.11427134275436401,1
7814,104,124,3,ps10_v2_p118,0.09034189581871033,1
7815,104,125,3,ps10_v2_p118,0.09034189581871033,1
7816,104,126,3,ps10_v2_p118,0.09034189581871033,1
7817,104,127,3,ps10_v2_p118,0.09034189581871033,1
7818,104,128,3,ps10_v2_p118,0.09034189581871033,1
7819,104,129,3,ps10_v2_p118,0.09034189581871033,1
7820,104,130,3,ps10_v2_p118,0.09034189581871033,1
7821,104,132,3,ps10_v2_p118,0.09034189581871033,1
7822,104,133,3,ps10_v2_p118,0.09034189581871033,1
7823,104,134,3,ps10_v2_p119,0.09964116662740707,1
7824,104,135,3,ps10_v2_p119,0.09964116662740707,1
7825,104,141,3,ps10_v2_p119,0.09964116662740707,1
7826,104,144,3,ps10_v2_p120,0.08906809240579605,1
7827,104,145,3,ps10_v2_p120,0.08906809240579605,1
7828,104,149,3,ps10_v2_p120,0.08906809240579605,1
7829,104,152,3,ps10_v2_p120,0.08906809240579605,1
7830,104,153,3,ps10_v2_p120,0.08906809240579605,1
7831,104,154,3,ps10_v2_p121,0.07313701510429382,1
7832,104,155,3,ps10_v2_p121,0.07313701510429382,1
7833,104,156,3,ps10_v2_p121,0.07313701510429382,1
7834,104,158,3,ps10_v2_p121,0.07313701510429382,1
7835,104,159,3,ps10_v2_p121,0.07313701510429382,1
7836,104,160,3,ps10_v2_p121,0.07313701510429382,1
7837,104,161,3,ps10_v2_p121,0.07313701510429382,1
7838,104,163,5,ps10_v2_p239,0.07098947465419769,1
7839,104,164,5,ps10_v2_p239,0.07098947465419769,1
7840,104,165,5,ps10_v2_p239,0.07098947465419769,1
7841,104,166,5,ps10_v2_p239,0.07098947465419769,1
7842,104,168,5,ps10_v2_p239,0.07098947465419769,1
7843,104,169,5,ps10_v2_p240,0.07467222958803177,1
7844,104,170,5,ps10_v2_p240,0.07467222958803177,1
7845,104,179,5,ps10_v2_p241,0.08711567521095276,1
7846,104,181,5,ps10_v2_p241,0.08711567521095276,1
7847,104,184,5,ps10_v2_p241,0.08711567521095276,1
7848,104,185,5,ps10_v2_p241,0.08711567521095276,1
7849,104,186,5,ps10_v2_p241,0.08711567521095276,1
7850,104,187,5,ps10_v2_p241,0.08711567521095276,1
7851,104,188,5,ps10_v2_p241,0.08711567521095276,1
7852,104,189,5,,,0
7853,104,190,5,,,0
7854,104,218,5,,,0
7855,104,222,5,,,0
7856,105,21,2,ps10_v2_p068,0.08362835645675659,1
7857,105,24,2,ps10_v2_p068,0.08362835645675659,1
7858,105,28,2,ps10_v2_p068,0.08362835645675659,1
7859,105,29,2,ps10_v2_p068,0.08362835645675659,1
7860,105,30,2,ps10_v2_p069,0.07595183700323105,1
7861,105,31,2,ps10_v2_p069,0.07595183700323105,1
7862,105,32,2,ps10_v2_p069,0.07595183700323105,1
7863,105,33,2,ps10_v2_p069,0.07595183700323105,1
7864,105,34,2,ps10_v2_p069,0.07595183700323105,1
7865,105,35,2,ps10_v2_p069,0.07595183700323105,1
7866,105,36,2,ps10_v2_p069,0.07595183700323105,1
7867,105,37,2,ps10_v2_p069,0.07595183700323105,1
7868,105,38,2,ps10_v2_p069,0.07595183700323105,1
7869,105,39,2,ps10_v2_p069,0.07595183700323105,1
7870,105,42,2,ps10_v2_p070,0.09567512571811676,1
7871,105,43,2,ps10_v2_p070,0.09567512571811676,1
7872,105,69,2,,,0
7873,105,70,2,,,0
7874,105,71,4,ps10_v2_p177,0.11732310056686401,1
7875,105,72,4,ps10_v2_p177,0.11732310056686401,1
7876,105,73,4,ps10_v2_p177,0.11732310056686401,1
7877,105,74,4,ps10_v2_p177,0.11732310056686401,1
7878,105,75,4,ps10_v2_p177,0.11732310056686401,1
7879,105,76,4,ps10_v2_p177,0.11732310056686401,1
7880,105,77,4,ps10_v2_p177,0.11732310056686401,1
7881,105,78,4,ps10_v2_p177,0.11732310056686401,1
7882,105,79,4,ps10_v2_p177,0.11732310056686401,1
7883,105,80,4,ps10_v2_p177,0.11732310056686401,1
7884,105,81,4,ps10_v2_p178,0.12120235711336136,1
7885,105,82,4,ps10_v2_p178,0.12120235711336136,1
7886,105,83,4,ps10_v2_p178,0.12120235711336136,1
7887,105,84,4,ps10_v2_p178,0.12120235711336136,1
7888,105,85,4,ps10_v2_p178,0.12120235711336136,1
7889,105,86,4,ps10_v2_p178,0.12120235711336136,1
7890,105,87,4,ps10_v2_p178,0.12120235711336136,1
7891,105,88,4,ps10_v2_p178,0.12120235711336136,1
7892,105,89,4,ps10_v2_p178,0.12120235711336136,1
7893,105,90,4,ps10_v2_p178,0.12120235711336136,1
7894,105,91,4,ps10_v2_p179,0.11348874121904373,1
7895,105,92,4,ps10_v2_p179,0.11348874121904373,1
7896,105,94,4,ps10_v2_p179,0.11348874121904373,1
7897,105,95,4,ps10_v2_p179,0.11348874121904373,1
7898,105,96,4,ps10_v2_p179,0.11348874121904373,1
7899,105,97,4,ps10_v2_p179,0.11348874121904373,1
7900,105,98,4,ps10_v2_p179,0.11348874121904373,1
7901,105,99,4,ps10_v2_p179,0.11348874121904373,1
7902,105,100,4,ps10_v2_p179,0.11348874121904373,1
7903,105,108,4,ps10_v2_p180,0.11943471431732178,1
7904,105,111,4,ps10_v2_p181,0.09383745491504669,1
7905,105,112,4,ps10_v2_p181,0.09383745491504669,1
7906,105,113,4,ps10_v2_p181,0.09383745491504669,1
7907,105,114,4,ps10_v2_p181,0.09383745491504669,1
7908,105,115,4,ps10_v2_p181,0.09383745491504669,1
7909,105,116,4,ps10_v2_p181,0.09383745491504669,1
7910,105,117,4,ps10_v2_p181,0.09383745491504669,1
7911,105,118,4,ps10_v2_p181,0.09383745491504669,1
7912,105,119,4,ps10_v2_p181,0.09383745491504669,1
7913,105,120,4,ps10_v2_p181,0.09383745491504669,1
7914,105,121,4,,,0
7915,105,122,3,ps10_v2_p117,0.11427134275436401,1
7916,105,124,3,ps10_v2_p118,0.09034189581871033,1
7917,105,125,3,ps10_v2_p118,0.09034189581871033,1
7918,105,126,3,ps10_v2_p118,0.09034189581871033,1
7919,105,127,3,ps10_v2_p118,0.09034189581871033,1
7920,105,128,3,ps10_v2_p118,0.09034189581871033,1
7921,105,130,3,ps10_v2_p118,0.09034189581871033,1
7922,105,131,3,ps10_v2_p118,0.09034189581871033,1
7923,105,132,3,ps10_v2_p118,0.09034189581871033,1
7924,105,133,3,ps10_v2_p118,0.09034189581871033,1
7925,105,134,3,ps10_v2_p119,0.09964116662740707,1
7926,105,135,3,ps10_v2_p119,0.09964116662740707,1
7927,105,136,3,ps10_v2_p119,0.09964116662740707,1
7928,105,137,3,ps10_v2_p119,0.09964116662740707,1
7929,105,141,3,ps10_v2_p119,0.09964116662740707,1
7930,105,143,3,ps10_v2_p119,0.09964116662740707,1
7931,105,144,3,ps10_v2_p120,0.08906809240579605,1
7932,105,145,3,ps10_v2_p120,0.08906809240579605,1
7933,105,146,3,ps10_v2_p120,0.08906809240579605,1
7934,105,152,3,ps10_v2_p120,0.08906809240579605,1
7935,105,153,3,ps10_v2_p120,0.08906809240579605,1
7936,105,155,3,ps10_v2_p121,0.07313701510429382,1
7937,105,156,3,ps10_v2_p121,0.07313701510429382,1
7938,105,157,3,ps10_v2_p121,0.07313701510429382,1
7939,105,158,3,ps10_v2_p121,0.07313701510429382,1
7940,105,160,3,ps10_v2_p121,0.07313701510429382,1
7941,105,162,3,ps10_v2_p121,0.07313701510429382,1
7942,105,164,5,ps10_v2_p239,0.07098947465419769,1
7943,105,165,5,ps10_v2_p239,0.07098947465419769,1
7944,105,166,5,ps10_v2_p239,0.07098947465419769,1
7945,105,167,5,ps10_v2_p239,0.07098947465419769,1
7946,105,169,5,ps10_v2_p240,0.07467222958803177,1
7947,105,170,5,ps10_v2_p240,0.07467222958803177,1
7948,105,178,5,ps10_v2_p240,0.07467222958803177,1
7949,105,179,5,ps10_v2_p241,0.08711567521095276,1
7950,105,180,5,ps10_v2_p241,0.08711567521095276,1
7951,105,181,5,ps10_v2_p241,0.08711567521095276,1
7952,105,183,5,ps10_v2_p241,0.08711567521095276,1
7953,105,185,5,ps10_v2_p241,0.08711567521095276,1
7954,105,186,5,ps10_v2_p241,0.08711567521095276,1
7955,105,188,5,ps10_v2_p241,0.08711567521095276,1
7956,105,189,5,,,0
7957,105,220,5,,,0
7958,106,24,2,ps10_v2_p068,0.08362835645675659,1
7959,106,29,2,ps10_v2_p068,0.08362835645675659,1
7960,106,30,2,ps10_v2_p069,0.07595183700323105,1
7961,106,31,2,ps10_v2_p069,0.07595183700323105,1
7962,106,32,2,ps10_v2_p069,0.07595183700323105,1
7963,106,33,2,ps10_v2_p069,0.07595183700323105,1
7964,106,34,2,ps10_v2_p069,0.07595183700323105,1
7965,106,35,2,ps10_v2_p069,0.07595183700323105,1
7966,106,37,2,ps10_v2_p069,0.07595183700323105,1
7967,106,40,2,ps10_v2_p070,0.09567512571811676,1
7968,106,41,2,ps10_v2_p070,0.09567512571811676,1
7969,106,42,2,ps10_v2_p070,0.09567512571811676,1
7970,106,43,2,ps10_v2_p070,0.09567512571811676,1
7971,106,44,2,ps10_v2_p070,0.09567512571811676,1
7972,106,69,2,,,0
7973,106,70,2,,,0
7974,106,71,4,ps10_v2_p182,0.1409676969051361,1
7975,106,72,4,ps10_v2_p182,0.1409676969051361,1
7976,106,73,4,ps10_v2_p182,0.1409676969051361,1
7977,106,74,4,ps10_v2_p182,0.1409676969051361,1
7978,106,75,4,ps10_v2_p182,0.1409676969051361,1
7979,106,76,4,ps10_v2_p182,0.1409676969051361,1
7980,106,77,4,ps10_v2_p182,0.1409676969051361,1
7981,106,78,4,ps10_v2_p182,0.1409676969051361,1
7982,106,79,4,ps10_v2_p182,0.1409676969051361,1
7983,106,80,4,ps10_v2_p182,0.1409676969051361,1
7984,106,81,4,ps10_v2_p183,0.1398247629404068,1
7985,106,82,4,ps10_v2_p183,0.1398247629404068,1
7986,106,83,4,ps10_v2_p183,0.1398247629404068,1
7987,106,84,4,ps10_v2_p183,0.1398247629404068,1
7988,106,85,4,ps10_v2_p183,0.1398247629404068,1
7989,106,86,4,ps10_v2_p183,0.1398247629404068,1
7990,106,87,4,ps10_v2_p183,0.1398247629404068,1
7991,106,88,4,ps10_v2_p183,0.1398247629404068,1
7992,106,89,4,ps10_v2_p183,0.1398247629404068,1
7993,106,90,4,ps10_v2_p183,0.1398247629404068,1
7994,106,91,4,ps10_v2_p184,0.10858536511659622,1
7995,106,92,4,ps10_v2_p184,0.10858536511659622,1
7996,106,93,4,ps10_v2_p184,0.10858536511659622,1
7997,106,94,4,ps10_v2_p184,0.10858536511659622,1
7998,106,95,4,ps10_v2_p184,0.10858536511659622,1
7999,106,96,4,ps10_v2_p184,0.10858536511659622,1
8000,106,97,4,ps10_v2_p184,0.10858536511659622,1
8001,106,98,4,ps10_v2_p184,0.10858536511659622,1
8002,106,99,4,ps10_v2_p184,0.10858536511659622,1
8003,106,100,4,ps10_v2_p184,0.10858536511659622,1
8004,106,101,4,ps10_v2_p185,0.10941002517938614,1
8005,106,104,4,ps10_v2_p185,0.10941002517938614,1
8006,106,108,4,ps10_v2_p185,0.10941002517938614,1
8007,106,109,4,ps10_v2_p185,0.10941002517938614,1
8008,106,110,4,ps10_v2_p185,0.10941002517938614,1
8009,106,111,4,ps10_v2_p186,0.0947556272149086,1
8010,106,112,4,ps10_v2_p186,0.0947556272149086,1
8011,106,113,4,ps10_v2_p186,0.0947556272149086,1
8012,106,114,4,ps10_v2_p186,0.0947556272149086,1
8013,106,115,4,ps10_v2_p186,0.0947556272149086,1
8014,106,116,4,ps10_v2_p186,0.0947556272149086,1
8015,106,117,4,ps10_v2_p186,0.0947556272149086,1
8016,106,118,4,ps10_v2_p186,0.0947556272149086,1
8017,106,119,4,ps10_v2_p186,0.0947556272149086,1
8018,106,120,4,ps10_v2_p186,0.0947556272149086,1
8019,106,121,4,,,0
8020,106,123,3,ps10_v2_p117,0.11427134275436401,1
8021,106,124,3,ps10_v2_p118,0.09034189581871033,1
8022,106,125,3,ps10_v2_p118,0.09034189581871033,1
8023,106,126,3,ps10_v2_p118,0.09034189581871033,1
8024,106,127,3,ps10_v2_p118,0.09034189581871033,1
8025,106,128,3,ps10_v2_p118,0.09034189581871033,1
8026,106,129,3,ps10_v2_p118,0.09034189581871033,1
8027,106,130,3,ps10_v2_p118,0.09034189581871033,1
8028,106,131,3,ps10_v2_p118,0.09034189581871033,1
8029,106,132,3,ps10_v2_p118,0.09034189581871033,1
8030,106,133,3,ps10_v2_p118,0.09034189581871033,1
8031,106,134,3,ps10_v2_p119,0.09964116662740707,1
8032,106,135,3,ps10_v2_p119,0.09964116662740707,1
8033,106,144,3,ps10_v2_p120,0.08906809240579605,1
8034,106,145,3,ps10_v2_p120,0.08906809240579605,1
8035,106,146,3,ps10_v2_p120,0.08906809240579605,1
8036,106,147,3,ps10_v2_p120,0.08906809240579605,1
8037,106,148,3,ps10_v2_p120,0.08906809240579605,1
8038,106,154,3,ps10_v2_p121,0.07313701510429382,1
8039,106,156,3,ps10_v2_p121,0.07313701510429382,1
8040,106,157,3,ps10_v2_p121,0.07313701510429382,1
8041,106,158,3,ps10_v2_p121,0.07313701510429382,1
8042,106,159,3,ps10_v2_p121,0.07313701510429382,1
8043,106,161,3,ps10_v2_p121,0.07313701510429382,1
8044,106,163,3,ps10_v2_p121,0.07313701510429382,1
8045,106,164,5,ps10_v2_p239,0.07098947465419769,1
8046,106,165,5,ps10_v2_p239,0.07098947465419769,1
8047,106,166,5,ps10_v2_p239,0.07098947465419769,1
8048,106,168,5,ps10_v2_p239,0.07098947465419769,1
8049,106,169,5,ps10_v2_p240,0.07467222958803177,1
8050,106,170,5,ps10_v2_p240,0.07467222958803177,1
8051,106,171,5,ps10_v2_p240,0.07467222958803177,1
8052,106,172,5,ps10_v2_p240,0.07467222958803177,1
8053,106,176,5,ps10_v2_p240,0.07467222958803177,1
8054,106,178,5,ps10_v2_p240,0.07467222958803177,1
8055,106,179,5,ps10_v2_p241,0.08711567521095276,1
8056,106,182,5,ps10_v2_p241,0.08711567521095276,1
8057,106,183,5,ps10_v2_p241,0.08711567521095276,1
8058,106,184,5,ps10_v2_p241,0.08711567521095276,1
8059,106,185,5,ps10_v2_p241,0.08711567521095276,1
8060,106,186,5,ps10_v2_p241,0.08711567521095276,1
8061,106,187,5,ps10_v2_p241,0.08711567521095276,1
8062,106,188,5,ps10_v2_p241,0.08711567521095276,1
8063,106,189,5,,,0
8064,106,190,5,,,0
8065,107,20,2,ps10_v2_p068,0.08362835645675659,1
8066,107,24,2,ps10_v2_p068,0.08362835645675659,1
8067,107,25,2,ps10_v2_p068,0.08362835645675659,1
8068,107,27,2,ps10_v2_p068,0.08362835645675659,1
8069,107,28,2,ps10_v2_p068,0.08362835645675659,1
8070,107,29,2,ps10_v2_p068,0.08362835645675659,1
8071,107,30,2,ps10_v2_p069,0.07595183700323105,1
8072,107,31,2,ps10_v2_p069,0.07595183700323105,1
8073,107,32,2,ps10_v2_p069,0.07595183700323105,1
8074,107,33,2,ps10_v2_p069,0.07595183700323105,1
8075,107,34,2,ps10_v2_p069,0.07595183700323105,1
8076,107,35,2,ps10_v2_p069,0.07595183700323105,1
8077,107,36,2,ps10_v2_p069,0.07595183700323105,1
8078,107,41,2,ps10_v2_p070,0.09567512571811676,1
8079,107,42,2,ps10_v2_p070,0.09567512571811676,1
8080,107,43,2,ps10_v2_p070,0.09567512571811676,1
8081,107,44,2,ps10_v2_p070,0.09567512571811676,1
8082,107,69,2,,,0
8083,107,70,2,,,0
8084,107,71,4,ps10_v2_p182,0.1409676969051361,1
8085,107,72,4,ps10_v2_p182,0.1409676969051361,1
8086,107,73,4,ps10_v2_p182,0.1409676969051361,1
8087,107,74,4,ps10_v2_p182,0.1409676969051361,1
8088,107,75,4,ps10_v2_p182,0.1409676969051361,1
8089,107,76,4,ps10_v2_p182,0.1409676969051361,1
8090,107,77,4,ps10_v2_p182,0.1409676969051361,1
8091,107,78,4,ps10_v2_p182,0.1409676969051361,1
8092,107,79,4,ps10_v2_p182,0.1409676969051361,1
8093,107,80,4,ps10_v2_p182,0.1409676969051361,1
8094,107,81,4,ps10_v2_p183,0.1398247629404068,1
8095,107,82,4,ps10_v2_p183,0.1398247629404068,1
8096,107,83,4,ps10_v2_p183,0.1398247629404068,1
8097,107,84,4,ps10_v2_p183,0.1398247629404068,1
8098,107,85,4,ps10_v2_p183,0.1398247629404068,1
8099,107,86,4,ps10_v2_p183,0.1398247629404068,1
8100,107,87,4,ps10_v2_p183,0.1398247629404068,1
8101,107,88,4,ps10_v2_p183,0.1398247629404068,1
8102,107,89,4,ps10_v2_p183,0.1398247629404068,1
8103,107,90,4,ps10_v2_p183,0.1398247629404068,1
8104,107,91,4,ps10_v2_p184,0.10858536511659622,1
8105,107,92,4,ps10_v2_p184,0.10858536511659622,1
8106,107,93,4,ps10_v2_p184,0.10858536511659622,1
8107,107,94,4,ps10_v2_p184,0.10858536511659622,1
8108,107,95,4,ps10_v2_p184,0.10858536511659622,1
8109,107,96,4,ps10_v2_p184,0.10858536511659622,1
8110,107,97,4,ps10_v2_p184,0.10858536511659622,1
8111,107,98,4,ps10_v2_p184,0.10858536511659622,1
8112,107,99,4,ps10_v2_p184,0.10858536511659622,1
8113,107,100,4,ps10_v2_p184,0.10858536511659622,1
8114,107,101,4,ps10_v2_p185,0.10941002517938614,1
8115,107,102,4,ps10_v2_p185,0.10941002517938614,1
8116,107,108,4,ps10_v2_p185,0.10941002517938614,1
8117,107,109,4,ps10_v2_p185,0.10941002517938614,1
8118,107,110,4,ps10_v2_p185,0.10941002517938614,1
8119,107,111,4,ps10_v2_p186,0.0947556272149086,1
8120,107,112,4,ps10_v2_p186,0.0947556272149086,1
8121,107,113,4,ps10_v2_p186,0.0947556272149086,1
8122,107,114,4,ps10_v2_p186,0.0947556272149086,1
8123,107,115,4,ps10_v2_p186,0.0947556272149086,1
8124,107,116,4,ps10_v2_p186,0.0947556272149086,1
8125,107,117,4,ps10_v2_p186,0.0947556272149086,1
8126,107,118,4,ps10_v2_p186,0.0947556272149086,1
8127,107,119,4,ps10_v2_p186,0.0947556272149086,1
8128,107,120,4,ps10_v2_p186,0.0947556272149086,1
8129,107,121,4,,,0
8130,107,122,3,ps10_v2_p117,0.11427134275436401,1
8131,107,123,3,ps10_v2_p117,0.11427134275436401,1
8132,107,124,3,ps10_v2_p118,0.09034189581871033,1
8133,107,126,3,ps10_v2_p118,0.09034189581871033,1
8134,107,127,3,ps10_v2_p118,0.09034189581871033,1
8135,107,128,3,ps10_v2_p118,0.09034189581871033,1
8136,107,129,3,ps10_v2_p118,0.09034189581871033,1
8137,107,130,3,ps10_v2_p118,0.09034189581871033,1
8138,107,131,3,ps10_v2_p118,0.09034189581871033,1
8139,107,132,3,ps10_v2_p118,0.09034189581871033,1
8140,107,133,3,ps10_v2_p118,0.09034189581871033,1
8141,107,134,3,ps10_v2_p119,0.09964116662740707,1
8142,107,135,3,ps10_v2_p119,0.09964116662740707,1
8143,107,136,3,ps10_v2_p119,0.09964116662740707,1
8144,107,138,3,ps10_v2_p119,0.09964116662740707,1
8145,107,144,3,ps10_v2_p120,0.08906809240579605,1
8146,107,145,3,ps10_v2_p120,0.08906809240579605,1
8147,107,146,3,ps10_v2_p120,0.08906809240579605,1
8148,107,147,3,ps10_v2_p120,0.08906809240579605,1
8149,107,149,3,ps10_v2_p120,0.08906809240579605,1
8150,107,150,3,ps10_v2_p120,0.08906809240579605,1
8151,107,155,3,ps10_v2_p121,0.07313701510429382,1
8152,107,157,3,ps10_v2_p121,0.07313701510429382,1
8153,107,158,3,ps10_v2_p121,0.07313701510429382,1
8154,107,160,3,ps10_v2_p121,0.07313701510429382,1
8155,107,162,3,ps10_v2_p121,0.07313701510429382,1
8156,107,164,5,ps10_v2_p239,0.07098947465419769,1
8157,107,165,5,ps10_v2_p239,0.07098947465419769,1
8158,107,167,5,ps10_v2_p239,0.07098947465419769,1
8159,107,168,5,ps10_v2_p239,0.07098947465419769,1
8160,107,169,5,ps10_v2_p240,0.07467222958803177,1
8161,107,170,5,ps10_v2_p240,0.07467222958803177,1
8162,107,172,5,ps10_v2_p240,0.07467222958803177,1
8163,107,177,5,ps10_v2_p240,0.07467222958803177,1
8164,107,178,5,ps10_v2_p240,0.07467222958803177,1
8165,107,180,5,ps10_v2_p241,0.08711567521095276,1
8166,107,181,5,ps10_v2_p241,0.08711567521095276,1
8167,107,182,5,ps10_v2_p241,0.08711567521095276,1
8168,107,183,5,ps10_v2_p241,0.08711567521095276,1
8169,107,185,5,ps10_v2_p241,0.08711567521095276,1
8170,107,186,5,ps10_v2_p241,0.08711567521095276,1
8171,107,188,5,ps10_v2_p241,0.08711567521095276,1
8172,107,189,5,,,0
8173,107,217,5,,,0
8174,108,23,2,ps10_v2_p068,0.08362835645675659,1
8175,108,24,2,ps10_v2_p068,0.08362835645675659,1
8176,108,25,2,ps10_v2_p068,0.08362835645675659,1
8177,108,26,2,ps10_v2_p068,0.08362835645675659,1
8178,108,27,2,ps10_v2_p068,0.08362835645675659,1
8179,108,29,2,ps10_v2_p068,0.08362835645675659,1
8180,108,31,2,ps10_v2_p069,0.07595183700323105,1
8181,108,32,2,ps10_v2_p069,0.07595183700323105,1
8182,108,33,2,ps10_v2_p069,0.07595183700323105,1
8183,108,34,2,ps10_v2_p069,0.07595183700323105,1
8184,108,40,2,ps10_v2_p070,0.09567512571811676,1
8185,108,41,2,ps10_v2_p070,0.09567512571811676,1
8186,108,42,2,ps10_v2_p070,0.09567512571811676,1
8187,108,43,2,ps10_v2_p070,0.09567512571811676,1
8188,108,44,2,ps10_v2_p070,0.09567512571811676,1
8189,108,45,2,ps10_v2_p070,0.09567512571811676,1
8190,108,70,2,,,0
8191,108,71,4,ps10_v2_p182,0.1409676969051361,1
8192,108,72,4,ps10_v2_p182,0.1409676969051361,1
8193,108,73,4,ps10_v2_p182,0.1409676969051361,1
8194,108,74,4,ps10_v2_p182,0.1409676969051361,1
8195,108,75,4,ps10_v2_p182,0.1409676969051361,1
8196,108,76,4,ps10_v2_p182,0.1409676969051361,1
8197,108,77,4,ps10_v2_p182,0.1409676969051361,1
8198,108,78,4,ps10_v2_p182,0.1409676969051361,1
8199,108,79,4,ps10_v2_p182,0.1409676969051361,1
8200,108,80,4,ps10_v2_p182,0.1409676969051361,1
8201,108,81,4,ps10_v2_p183,0.1398247629404068,1
8202,108,82,4,ps10_v2_p183,0.1398247629404068,1
8203,108,83,4,ps10_v2_p183,0.1398247629404068,1
8204,108,84,4,ps10_v2_p183,0.1398247629404068,1
8205,108,85,4,ps10_v2_p183,0.1398247629404068,1
8206,108,86,4,ps10_v2_p183,0.1398247629404068,1
8207,108,87,4,ps10_v2_p183,0.1398247629404068,1
8208,108,88,4,ps10_v2_p183,0.1398247629404068,1
8209,108,89,4,ps10_v2_p183,0.1398247629404068,1
8210,108,90,4,ps10_v2_p183,0.1398247629404068,1
8211,108,91,4,ps10_v2_p184,0.10858536511659622,1
8212,108,92,4,ps10_v2_p184,0.10858536511659622,1
8213,108,93,4,ps10_v2_p184,0.10858536511659622,1
8214,108,94,4,ps10_v2_p184,0.10858536511659622,1
8215,108,95,4,ps10_v2_p184,0.10858536511659622,1
8216,108,96,4,ps10_v2_p184,0.10858536511659622,1
8217,108,97,4,ps10_v2_p184,0.10858536511659622,1
8218,108,98,4,ps10_v2_p184,0.10858536511659622,1
8219,108,99,4,ps10_v2_p184,0.10858536511659622,1
8220,108,100,4,ps10_v2_p184,0.10858536511659622,1
8221,108,101,4,ps10_v2_p185,0.10941002517938614,1
8222,108,102,4,ps10_v2_p185,0.10941002517938614,1
8223,108,107,4,ps10_v2_p185,0.10941002517938614,1
8224,108,108,4,ps10_v2_p185,0.10941002517938614,1
8225,108,109,4,ps10_v2_p185,0.10941002517938614,1
8226,108,111,4,ps10_v2_p186,0.0947556272149086,1
8227,108,112,4,ps10_v2_p186,0.0947556272149086,1
8228,108,113,4,ps10_v2_p186,0.0947556272149086,1
8229,108,114,4,ps10_v2_p186,0.0947556272149086,1
8230,108,115,4,ps10_v2_p186,0.0947556272149086,1
8231,108,116,4,ps10_v2_p186,0.0947556272149086,1
8232,108,117,4,ps10_v2_p186,0.0947556272149086,1
8233,108,118,4,ps10_v2_p186,0.0947556272149086,1
8234,108,119,4,ps10_v2_p186,0.0947556272149086,1
8235,108,120,4,ps10_v2_p186,0.0947556272149086,1
8236,108,121,4,,,0
8237,108,122,3,ps10_v2_p117,0.11427134275436401,1
8238,108,123,3,ps10_v2_p117,0.11427134275436401,1
8239,108,124,3,ps10_v2_p118,0.09034189581871033,1
8240,108,125,3,ps10_v2_p118,0.09034189581871033,1
8241,108,126,3,ps10_v2_p118,0.09034189581871033,1
8242,108,127,3,ps10_v2_p118,0.09034189581871033,1
8243,108,128,3,ps10_v2_p118,0.09034189581871033,1
8244,108,129,3,ps10_v2_p118,0.09034189581871033,1
8245,108,130,3,ps10_v2_p118,0.09034189581871033,1
8246,108,131,3,ps10_v2_p118,0.09034189581871033,1
8247,108,132,3,ps10_v2_p118,0.09034189581871033,1
8248,108,133,3,ps10_v2_p118,0.09034189581871033,1
8249,108,134,3,ps10_v2_p119,0.09964116662740707,1
8250,108,135,3,ps10_v2_p119,0.09964116662740707,1
8251,108,137,3,ps10_v2_p119,0.09964116662740707,1
8252,108,138,3,ps10_v2_p119,0.09964116662740707,1
8253,108,145,3,ps10_v2_p120,0.08906809240579605,1
8254,108,146,3,ps10_v2_p120,0.08906809240579605,1
8255,108,147,3,ps10_v2_p120,0.08906809240579605,1
8256,108,149,3,ps10_v2_p120,0.08906809240579605,1
8257,108,157,3,ps10_v2_p121,0.07313701510429382,1
8258,108,158,3,ps10_v2_p121,0.07313701510429382,1
8259,108,159,3,ps10_v2_p121,0.07313701510429382,1
8260,108,161,3,ps10_v2_p121,0.07313701510429382,1
8261,108,162,3,ps10_v2_p121,0.07313701510429382,1
8262,108,163,3,ps10_v2_p121,0.07313701510429382,1
8263,108,164,3,,,0
8264,108,165,5,ps10_v2_p239,0.07098947465419769,1
8265,108,166,5,ps10_v2_p239,0.07098947465419769,1
8266,108,167,5,ps10_v2_p239,0.07098947465419769,1
8267,108,168,5,ps10_v2_p239,0.07098947465419769,1
8268,108,169,5,ps10_v2_p240,0.07467222958803177,1
8269,108,171,5,ps10_v2_p240,0.07467222958803177,1
8270,108,176,5,ps10_v2_p240,0.07467222958803177,1
8271,108,177,5,ps10_v2_p240,0.07467222958803177,1
8272,108,178,5,ps10_v2_p240,0.07467222958803177,1
8273,108,179,5,ps10_v2_p241,0.08711567521095276,1
8274,108,181,5,ps10_v2_p241,0.08711567521095276,1
8275,108,182,5,ps10_v2_p241,0.08711567521095276,1
8276,108,184,5,ps10_v2_p241,0.08711567521095276,1
8277,108,185,5,ps10_v2_p241,0.08711567521095276,1
8278,108,186,5,ps10_v2_p241,0.08711567521095276,1
8279,108,187,5,ps10_v2_p241,0.08711567521095276,1
8280,109,22,2,ps10_v2_p068,0.08362835645675659,1
8281,109,23,2,ps10_v2_p068,0.08362835645675659,1
8282,109,24,2,ps10_v2_p068,0.08362835645675659,1
8283,109,25,2,ps10_v2_p068,0.08362835645675659,1
8284,109,26,2,ps10_v2_p068,0.08362835645675659,1
8285,109,27,2,ps10_v2_p068,0.08362835645675659,1
8286,109,29,2,ps10_v2_p068,0.08362835645675659,1
8287,109,30,2,ps10_v2_p069,0.07595183700323105,1
8288,109,32,2,ps10_v2_p069,0.07595183700323105,1
8289,109,39,2,ps10_v2_p069,0.07595183700323105,1
8290,109,40,2,ps10_v2_p070,0.09567512571811676,1
8291,109,41,2,ps10_v2_p070,0.09567512571811676,1
8292,109,42,2,ps10_v2_p070,0.09567512571811676,1
8293,109,43,2,ps10_v2_p070,0.09567512571811676,1
8294,109,44,2,ps10_v2_p070,0.09567512571811676,1
8295,109,45,2,ps10_v2_p070,0.09567512571811676,1
8296,109,54,2,,,0
8297,109,55,2,,,0
8298,109,71,4,ps10_v2_p182,0.1409676969051361,1
8299,109,72,4,ps10_v2_p182,0.1409676969051361,1
8300,109,73,4,ps10_v2_p182,0.1409676969051361,1
8301,109,74,4,ps10_v2_p182,0.1409676969051361,1
8302,109,75,4,ps10_v2_p182,0.1409676969051361,1
8303,109,76,4,ps10_v2_p182,0.1409676969051361,1
8304,109,77,4,ps10_v2_p182,0.1409676969051361,1
8305,109,78,4,ps10_v2_p182,0.1409676969051361,1
8306,109,79,4,ps10_v2_p182,0.1409676969051361,1
8307,109,80,4,ps10_v2_p182,0.1409676969051361,1
8308,109,81,4,ps10_v2_p183,0.1398247629404068,1
8309,109,82,4,ps10_v2_p183,0.1398247629404068,1
8310,109,83,4,ps10_v2_p183,0.1398247629404068,1
8311,109,84,4,ps10_v2_p183,0.1398247629404068,1
8312,109,85,4,ps10_v2_p183,0.1398247629404068,1
8313,109,86,4,ps10_v2_p183,0.1398247629404068,1
8314,109,87,4,ps10_v2_p183,0.1398247629404068,1
8315,109,88,4,ps10_v2_p183,0.1398247629404068,1
8316,109,89,4,ps10_v2_p183,0.1398247629404068,1
8317,109,90,4,ps10_v2_p183,0.1398247629404068,1
8318,109,91,4,ps10_v2_p184,0.10858536511659622,1
8319,109,92,4,ps10_v2_p184,0.10858536511659622,1
8320,109,93,4,ps10_v2_p184,0.10858536511659622,1
8321,109,94,4,ps10_v2_p184,0.10858536511659622,1
8322,109,95,4,ps10_v2_p184,0.10858536511659622,1
8323,109,96,4,ps10_v2_p184,0.10858536511659622,1
8324,109,97,4,ps10_v2_p184,0.10858536511659622,1
8325,109,98,4,ps10_v2_p184,0.10858536511659622,1
8326,109,99,4,ps10_v2_p184,0.10858536511659622,1
8327,109,100,4,ps10_v2_p184,0.10858536511659622,1
8328,109,101,4,ps10_v2_p185,0.10941002517938614,1
8329,109,102,4,ps10_v2_p185,0.10941002517938614,1
8330,109,103,4,ps10_v2_p185,0.10941002517938614,1
8331,109,104,4,ps10_v2_p185,0.10941002517938614,1
8332,109,107,4,ps10_v2_p185,0.10941002517938614,1
8333,109,110,4,ps10_v2_p185,0.10941002517938614,1
8334,109,112,4,ps10_v2_p186,0.0947556272149086,1
8335,109,113,4,ps10_v2_p186,0.0947556272149086,1
8336,109,114,4,ps10_v2_p186,0.0947556272149086,1
8337,109,115,4,ps10_v2_p186,0.0947556272149086,1
8338,109,116,4,ps10_v2_p186,0.0947556272149086,1
8339,109,117,4,ps10_v2_p186,0.0947556272149086,1
8340,109,118,4,ps10_v2_p186,0.0947556272149086,1
8341,109,119,4,ps10_v2_p186,0.0947556272149086,1
8342,109,120,4,ps10_v2_p186,0.0947556272149086,1
8343,109,121,4,,,0
8344,109,122,3,ps10_v2_p117,0.11427134275436401,1
8345,109,123,3,ps10_v2_p117,0.11427134275436401,1
8346,109,125,3,ps10_v2_p118,0.09034189581871033,1
8347,109,126,3,ps10_v2_p118,0.09034189581871033,1
8348,109,127,3,ps10_v2_p118,0.09034189581871033,1
8349,109,128,3,ps10_v2_p118,0.09034189581871033,1
8350,109,129,3,ps10_v2_p118,0.09034189581871033,1
8351,109,130,3,ps10_v2_p118,0.09034189581871033,1
8352,109,131,3,ps10_v2_p118,0.09034189581871033,1
8353,109,132,3,ps10_v2_p118,0.09034189581871033,1
8354,109,134,3,ps10_v2_p119,0.09964116662740707,1
8355,109,136,3,ps10_v2_p119,0.09964116662740707,1
8356,109,138,3,ps10_v2_p119,0.09964116662740707,1
8357,109,140,3,ps10_v2_p119,0.09964116662740707,1
8358,109,144,3,ps10_v2_p120,0.08906809240579605,1
8359,109,145,3,ps10_v2_p120,0.08906809240579605,1
8360,109,146,3,ps10_v2_p120,0.08906809240579605,1
8361,109,147,3,ps10_v2_p120,0.08906809240579605,1
8362,109,148,3,ps10_v2_p120,0.08906809240579605,1
8363,109,149,3,ps10_v2_p120,0.08906809240579605,1
8364,109,151,3,ps10_v2_p120,0.08906809240579605,1
8365,109,152,3,ps10_v2_p120,0.08906809240579605,1
8366,109,153,3,ps10_v2_p120,0.08906809240579605,1
8367,109,157,3,ps10_v2_p121,0.07313701510429382,1
8368,109,158,3,ps10_v2_p121,0.07313701510429382,1
8369,109,159,3,ps10_v2_p121,0.07313701510429382,1
8370,109,160,3,ps10_v2_p121,0.07313701510429382,1
8371,109,162,3,ps10_v2_p121,0.07313701510429382,1
8372,109,163,3,ps10_v2_p121,0.07313701510429382,1
8373,109,164,3,,,0
8374,109,165,5,ps10_v2_p239,0.07098947465419769,1
8375,109,167,5,ps10_v2_p239,0.07098947465419769,1
8376,109,168,5,ps10_v2_p239,0.07098947465419769,1
8377,109,169,5,ps10_v2_p240,0.07467222958803177,1
8378,109,170,5,ps10_v2_p240,0.07467222958803177,1
8379,109,172,5,ps10_v2_p240,0.07467222958803177,1
8380,109,175,5,ps10_v2_p240,0.07467222958803177,1
8381,109,177,5,ps10_v2_p240,0.07467222958803177,1
8382,109,180,5,ps10_v2_p241,0.08711567521095276,1
8383,109,181,5,ps10_v2_p241,0.08711567521095276,1
8384,109,182,5,ps10_v2_p241,0.08711567521095276,1
8385,109,183,5,ps10_v2_p241,0.08711567521095276,1
8386,109,184,5,ps10_v2_p241,0.08711567521095276,1
8387,109,185,5,ps10_v2_p241,0.08711567521095276,1
8388,109,186,5,ps10_v2_p241,0.08711567521095276,1
8389,109,195,5,,,0
8390,109,216,5,,,0
8391,110,0,2,,,0
8392,110,22,2,ps10_v2_p068,0.08362835645675659,1
8393,110,23,2,ps10_v2_p068,0.08362835645675659,1
8394,110,24,2,ps10_v2_p068,0.08362835645675659,1
8395,110,28,2,ps10_v2_p068,0.08362835645675659,1
8396,110,29,2,ps10_v2_p068,0.08362835645675659,1
8397,110,30,2,ps10_v2_p069,0.07595183700323105,1
8398,110,31,2,ps10_v2_p069,0.07595183700323105,1
8399,110,33,2,ps10_v2_p069,0.07595183700323105,1
8400,110,34,2,ps10_v2_p069,0.07595183700323105,1
8401,110,35,2,ps10_v2_p069,0.07595183700323105,1
8402,110,36,2,ps10_v2_p069,0.07595183700323105,1
8403,110,37,2,ps10_v2_p069,0.07595183700323105,1
8404,110,38,2,ps10_v2_p069,0.07595183700323105,1
8405,110,39,2,ps10_v2_p069,0.07595183700323105,1
8406,110,40,2,ps10_v2_p070,0.09567512571811676,1
8407,110,41,2,ps10_v2_p070,0.09567512571811676,1
8408,110,42,2,ps10_v2_p070,0.09567512571811676,1
8409,110,43,2,ps10_v2_p070,0.09567512571811676,1
8410,110,44,2,ps10_v2_p070,0.09567512571811676,1
8411,110,45,2,ps10_v2_p070,0.09567512571811676,1
8412,110,46,2,ps10_v2_p070,0.09567512571811676,1
8413,110,47,2,ps10_v2_p070,0.09567512571811676,1
8414,110,72,4,ps10_v2_p182,0.1409676969051361,1
8415,110,73,4,ps10_v2_p182,0.1409676969051361,1
8416,110,74,4,ps10_v2_p182,0.1409676969051361,1
8417,110,75,4,ps10_v2_p182,0.1409676969051361,1
8418,110,76,4,ps10_v2_p182,0.1409676969051361,1
8419,110,77,4,ps10_v2_p182,0.1409676969051361,1
8420,110,78,4,ps10_v2_p182,0.1409676969051361,1
8421,110,79,4,ps10_v2_p182,0.1409676969051361,1
8422,110,80,4,ps10_v2_p182,0.1409676969051361,1
8423,110,81,4,ps10_v2_p183,0.1398247629404068,1
8424,110,82,4,ps10_v2_p183,0.1398247629404068,1
8425,110,83,4,ps10_v2_p183,0.1398247629404068,1
8426,110,84,4,ps10_v2_p183,0.1398247629404068,1
8427,110,85,4,ps10_v2_p183,0.1398247629404068,1
8428,110,86,4,ps10_v2_p183,0.1398247629404068,1
8429,110,87,4,ps10_v2_p183,0.1398247629404068,1
8430,110,88,4,ps10_v2_p183,0.1398247629404068,1
8431,110,89,4,ps10_v2_p183,0.1398247629404068,1
8432,110,90,4,ps10_v2_p183,0.1398247629404068,1
8433,110,91,4,ps10_v2_p184,0.10858536511659622,1
8434,110,92,4,ps10_v2_p184,0.10858536511659622,1
8435,110,93,4,ps10_v2_p184,0.10858536511659622,1
8436,110,94,4,ps10_v2_p184,0.10858536511659622,1
8437,110,95,4,ps10_v2_p184,0.10858536511659622,1
8438,110,97,4,ps10_v2_p184,0.10858536511659622,1
8439,110,98,4,ps10_v2_p184,0.10858536511659622,1
8440,110,99,4,ps10_v2_p184,0.10858536511659622,1
8441,110,100,4,ps10_v2_p184,0.10858536511659622,1
8442,110,101,4,ps10_v2_p185,0.10941002517938614,1
8443,110,102,4,ps10_v2_p185,0.10941002517938614,1
8444,110,103,4,ps10_v2_p185,0.10941002517938614,1
8445,110,109,4,ps10_v2_p185,0.10941002517938614,1
8446,110,110,4,ps10_v2_p185,0.10941002517938614,1
8447,110,111,4,ps10_v2_p186,0.0947556272149086,1
8448,110,112,4,ps10_v2_p186,0.0947556272149086,1
8449,110,113,4,ps10_v2_p186,0.0947556272149086,1
8450,110,114,4,ps10_v2_p186,0.0947556272149086,1
8451,110,115,4,ps10_v2_p186,0.0947556272149086,1
8452,110,116,4,ps10_v2_p186,0.0947556272149086,1
8453,110,117,4,ps10_v2_p186,0.0947556272149086,1
8454,110,118,4,ps10_v2_p186,0.0947556272149086,1
8455,110,119,4,ps10_v2_p186,0.0947556272149086,1
8456,110,120,4,ps10_v2_p186,0.0947556272149086,1
8457,110,121,4,,,0
8458,110,122,3,ps10_v2_p122,0.0820864662528038,1
8459,110,123,3,ps10_v2_p122,0.0820864662528038,1
8460,110,124,3,ps10_v2_p123,0.10118143260478973,1
8461,110,125,3,ps10_v2_p123,0.10118143260478973,1
8462,110,126,3,ps10_v2_p123,0.10118143260478973,1
8463,110,127,3,ps10_v2_p123,0.10118143260478973,1
8464,110,128,3,ps10_v2_p123,0.10118143260478973,1
8465,110,129,3,ps10_v2_p123,0.10118143260478973,1
8466,110,130,3,ps10_v2_p123,0.10118143260478973,1
8467,110,131,3,ps10_v2_p123,0.10118143260478973,1
8468,110,133,3,ps10_v2_p123,0.10118143260478973,1
8469,110,134,3,ps10_v2_p124,0.09734419733285904,1
8470,110,135,3,ps10_v2_p124,0.09734419733285904,1
8471,110,136,3,ps10_v2_p124,0.09734419733285904,1
8472,110,137,3,ps10_v2_p124,0.09734419733285904,1
8473,110,138,3,ps10_v2_p124,0.09734419733285904,1
8474,110,139,3,ps10_v2_p124,0.09734419733285904,1
8475,110,143,3,ps10_v2_p124,0.09734419733285904,1
8476,110,144,3,ps10_v2_p125,0.09400170296430588,1
8477,110,145,3,ps10_v2_p125,0.09400170296430588,1
8478,110,146,3,ps10_v2_p125,0.09400170296430588,1
8479,110,147,3,ps10_v2_p125,0.09400170296430588,1
8480,110,148,3,ps10_v2_p125,0.09400170296430588,1
8481,110,149,3,ps10_v2_p125,0.09400170296430588,1
8482,110,150,3,ps10_v2_p125,0.09400170296430588,1
8483,110,152,3,ps10_v2_p125,0.09400170296430588,1
8484,110,156,3,ps10_v2_p126,0.09423813968896866,1
8485,110,157,3,ps10_v2_p126,0.09423813968896866,1
8486,110,158,3,ps10_v2_p126,0.09423813968896866,1
8487,110,159,3,ps10_v2_p126,0.09423813968896866,1
8488,110,161,3,ps10_v2_p126,0.09423813968896866,1
8489,110,162,3,ps10_v2_p126,0.09423813968896866,1
8490,110,163,3,ps10_v2_p126,0.09423813968896866,1
8491,110,164,3,ps10_v2_p127,0.07610534876585007,1
8492,110,166,5,ps10_v2_p239,0.07098947465419769,1
8493,110,167,5,ps10_v2_p239,0.07098947465419769,1
8494,110,168,5,ps10_v2_p239,0.07098947465419769,1
8495,110,169,5,ps10_v2_p240,0.07467222958803177,1
8496,110,170,5,ps10_v2_p240,0.07467222958803177,1
8497,110,171,5,ps10_v2_p240,0.07467222958803177,1
8498,110,172,5,ps10_v2_p240,0.07467222958803177,1
8499,110,174,5,ps10_v2_p240,0.07467222958803177,1
8500,110,176,5,ps10_v2_p240,0.07467222958803177,1
8501,110,178,5,ps10_v2_p240,0.07467222958803177,1
8502,110,179,5,ps10_v2_p241,0.08711567521095276,1
8503,110,180,5,ps10_v2_p241,0.08711567521095276,1
8504,110,181,5,ps10_v2_p241,0.08711567521095276,1
8505,110,182,5,ps10_v2_p241,0.08711567521095276,1
8506,110,184,5,ps10_v2_p241,0.08711567521095276,1
8507,110,185,5,ps10_v2_p241,0.08711567521095276,1
8508,110,186,5,ps10_v2_p241,0.08711567521095276,1
8509,110,187,5,ps10_v2_p241,0.08711567521095276,1
8510,111,24,2,ps10_v2_p068,0.08362835645675659,1
8511,111,27,2,ps10_v2_p068,0.08362835645675659,1
8512,111,28,2,ps10_v2_p068,0.08362835645675659,1
8513,111,30,2,ps10_v2_p069,0.07595183700323105,1
8514,111,32,2,ps10_v2_p069,0.07595183700323105,1
8515,111,33,2,ps10_v2_p069,0.07595183700323105,1
8516,111,34,2,ps10_v2_p069,0.07595183700323105,1
8517,111,35,2,ps10_v2_p069,0.07595183700323105,1
8518,111,36,2,ps10_v2_p069,0.07595183700323105,1
8519,111,39,2,ps10_v2_p069,0.07595183700323105,1
8520,111,40,2,ps10_v2_p070,0.09567512571811676,1
8521,111,41,2,ps10_v2_p070,0.09567512571811676,1
8522,111,42,2,ps10_v2_p070,0.09567512571811676,1
8523,111,43,2,ps10_v2_p070,0.09567512571811676,1
8524,111,44,2,ps10_v2_p070,0.09567512571811676,1
8525,111,45,2,ps10_v2_p070,0.09567512571811676,1
8526,111,46,2,ps10_v2_p070,0.09567512571811676,1
8527,111,48,2,ps10_v2_p070,0.09567512571811676,1
8528,111,72,4,ps10_v2_p182,0.1409676969051361,1
8529,111,73,4,ps10_v2_p182,0.1409676969051361,1
8530,111,74,4,ps10_v2_p182,0.1409676969051361,1
8531,111,75,4,ps10_v2_p182,0.1409676969051361,1
8532,111,76,4,ps10_v2_p182,0.1409676969051361,1
8533,111,77,4,ps10_v2_p182,0.1409676969051361,1
8534,111,78,4,ps10_v2_p182,0.1409676969051361,1
8535,111,79,4,ps10_v2_p182,0.1409676969051361,1
8536,111,80,4,ps10_v2_p182,0.1409676969051361,1
8537,111,81,4,ps10_v2_p183,0.1398247629404068,1
8538,111,82,4,ps10_v2_p183,0.1398247629404068,1
8539,111,83,4,ps10_v2_p183,0.1398247629404068,1
8540,111,84,4,ps10_v2_p183,0.1398247629404068,1
8541,111,85,4,ps10_v2_p183,0.1398247629404068,1
8542,111,86,4,ps10_v2_p183,0.1398247629404068,1
8543,111,87,4,ps10_v2_p183,0.1398247629404068,1
8544,111,88,4,ps10_v2_p183,0.1398247629404068,1
8545,111,89,4,ps10_v2_p183,0.1398247629404068,1
8546,111,90,4,ps10_v2_p183,0.1398247629404068,1
8547,111,91,4,ps10_v2_p184,0.10858536511659622,1
8548,111,92,4,ps10_v2_p184,0.10858536511659622,1
8549,111,93,4,ps10_v2_p184,0.10858536511659622,1
8550,111,94,4,ps10_v2_p184,0.10858536511659622,1
8551,111,95,4,ps10_v2_p184,0.10858536511659622,1
8552,111,96,4,ps10_v2_p184,0.10858536511659622,1
8553,111,97,4,ps10_v2_p184,0.10858536511659622,1
8554,111,98,4,ps10_v2_p184,0.10858536511659622,1
8555,111,99,4,ps10_v2_p184,0.10858536511659622,1
8556,111,100,4,ps10_v2_p184,0.10858536511659622,1
8557,111,101,4,ps10_v2_p185,0.10941002517938614,1
8558,111,102,4,ps10_v2_p185,0.10941002517938614,1
8559,111,103,4,ps10_v2_p185,0.10941002517938614,1
8560,111,104,4,ps10_v2_p185,0.10941002517938614,1
8561,111,110,4,ps10_v2_p185,0.10941002517938614,1
8562,111,111,4,ps10_v2_p186,0.0947556272149086,1
8563,111,112,4,ps10_v2_p186,0.0947556272149086,1
8564,111,113,4,ps10_v2_p186,0.0947556272149086,1
8565,111,114,4,ps10_v2_p186,0.0947556272149086,1
8566,111,115,4,ps10_v2_p186,0.0947556272149086,1
8567,111,116,4,ps10_v2_p186,0.0947556272149086,1
8568,111,117,4,ps10_v2_p186,0.0947556272149086,1
8569,111,119,4,ps10_v2_p186,0.0947556272149086,1
8570,111,120,4,ps10_v2_p186,0.0947556272149086,1
8571,111,121,4,,,0
8572,111,122,3,ps10_v2_p122,0.0820864662528038,1
8573,111,123,3,ps10_v2_p122,0.0820864662528038,1
8574,111,125,3,ps10_v2_p123,0.10118143260478973,1
8575,111,126,3,ps10_v2_p123,0.10118143260478973,1
8576,111,127,3,ps10_v2_p123,0.10118143260478973,1
8577,111,128,3,ps10_v2_p123,0.10118143260478973,1
8578,111,129,3,ps10_v2_p123,0.10118143260478973,1
8579,111,130,3,ps10_v2_p123,0.10118143260478973,1
8580,111,132,3,ps10_v2_p123,0.10118143260478973,1
8581,111,133,3,ps10_v2_p123,0.10118143260478973,1
8582,111,134,3,ps10_v2_p124,0.09734419733285904,1
8583,111,135,3,ps10_v2_p124,0.09734419733285904,1
8584,111,136,3,ps10_v2_p124,0.09734419733285904,1
8585,111,137,3,ps10_v2_p124,0.09734419733285904,1
8586,111,138,3,ps10_v2_p124,0.09734419733285904,1
8587,111,139,3,ps10_v2_p124,0.09734419733285904,1
8588,111,141,3,ps10_v2_p124,0.09734419733285904,1
8589,111,146,3,ps10_v2_p125,0.09400170296430588,1
8590,111,147,3,ps10_v2_p125,0.09400170296430588,1
8591,111,148,3,ps10_v2_p125,0.09400170296430588,1
8592,111,149,3,ps10_v2_p125,0.09400170296430588,1
8593,111,151,3,ps10_v2_p125,0.09400170296430588,1
8594,111,153,3,ps10_v2_p125,0.09400170296430588,1
8595,111,156,3,ps10_v2_p126,0.09423813968896866,1
8596,111,157,3,ps10_v2_p126,0.09423813968896866,1
8597,111,158,3,ps10_v2_p126,0.09423813968896866,1
8598,111,160,3,ps10_v2_p126,0.09423813968896866,1
8599,111,161,3,ps10_v2_p126,0.09423813968896866,1
8600,111,162,3,ps10_v2_p126,0.09423813968896866,1
8601,111,163,3,ps10_v2_p126,0.09423813968896866,1
8602,111,165,3,ps10_v2_p127,0.07610534876585007,1
8603,111,166,5,ps10_v2_p239,0.07098947465419769,1
8604,111,167,5,ps10_v2_p239,0.07098947465419769,1
8605,111,168,5,ps10_v2_p239,0.07098947465419769,1
8606,111,169,5,ps10_v2_p240,0.07467222958803177,1
8607,111,170,5,ps10_v2_p240,0.07467222958803177,1
8608,111,171,5,ps10_v2_p240,0.07467222958803177,1
8609,111,172,5,ps10_v2_p240,0.07467222958803177,1
8610,111,174,5,ps10_v2_p240,0.07467222958803177,1
8611,111,175,5,ps10_v2_p240,0.07467222958803177,1
8612,111,176,5,ps10_v2_p240,0.07467222958803177,1
8613,111,177,5,ps10_v2_p240,0.07467222958803177,1
8614,111,178,5,ps10_v2_p240,0.07467222958803177,1
8615,111,180,5,ps10_v2_p241,0.08711567521095276,1
8616,111,181,5,ps10_v2_p241,0.08711567521095276,1
8617,111,182,5,ps10_v2_p241,0.08711567521095276,1
8618,111,183,5,ps10_v2_p241,0.08711567521095276,1
8619,111,184,5,ps10_v2_p241,0.08711567521095276,1
8620,111,185,5,ps10_v2_p241,0.08711567521095276,1
8621,111,186,5,ps10_v2_p241,0.08711567521095276,1
8622,111,194,5,,,0
8623,111,206,5,,,0
8624,112,29,2,ps10_v2_p068,0.08362835645675659,1
8625,112,32,2,ps10_v2_p069,0.07595183700323105,1
8626,112,33,2,ps10_v2_p069,0.07595183700323105,1
8627,112,37,2,ps10_v2_p069,0.07595183700323105,1
8628,112,38,2,ps10_v2_p069,0.07595183700323105,1
8629,112,41,2,ps10_v2_p070,0.09567512571811676,1
8630,112,42,2,ps10_v2_p070,0.09567512571811676,1
8631,112,43,2,ps10_v2_p070,0.09567512571811676,1
8632,112,44,2,ps10_v2_p070,0.09567512571811676,1
8633,112,45,2,ps10_v2_p070,0.09567512571811676,1
8634,112,46,2,ps10_v2_p070,0.09567512571811676,1
8635,112,47,2,ps10_v2_p070,0.09567512571811676,1
8636,112,48,2,ps10_v2_p070,0.09567512571811676,1
8637,112,73,4,ps10_v2_p182,0.1409676969051361,1
8638,112,74,4,ps10_v2_p182,0.1409676969051361,1
8639,112,75,4,ps10_v2_p182,0.1409676969051361,1
8640,112,76,4,ps10_v2_p182,0.1409676969051361,1
8641,112,77,4,ps10_v2_p182,0.1409676969051361,1
8642,112,78,4,ps10_v2_p182,0.1409676969051361,1
8643,112,79,4,ps10_v2_p182,0.1409676969051361,1
8644,112,80,4,ps10_v2_p182,0.1409676969051361,1
8645,112,81,4,ps10_v2_p183,0.1398247629404068,1
8646,112,82,4,ps10_v2_p183,0.1398247629404068,1
8647,112,83,4,ps10_v2_p183,0.1398247629404068,1
8648,112,84,4,ps10_v2_p183,0.1398247629404068,1
8649,112,85,4,ps10_v2_p183,0.1398247629404068,1
8650,112,86,4,ps10_v2_p183,0.1398247629404068,1
8651,112,87,4,ps10_v2_p183,0.1398247629404068,1
8652,112,88,4,ps10_v2_p183,0.1398247629404068,1
8653,112,89,4,ps10_v2_p183,0.1398247629404068,1
8654,112,90,4,ps10_v2_p183,0.1398247629404068,1
8655,112,91,4,ps10_v2_p184,0.10858536511659622,1
8656,112,92,4,ps10_v2_p184,0.10858536511659622,1
8657,112,93,4,ps10_v2_p184,0.10858536511659622,1
8658,112,94,4,ps10_v2_p184,0.10858536511659622,1
8659,112,95,4,ps10_v2_p184,0.10858536511659622,1
8660,112,96,4,ps10_v2_p184,0.10858536511659622,1
8661,112,97,4,ps10_v2_p184,0.10858536511659622,1
8662,112,98,4,ps10_v2_p184,0.10858536511659622,1
8663,112,100,4,ps10_v2_p184,0.10858536511659622,1
8664,112,101,4,ps10_v2_p185,0.10941002517938614,1
8665,112,102,4,ps10_v2_p185,0.10941002517938614,1
8666,112,103,4,ps10_v2_p185,0.10941002517938614,1
8667,112,104,4,ps10_v2_p185,0.10941002517938614,1
8668,112,105,4,ps10_v2_p185,0.10941002517938614,1
8669,112,109,4,ps10_v2_p185,0.10941002517938614,1
8670,112,110,4,ps10_v2_p185,0.10941002517938614,1
8671,112,111,4,ps10_v2_p186,0.0947556272149086,1
8672,112,112,4,ps10_v2_p186,0.0947556272149086,1
8673,112,113,4,ps10_v2_p186,0.0947556272149086,1
8674,112,114,4,ps10_v2_p186,0.0947556272149086,1
8675,112,115,4,ps10_v2_p186,0.0947556272149086,1
8676,112,116,4,ps10_v2_p186,0.0947556272149086,1
8677,112,117,4,ps10_v2_p186,0.0947556272149086,1
8678,112,118,4,ps10_v2_p186,0.0947556272149086,1
8679,112,119,4,ps10_v2_p186,0.0947556272149086,1
8680,112,120,4,ps10_v2_p186,0.0947556272149086,1
8681,112,122,3,ps10_v2_p122,0.0820864662528038,1
8682,112,123,3,ps10_v2_p122,0.0820864662528038,1
8683,112,124,3,ps10_v2_p123,0.10118143260478973,1
8684,112,125,3,ps10_v2_p123,0.10118143260478973,1
8685,112,126,3,ps10_v2_p123,0.10118143260478973,1
8686,112,127,3,ps10_v2_p123,0.10118143260478973,1
8687,112,128,3,ps10_v2_p123,0.10118143260478973,1
8688,112,129,3,ps10_v2_p123,0.10118143260478973,1
8689,112,130,3,ps10_v2_p123,0.10118143260478973,1
8690,112,131,3,ps10_v2_p123,0.10118143260478973,1
8691,112,132,3,ps10_v2_p123,0.10118143260478973,1
8692,112,133,3,ps10_v2_p123,0.10118143260478973,1
8693,112,135,3,ps10_v2_p124,0.09734419733285904,1
8694,112,136,3,ps10_v2_p124,0.09734419733285904,1
8695,112,137,3,ps10_v2_p124,0.09734419733285904,1
8696,112,138,3,ps10_v2_p124,0.09734419733285904,1
8697,112,139,3,ps10_v2_p124,0.09734419733285904,1
8698,112,141,3,ps10_v2_p124,0.09734419733285904,1
8699,112,145,3,ps10_v2_p125,0.09400170296430588,1
8700,112,146,3,ps10_v2_p125,0.09400170296430588,1
8701,112,148,3,ps10_v2_p125,0.09400170296430588,1
8702,112,149,3,ps10_v2_p125,0.09400170296430588,1
8703,112,150,3,ps10_v2_p125,0.09400170296430588,1
8704,112,152,3,ps10_v2_p125,0.09400170296430588,1
8705,112,153,3,ps10_v2_p125,0.09400170296430588,1
8706,112,155,3,ps10_v2_p126,0.09423813968896866,1
8707,112,156,3,ps10_v2_p126,0.09423813968896866,1
8708,112,159,3,ps10_v2_p126,0.09423813968896866,1
8709,112,160,3,ps10_v2_p126,0.09423813968896866,1
8710,112,161,3,ps10_v2_p126,0.09423813968896866,1
8711,112,162,3,ps10_v2_p126,0.09423813968896866,1
8712,112,163,3,ps10_v2_p126,0.09423813968896866,1
8713,112,164,3,ps10_v2_p127,0.07610534876585007,1
8714,112,166,3,ps10_v2_p127,0.07610534876585007,1
8715,112,167,5,ps10_v2_p239,0.07098947465419769,1
8716,112,168,5,ps10_v2_p239,0.07098947465419769,1
8717,112,169,5,ps10_v2_p240,0.07467222958803177,1
8718,112,171,5,ps10_v2_p240,0.07467222958803177,1
8719,112,172,5,ps10_v2_p240,0.07467222958803177,1
8720,112,173,5,ps10_v2_p240,0.07467222958803177,1
8721,112,174,5,ps10_v2_p240,0.07467222958803177,1
8722,112,176,5,ps10_v2_p240,0.07467222958803177,1
8723,112,177,5,ps10_v2_p240,0.07467222958803177,1
8724,112,178,5,ps10_v2_p240,0.07467222958803177,1
8725,112,179,5,ps10_v2_p241,0.08711567521095276,1
8726,112,180,5,ps10_v2_p241,0.08711567521095276,1
8727,112,181,5,ps10_v2_p241,0.08711567521095276,1
8728,112,182,5,ps10_v2_p241,0.08711567521095276,1
8729,112,184,5,ps10_v2_p241,0.08711567521095276,1
8730,112,185,5,ps10_v2_p241,0.08711567521095276,1
8731,112,187,5,ps10_v2_p241,0.08711567521095276,1
8732,113,29,2,ps10_v2_p068,0.08362835645675659,1
8733,113,32,2,ps10_v2_p069,0.07595183700323105,1
8734,113,39,2,ps10_v2_p069,0.07595183700323105,1
8735,113,40,2,ps10_v2_p070,0.09567512571811676,1
8736,113,41,2,ps10_v2_p070,0.09567512571811676,1
8737,113,42,2,ps10_v2_p070,0.09567512571811676,1
8738,113,43,2,ps10_v2_p070,0.09567512571811676,1
8739,113,44,2,ps10_v2_p070,0.09567512571811676,1
8740,113,45,2,ps10_v2_p070,0.09567512571811676,1
8741,113,46,2,ps10_v2_p070,0.09567512571811676,1
8742,113,47,2,ps10_v2_p070,0.09567512571811676,1
8743,113,48,2,ps10_v2_p070,0.09567512571811676,1
8744,113,73,4,ps10_v2_p182,0.1409676969051361,1
8745,113,74,4,ps10_v2_p182,0.1409676969051361,1
8746,113,75,4,ps10_v2_p182,0.1409676969051361,1
8747,113,76,4,ps10_v2_p182,0.1409676969051361,1
8748,113,77,4,ps10_v2_p182,0.1409676969051361,1
8749,113,78,4,ps10_v2_p182,0.1409676969051361,1
8750,113,79,4,ps10_v2_p182,0.1409676969051361,1
8751,113,80,4,ps10_v2_p182,0.1409676969051361,1
8752,113,81,4,ps10_v2_p183,0.1398247629404068,1
8753,113,82,4,ps10_v2_p183,0.1398247629404068,1
8754,113,83,4,ps10_v2_p183,0.1398247629404068,1
8755,113,84,4,ps10_v2_p183,0.1398247629404068,1
8756,113,85,4,ps10_v2_p183,0.1398247629404068,1
8757,113,86,4,ps10_v2_p183,0.1398247629404068,1
8758,113,87,4,ps10_v2_p183,0.1398247629404068,1
8759,113,88,4,ps10_v2_p183,0.1398247629404068,1
8760,113,89,4,ps10_v2_p183,0.1398247629404068,1
8761,113,90,4,ps10_v2_p183,0.1398247629404068,1
8762,113,91,4,ps10_v2_p184,0.10858536511659622,1
8763,113,92,4,ps10_v2_p184,0.10858536511659622,1
8764,113,93,4,ps10_v2_p184,0.10858536511659622,1
8765,113,94,4,ps10_v2_p184,0.10858536511659622,1
8766,113,95,4,ps10_v2_p184,0.10858536511659622,1
8767,113,96,4,ps10_v2_p184,0.10858536511659622,1
8768,113,97,4,ps10_v2_p184,0.10858536511659622,1
8769,113,98,4,ps10_v2_p184,0.10858536511659622,1
8770,113,99,4,ps10_v2_p184,0.10858536511659622,1
8771,113,100,4,ps10_v2_p184,0.10858536511659622,1
8772,113,101,4,ps10_v2_p185,0.10941002517938614,1
8773,113,102,4,ps10_v2_p185,0.10941002517938614,1
8774,113,103,4,ps10_v2_p185,0.10941002517938614,1
8775,113,104,4,ps10_v2_p185,0.10941002517938614,1
8776,113,105,4,ps10_v2_p185,0.10941002517938614,1
8777,113,106,4,ps10_v2_p185,0.10941002517938614,1
8778,113,108,4,ps10_v2_p185,0.10941002517938614,1
8779,113,109,4,ps10_v2_p185,0.10941002517938614,1
8780,113,110,4,ps10_v2_p185,0.10941002517938614,1
8781,113,111,4,ps10_v2_p186,0.0947556272149086,1
8782,113,112,4,ps10_v2_p186,0.0947556272149086,1
8783,113,113,4,ps10_v2_p186,0.0947556272149086,1
8784,113,114,4,ps10_v2_p186,0.0947556272149086,1
8785,113,115,4,ps10_v2_p186,0.0947556272149086,1
8786,113,116,4,ps10_v2_p186,0.0947556272149086,1
8787,113,117,4,ps10_v2_p186,0.0947556272149086,1
8788,113,118,4,ps10_v2_p186,0.0947556272149086,1
8789,113,119,4,ps10_v2_p186,0.0947556272149086,1
8790,113,120,4,ps10_v2_p186,0.0947556272149086,1
8791,113,121,4,,,0
8792,113,122,3,ps10_v2_p122,0.0820864662528038,1
8793,113,123,3,ps10_v2_p122,0.0820864662528038,1
8794,113,124,3,ps10_v2_p123,0.10118143260478973,1
8795,113,125,3,ps10_v2_p123,0.10118143260478973,1
8796,113,126,3,ps10_v2_p123,0.10118143260478973,1
8797,113,127,3,ps10_v2_p123,0.10118143260478973,1
8798,113,128,3,ps10_v2_p123,0.10118143260478973,1
8799,113,130,3,ps10_v2_p123,0.10118143260478973,1
8800,113,131,3,ps10_v2_p123,0.10118143260478973,1
8801,113,132,3,ps10_v2_p123,0.10118143260478973,1
8802,113,134,3,ps10_v2_p124,0.09734419733285904,1
8803,113,136,3,ps10_v2_p124,0.09734419733285904,1
8804,113,137,3,ps10_v2_p124,0.09734419733285904,1
8805,113,138,3,ps10_v2_p124,0.09734419733285904,1
8806,113,139,3,ps10_v2_p124,0.09734419733285904,1
8807,113,140,3,ps10_v2_p124,0.09734419733285904,1
8808,113,141,3,ps10_v2_p124,0.09734419733285904,1
8809,113,142,3,ps10_v2_p124,0.09734419733285904,1
8810,113,146,3,ps10_v2_p125,0.09400170296430588,1
8811,113,147,3,ps10_v2_p125,0.09400170296430588,1
8812,113,148,3,ps10_v2_p125,0.09400170296430588,1
8813,113,149,3,ps10_v2_p125,0.09400170296430588,1
8814,113,151,3,ps10_v2_p125,0.09400170296430588,1
8815,113,152,3,ps10_v2_p125,0.09400170296430588,1
8816,113,153,3,ps10_v2_p125,0.09400170296430588,1
8817,113,154,3,ps10_v2_p126,0.09423813968896866,1
8818,113,155,3,ps10_v2_p126,0.09423813968896866,1
8819,113,156,3,ps10_v2_p126,0.09423813968896866,1
8820,113,158,3,ps10_v2_p126,0.09423813968896866,1
8821,113,160,3,ps10_v2_p126,0.09423813968896866,1
8822,113,161,3,ps10_v2_p126,0.09423813968896866,1
8823,113,162,3,ps10_v2_p126,0.09423813968896866,1
8824,113,163,3,ps10_v2_p126,0.09423813968896866,1
8825,113,165,3,ps10_v2_p127,0.07610534876585007,1
8826,113,166,3,ps10_v2_p127,0.07610534876585007,1
8827,113,167,5,,,0
8828,113,168,5,,,0
8829,113,169,5,ps10_v2_p242,0.10705123096704483,1
8830,113,170,5,ps10_v2_p242,0.10705123096704483,1
8831,113,171,5,ps10_v2_p242,0.10705123096704483,1
8832,113,172,5,ps10_v2_p242,0.10705123096704483,1
8833,113,173,5,ps10_v2_p242,0.10705123096704483,1
8834,113,174,5,ps10_v2_p242,0.10705123096704483,1
8835,113,175,5,ps10_v2_p242,0.10705123096704483,1
8836,113,176,5,ps10_v2_p242,0.10705123096704483,1
8837,113,177,5,ps10_v2_p242,0.10705123096704483,1
8838,113,178,5,ps10_v2_p242,0.10705123096704483,1
8839,113,180,5,ps10_v2_p243,0.08198525011539459,1
8840,113,181,5,ps10_v2_p243,0.08198525011539459,1
8841,113,183,5,ps10_v2_p243,0.08198525011539459,1
8842,113,186,5,ps10_v2_p243,0.08198525011539459,1
8843,113,191,5,ps10_v2_p244,0.09409140050411224,1
8844,113,200,5,ps10_v2_p245,0.07293806225061417,1
8845,113,201,5,ps10_v2_p245,0.07293806225061417,1
8846,113,203,5,ps10_v2_p245,0.07293806225061417,1
8847,113,210,5,,,0
8848,113,226,5,,,0
8849,114,32,2,ps10_v2_p071,0.0838281661272049,1
8850,114,39,2,ps10_v2_p071,0.0838281661272049,1
8851,114,41,2,ps10_v2_p072,0.09463303536176682,1
8852,114,42,2,ps10_v2_p072,0.09463303536176682,1
8853,114,43,2,ps10_v2_p072,0.09463303536176682,1
8854,114,44,2,ps10_v2_p072,0.09463303536176682,1
8855,114,45,2,ps10_v2_p072,0.09463303536176682,1
8856,114,46,2,ps10_v2_p072,0.09463303536176682,1
8857,114,47,2,ps10_v2_p072,0.09463303536176682,1
8858,114,48,2,ps10_v2_p072,0.09463303536176682,1
8859,114,49,2,ps10_v2_p072,0.09463303536176682,1
8860,114,74,4,ps10_v2_p182,0.1409676969051361,1
8861,114,75,4,ps10_v2_p182,0.1409676969051361,1
8862,114,76,4,ps10_v2_p182,0.1409676969051361,1
8863,114,77,4,ps10_v2_p182,0.1409676969051361,1
8864,114,78,4,ps10_v2_p182,0.1409676969051361,1
8865,114,79,4,ps10_v2_p182,0.1409676969051361,1
8866,114,80,4,ps10_v2_p182,0.1409676969051361,1
8867,114,81,4,ps10_v2_p183,0.1398247629404068,1
8868,114,82,4,ps10_v2_p183,0.1398247629404068,1
8869,114,83,4,ps10_v2_p183,0.1398247629404068,1
8870,114,84,4,ps10_v2_p183,0.1398247629404068,1
8871,114,85,4,ps10_v2_p183,0.1398247629404068,1
8872,114,86,4,ps10_v2_p183,0.1398247629404068,1
8873,114,87,4,ps10_v2_p183,0.1398247629404068,1
8874,114,88,4,ps10_v2_p183,0.1398247629404068,1
8875,114,89,4,ps10_v2_p183,0.1398247629404068,1
8876,114,90,4,ps10_v2_p183,0.1398247629404068,1
8877,114,91,4,ps10_v2_p184,0.10858536511659622,1
8878,114,92,4,ps10_v2_p184,0.10858536511659622,1
8879,114,93,4,ps10_v2_p184,0.10858536511659622,1
8880,114,94,4,ps10_v2_p184,0.10858536511659622,1
8881,114,96,4,ps10_v2_p184,0.10858536511659622,1
8882,114,97,4,ps10_v2_p184,0.10858536511659622,1
8883,114,98,4,ps10_v2_p184,0.10858536511659622,1
8884,114,99,4,ps10_v2_p184,0.10858536511659622,1
8885,114,100,4,ps10_v2_p184,0.10858536511659622,1
8886,114,101,4,ps10_v2_p185,0.10941002517938614,1
8887,114,102,4,ps10_v2_p185,0.10941002517938614,1
8888,114,103,4,ps10_v2_p185,0.10941002517938614,1
8889,114,104,4,ps10_v2_p185,0.10941002517938614,1
8890,114,105,4,ps10_v2_p185,0.10941002517938614,1
8891,114,106,4,ps10_v2_p185,0.10941002517938614,1
8892,114,107,4,ps10_v2_p185,0.10941002517938614,1
8893,114,108,4,ps10_v2_p185,0.10941002517938614,1
8894,114,109,4,ps10_v2_p185,0.10941002517938614,1
8895,114,110,4,ps10_v2_p185,0.10941002517938614,1
8896,114,111,4,ps10_v2_p186,0.0947556272149086,1
8897,114,112,4,ps10_v2_p186,0.0947556272149086,1
8898,114,113,4,ps10_v2_p186,0.0947556272149086,1
8899,114,114,4,ps10_v2_p186,0.0947556272149086,1
8900,114,115,4,ps10_v2_p186,0.0947556272149086,1
8901,114,116,4,ps10_v2_p186,0.0947556272149086,1
8902,114,117,4,ps10_v2_p186,0.0947556272149086,1
8903,114,118,4,ps10_v2_p186,0.0947556272149086,1
8904,114,119,4,ps10_v2_p186,0.0947556272149086,1
8905,114,120,4,ps10_v2_p186,0.0947556272149086,1
8906,114,121,4,,,0
8907,114,122,3,ps10_v2_p122,0.0820864662528038,1
8908,114,123,3,ps10_v2_p122,0.0820864662528038,1
8909,114,124,3,ps10_v2_p123,0.10118143260478973,1
8910,114,126,3,ps10_v2_p123,0.10118143260478973,1
8911,114,127,3,ps10_v2_p123,0.10118143260478973,1
8912,114,128,3,ps10_v2_p123,0.10118143260478973,1
8913,114,131,3,ps10_v2_p123,0.10118143260478973,1
8914,114,132,3,ps10_v2_p123,0.10118143260478973,1
8915,114,134,3,ps10_v2_p124,0.09734419733285904,1
8916,114,135,3,ps10_v2_p124,0.09734419733285904,1
8917,114,136,3,ps10_v2_p124,0.09734419733285904,1
8918,114,137,3,ps10_v2_p124,0.09734419733285904,1
8919,114,138,3,ps10_v2_p124,0.09734419733285904,1
8920,114,139,3,ps10_v2_p124,0.09734419733285904,1
8921,114,140,3,ps10_v2_p124,0.09734419733285904,1
8922,114,143,3,ps10_v2_p124,0.09734419733285904,1
8923,114,144,3,ps10_v2_p125,0.09400170296430588,1
8924,114,146,3,ps10_v2_p125,0.09400170296430588,1
8925,114,147,3,ps10_v2_p125,0.09400170296430588,1
8926,114,148,3,ps10_v2_p125,0.09400170296430588,1
8927,114,149,3,ps10_v2_p125,0.09400170296430588,1
8928,114,151,3,ps10_v2_p125,0.09400170296430588,1
8929,114,152,3,ps10_v2_p125,0.09400170296430588,1
8930,114,153,3,ps10_v2_p125,0.09400170296430588,1
8931,114,154,3,ps10_v2_p126,0.09423813968896866,1
8932,114,155,3,ps10_v2_p126,0.09423813968896866,1
8933,114,157,3,ps10_v2_p126,0.09423813968896866,1
8934,114,159,3,ps10_v2_p126,0.09423813968896866,1
8935,114,161,3,ps10_v2_p126,0.09423813968896866,1
8936,114,162,3,ps10_v2_p126,0.09423813968896866,1
8937,114,163,3,ps10_v2_p126,0.09423813968896866,1
8938,114,164,3,ps10_v2_p127,0.07610534876585007,1
8939,114,166,3,ps10_v2_p127,0.07610534876585007,1
8940,114,167,3,ps10_v2_p127,0.07610534876585007,1
8941,114,168,5,,,0
8942,114,169,5,ps10_v2_p242,0.10705123096704483,1
8943,114,171,5,ps10_v2_p242,0.10705123096704483,1
8944,114,172,5,ps10_v2_p242,0.10705123096704483,1
8945,114,173,5,ps10_v2_p242,0.10705123096704483,1
8946,114,174,5,ps10_v2_p242,0.10705123096704483,1
8947,114,176,5,ps10_v2_p242,0.10705123096704483,1
8948,114,177,5,ps10_v2_p242,0.10705123096704483,1
8949,114,178,5,ps10_v2_p242,0.10705123096704483,1
8950,114,179,5,ps10_v2_p243,0.08198525011539459,1
8951,114,180,5,ps10_v2_p243,0.08198525011539459,1
8952,114,181,5,ps10_v2_p243,0.08198525011539459,1
8953,114,182,5,ps10_v2_p243,0.08198525011539459,1
8954,114,190,5,ps10_v2_p244,0.09409140050411224,1
8955,114,201,5,ps10_v2_p245,0.07293806225061417,1
8956,114,202,5,ps10_v2_p245,0.07293806225061417,1
8957,114,205,5,ps10_v2_p245,0.07293806225061417,1
8958,114,212,5,,,0
8959,115,25,2,,,0
8960,115,38,2,ps10_v2_p071,0.0838281661272049,1
8961,115,39,2,ps10_v2_p071,0.0838281661272049,1
8962,115,41,2,ps10_v2_p072,0.09463303536176682,1
8963,115,43,2,ps10_v2_p072,0.09463303536176682,1
8964,115,44,2,ps10_v2_p072,0.09463303536176682,1
8965,115,45,2,ps10_v2_p072,0.09463303536176682,1
8966,115,46,2,ps10_v2_p072,0.09463303536176682,1
8967,115,47,2,ps10_v2_p072,0.09463303536176682,1
8968,115,48,2,ps10_v2_p072,0.09463303536176682,1
8969,115,49,2,ps10_v2_p072,0.09463303536176682,1
8970,115,50,2,ps10_v2_p073,0.10721294581890106,1
8971,115,51,2,ps10_v2_p073,0.10721294581890106,1
8972,115,73,4,ps10_v2_p182,0.1409676969051361,1
8973,115,74,4,ps10_v2_p182,0.1409676969051361,1
8974,115,75,4,ps10_v2_p182,0.1409676969051361,1
8975,115,76,4,ps10_v2_p182,0.1409676969051361,1
8976,115,77,4,ps10_v2_p182,0.1409676969051361,1
8977,115,78,4,ps10_v2_p182,0.1409676969051361,1
8978,115,79,4,ps10_v2_p182,0.1409676969051361,1
8979,115,80,4,ps10_v2_p182,0.1409676969051361,1
8980,115,81,4,ps10_v2_p183,0.1398247629404068,1
8981,115,82,4,ps10_v2_p183,0.1398247629404068,1
8982,115,83,4,ps10_v2_p183,0.1398247629404068,1
8983,115,84,4,ps10_v2_p183,0.1398247629404068,1
8984,115,85,4,ps10_v2_p183,0.1398247629404068,1
8985,115,86,4,ps10_v2_p183,0.1398247629404068,1
8986,115,87,4,ps10_v2_p183,0.1398247629404068,1
8987,115,88,4,ps10_v2_p183,0.1398247629404068,1
8988,115,89,4,ps10_v2_p183,0.1398247629404068,1
8989,115,90,4,ps10_v2_p183,0.1398247629404068,1
8990,115,91,4,ps10_v2_p184,0.10858536511659622,1
8991,115,92,4,ps10_v2_p184,0.10858536511659622,1
8992,115,93,4,ps10_v2_p184,0.10858536511659622,1
8993,115,94,4,ps10_v2_p184,0.10858536511659622,1
8994,115,95,4,ps10_v2_p184,0.10858536511659622,1
8995,115,96,4,ps10_v2_p184,0.10858536511659622,1
8996,115,97,4,ps10_v2_p184,0.10858536511659622,1
8997,115,98,4,ps10_v2_p184,0.10858536511659622,1
8998,115,99,4,ps10_v2_p184,0.10858536511659622,1
8999,115,100,4,ps10_v2_p184,0.10858536511659622,1
9000,115,101,4,ps10_v2_p185,0.10941002517938614,1
9001,115,102,4,ps10_v2_p185,0.10941002517938614,1
9002,115,103,4,ps10_v2_p185,0.10941002517938614,1
9003,115,104,4,ps10_v2_p185,0.10941002517938614,1
9004,115,105,4,ps10_v2_p185,0.10941002517938614,1
9005,115,106,4,ps10_v2_p185,0.10941002517938614,1
9006,115,107,4,ps10_v2_p185,0.10941002517938614,1
9007,115,108,4,ps10_v2_p185,0.10941002517938614,1
9008,115,109,4,ps10_v2_p185,0.10941002517938614,1
9009,115,110,4,ps10_v2_p185,0.10941002517938614,1
9010,115,111,4,ps10_v2_p186,0.0947556272149086,1
9011,115,112,4,ps10_v2_p186,0.0947556272149086,1
9012,115,113,4,ps10_v2_p186,0.0947556272149086,1
9013,115,114,4,ps10_v2_p186,0.0947556272149086,1
9014,115,115,4,ps10_v2_p186,0.0947556272149086,1
9015,115,116,4,ps10_v2_p186,0.0947556272149086,1
9016,115,117,4,ps10_v2_p186,0.0947556272149086,1
9017,115,118,4,ps10_v2_p186,0.0947556272149086,1
9018,115,119,4,ps10_v2_p186,0.0947556272149086,1
9019,115,120,4,ps10_v2_p186,0.0947556272149086,1
9020,115,121,4,,,0
9021,115,122,3,ps10_v2_p122,0.0820864662528038,1
9022,115,123,3,ps10_v2_p122,0.0820864662528038,1
9023,115,124,3,ps10_v2_p123,0.10118143260478973,1
9024,115,127,3,ps10_v2_p123,0.10118143260478973,1
9025,115,128,3,ps10_v2_p123,0.10118143260478973,1
9026,115,130,3,ps10_v2_p123,0.10118143260478973,1
9027,115,131,3,ps10_v2_p123,0.10118143260478973,1
9028,115,132,3,ps10_v2_p123,0.10118143260478973,1
9029,115,133,3,ps10_v2_p123,0.10118143260478973,1
9030,115,134,3,ps10_v2_p124,0.09734419733285904,1
9031,115,135,3,ps10_v2_p124,0.09734419733285904,1
9032,115,136,3,ps10_v2_p124,0.09734419733285904,1
9033,115,137,3,ps10_v2_p124,0.09734419733285904,1
9034,115,138,3,ps10_v2_p124,0.09734419733285904,1
9035,115,139,3,ps10_v2_p124,0.09734419733285904,1
9036,115,140,3,ps10_v2_p124,0.09734419733285904,1
9037,115,141,3,ps10_v2_p124,0.09734419733285904,1
9038,115,143,3,ps10_v2_p124,0.09734419733285904,1
9039,115,144,3,ps10_v2_p125,0.09400170296430588,1
9040,115,145,3,ps10_v2_p125,0.09400170296430588,1
9041,115,147,3,ps10_v2_p125,0.09400170296430588,1
9042,115,148,3,ps10_v2_p125,0.09400170296430588,1
9043,115,149,3,ps10_v2_p125,0.09400170296430588,1
9044,115,150,3,ps10_v2_p125,0.09400170296430588,1
9045,115,151,3,ps10_v2_p125,0.09400170296430588,1
9046,115,152,3,ps10_v2_p125,0.09400170296430588,1
9047,115,153,3,ps10_v2_p125,0.09400170296430588,1
9048,115,154,3,ps10_v2_p126,0.09423813968896866,1
9049,115,156,3,ps10_v2_p126,0.09423813968896866,1
9050,115,158,3,ps10_v2_p126,0.09423813968896866,1
9051,115,159,3,ps10_v2_p126,0.09423813968896866,1
9052,115,160,3,ps10_v2_p126,0.09423813968896866,1
9053,115,161,3,ps10_v2_p126,0.09423813968896866,1
9054,115,162,3,ps10_v2_p126,0.09423813968896866,1
9055,115,163,3,ps10_v2_p126,0.09423813968896866,1
9056,115,165,3,ps10_v2_p127,0.07610534876585007,1
9057,115,167,3,ps10_v2_p127,0.07610534876585007,1
9058,115,168,5,,,0
9059,115,169,5,ps10_v2_p242,0.10705123096704483,1
9060,115,170,5,ps10_v2_p242,0.10705123096704483,1
9061,115,171,5,ps10_v2_p242,0.10705123096704483,1
9062,115,172,5,ps10_v2_p242,0.10705123096704483,1
9063,115,173,5,ps10_v2_p242,0.10705123096704483,1
9064,115,174,5,ps10_v2_p242,0.10705123096704483,1
9065,115,175,5,ps10_v2_p242,0.10705123096704483,1
9066,115,176,5,ps10_v2_p242,0.10705123096704483,1
9067,115,177,5,ps10_v2_p242,0.10705123096704483,1
9068,115,178,5,ps10_v2_p242,0.10705123096704483,1
9069,115,180,5,ps10_v2_p243,0.08198525011539459,1
9070,115,181,5,ps10_v2_p243,0.08198525011539459,1
9071,115,189,5,ps10_v2_p244,0.09409140050411224,1
9072,115,200,5,ps10_v2_p245,0.07293806225061417,1
9073,115,201,5,ps10_v2_p245,0.07293806225061417,1
9074,115,209,5,,,0
9075,115,210,5,,,0
9076,116,25,2,,,0
9077,116,38,2,ps10_v2_p071,0.0838281661272049,1
9078,116,39,2,ps10_v2_p071,0.0838281661272049,1
9079,116,41,2,ps10_v2_p072,0.09463303536176682,1
9080,116,42,2,ps10_v2_p072,0.09463303536176682,1
9081,116,43,2,ps10_v2_p072,0.09463303536176682,1
9082,116,44,2,ps10_v2_p072,0.09463303536176682,1
9083,116,45,2,ps10_v2_p072,0.09463303536176682,1
9084,116,46,2,ps10_v2_p072,0.09463303536176682,1
9085,116,47,2,ps10_v2_p072,0.09463303536176682,1
9086,116,48,2,ps10_v2_p072,0.09463303536176682,1
9087,116,49,2,ps10_v2_p072,0.09463303536176682,1
9088,116,50,2,ps10_v2_p073,0.10721294581890106,1
9089,116,51,2,ps10_v2_p073,0.10721294581890106,1
9090,116,71,4,ps10_v2_p187,0.12878647446632385,1
9091,116,72,4,ps10_v2_p187,0.12878647446632385,1
9092,116,73,4,ps10_v2_p187,0.12878647446632385,1
9093,116,74,4,ps10_v2_p187,0.12878647446632385,1
9094,116,75,4,ps10_v2_p187,0.12878647446632385,1
9095,116,76,4,ps10_v2_p187,0.12878647446632385,1
9096,116,77,4,ps10_v2_p187,0.12878647446632385,1
9097,116,78,4,ps10_v2_p187,0.12878647446632385,1
9098,116,79,4,ps10_v2_p187,0.12878647446632385,1
9099,116,80,4,ps10_v2_p187,0.12878647446632385,1
9100,116,81,4,ps10_v2_p188,0.14213913679122925,1
9101,116,82,4,ps10_v2_p188,0.14213913679122925,1
9102,116,83,4,ps10_v2_p188,0.14213913679122925,1
9103,116,84,4,ps10_v2_p188,0.14213913679122925,1
9104,116,85,4,ps10_v2_p188,0.14213913679122925,1
9105,116,86,4,ps10_v2_p188,0.14213913679122925,1
9106,116,87,4,ps10_v2_p188,0.14213913679122925,1
9107,116,88,4,ps10_v2_p188,0.14213913679122925,1
9108,116,89,4,ps10_v2_p188,0.14213913679122925,1
9109,116,90,4,ps10_v2_p188,0.14213913679122925,1
9110,116,91,4,ps10_v2_p189,0.10581392049789429,1
9111,116,92,4,ps10_v2_p189,0.10581392049789429,1
9112,116,93,4,ps10_v2_p189,0.10581392049789429,1
9113,116,94,4,ps10_v2_p189,0.10581392049789429,1
9114,116,95,4,ps10_v2_p189,0.10581392049789429,1
9115,116,96,4,ps10_v2_p189,0.10581392049789429,1
9116,116,97,4,ps10_v2_p189,0.10581392049789429,1
9117,116,98,4,ps10_v2_p189,0.10581392049789429,1
9118,116,99,4,ps10_v2_p189,0.10581392049789429,1
9119,116,100,4,ps10_v2_p189,0.10581392049789429,1
9120,116,101,4,ps10_v2_p190,0.10986845195293427,1
9121,116,102,4,ps10_v2_p190,0.10986845195293427,1
9122,116,103,4,ps10_v2_p190,0.10986845195293427,1
9123,116,104,4,ps10_v2_p190,0.10986845195293427,1
9124,116,105,4,ps10_v2_p190,0.10986845195293427,1
9125,116,106,4,ps10_v2_p190,0.10986845195293427,1
9126,116,107,4,ps10_v2_p190,0.10986845195293427,1
9127,116,108,4,ps10_v2_p190,0.10986845195293427,1
9128,116,109,4,ps10_v2_p190,0.10986845195293427,1
9129,116,110,4,ps10_v2_p190,0.10986845195293427,1
9130,116,111,4,ps10_v2_p191,0.1106414720416069,1
9131,116,112,4,ps10_v2_p191,0.1106414720416069,1
9132,116,113,4,ps10_v2_p191,0.1106414720416069,1
9133,116,114,4,ps10_v2_p191,0.1106414720416069,1
9134,116,115,4,ps10_v2_p191,0.1106414720416069,1
9135,116,116,4,ps10_v2_p191,0.1106414720416069,1
9136,116,117,4,ps10_v2_p191,0.1106414720416069,1
9137,116,118,4,ps10_v2_p191,0.1106414720416069,1
9138,116,119,4,ps10_v2_p191,0.1106414720416069,1
9139,116,120,4,ps10_v2_p191,0.1106414720416069,1
9140,116,121,4,,,0
9141,116,124,3,ps10_v2_p123,0.10118143260478973,1
9142,116,125,3,ps10_v2_p123,0.10118143260478973,1
9143,116,126,3,ps10_v2_p123,0.10118143260478973,1
9144,116,127,3,ps10_v2_p123,0.10118143260478973,1
9145,116,128,3,ps10_v2_p123,0.10118143260478973,1
9146,116,130,3,ps10_v2_p123,0.10118143260478973,1
9147,116,132,3,ps10_v2_p123,0.10118143260478973,1
9148,116,133,3,ps10_v2_p123,0.10118143260478973,1
9149,116,134,3,ps10_v2_p124,0.09734419733285904,1
9150,116,135,3,ps10_v2_p124,0.09734419733285904,1
9151,116,136,3,ps10_v2_p124,0.09734419733285904,1
9152,116,137,3,ps10_v2_p124,0.09734419733285904,1
9153,116,138,3,ps10_v2_p124,0.09734419733285904,1
9154,116,139,3,ps10_v2_p124,0.09734419733285904,1
9155,116,140,3,ps10_v2_p124,0.09734419733285904,1
9156,116,142,3,ps10_v2_p124,0.09734419733285904,1
9157,116,144,3,ps10_v2_p125,0.09400170296430588,1
9158,116,146,3,ps10_v2_p125,0.09400170296430588,1
9159,116,148,3,ps10_v2_p125,0.09400170296430588,1
9160,116,149,3,ps10_v2_p125,0.09400170296430588,1
9161,116,150,3,ps10_v2_p125,0.09400170296430588,1
9162,116,151,3,ps10_v2_p125,0.09400170296430588,1
9163,116,152,3,ps10_v2_p125,0.09400170296430588,1
9164,116,153,3,ps10_v2_p125,0.09400170296430588,1
9165,116,154,3,ps10_v2_p126,0.09423813968896866,1
9166,116,155,3,ps10_v2_p126,0.09423813968896866,1
9167,116,156,3,ps10_v2_p126,0.09423813968896866,1
9168,116,157,3,ps10_v2_p126,0.09423813968896866,1
9169,116,159,3,ps10_v2_p126,0.09423813968896866,1
9170,116,160,3,ps10_v2_p126,0.09423813968896866,1
9171,116,161,3,ps10_v2_p126,0.09423813968896866,1
9172,116,162,3,ps10_v2_p126,0.09423813968896866,1
9173,116,164,3,ps10_v2_p127,0.07610534876585007,1
9174,116,165,3,ps10_v2_p127,0.07610534876585007,1
9175,116,166,3,ps10_v2_p127,0.07610534876585007,1
9176,116,167,3,ps10_v2_p127,0.07610534876585007,1
9177,116,168,3,ps10_v2_p127,0.07610534876585007,1
9178,116,169,5,ps10_v2_p242,0.10705123096704483,1
9179,116,171,5,ps10_v2_p242,0.10705123096704483,1
9180,116,172,5,ps10_v2_p242,0.10705123096704483,1
9181,116,173,5,ps10_v2_p242,0.10705123096704483,1
9182,116,174,5,ps10_v2_p242,0.10705123096704483,1
9183,116,175,5,ps10_v2_p242,0.10705123096704483,1
9184,116,176,5,ps10_v2_p242,0.10705123096704483,1
9185,116,177,5,ps10_v2_p242,0.10705123096704483,1
9186,116,178,5,ps10_v2_p242,0.10705123096704483,1
9187,116,179,5,ps10_v2_p243,0.08198525011539459,1
9188,116,180,5,ps10_v2_p243,0.08198525011539459,1
9189,116,181,5,ps10_v2_p243,0.08198525011539459,1
9190,116,188,5,ps10_v2_p243,0.08198525011539459,1
9191,116,198,5,ps10_v2_p244,0.09409140050411224,1
9192,116,199,5,ps10_v2_p245,0.07293806225061417,1
9193,116,201,5,ps10_v2_p245,0.07293806225061417,1
9194,116,204,5,ps10_v2_p245,0.07293806225061417,1
9195,116,205,5,ps10_v2_p245,0.07293806225061417,1
9196,116,208,5,ps10_v2_p245,0.07293806225061417,1
9197,116,211,5,,,0
9198,117,4,2,,,0
9199,117,29,2,,,0
9200,117,37,2,ps10_v2_p071,0.0838281661272049,1
9201,117,40,2,ps10_v2_p072,0.09463303536176682,1
9202,117,41,2,ps10_v2_p072,0.09463303536176682,1
9203,117,42,2,ps10_v2_p072,0.09463303536176682,1
9204,117,43,2,ps10_v2_p072,0.09463303536176682,1
9205,117,44,2,ps10_v2_p072,0.09463303536176682,1
9206,117,45,2,ps10_v2_p072,0.09463303536176682,1
9207,117,46,2,ps10_v2_p072,0.09463303536176682,1
9208,117,47,2,ps10_v2_p072,0.09463303536176682,1
9209,117,48,2,ps10_v2_p072,0.09463303536176682,1
9210,117,49,2,ps10_v2_p072,0.09463303536176682,1
9211,117,50,2,ps10_v2_p073,0.10721294581890106,1
9212,117,51,2,ps10_v2_p073,0.10721294581890106,1
9213,117,70,2,,,0
9214,117,71,4,ps10_v2_p187,0.12878647446632385,1
9215,117,72,4,ps10_v2_p187,0.12878647446632385,1
9216,117,73,4,ps10_v2_p187,0.12878647446632385,1
9217,117,74,4,ps10_v2_p187,0.12878647446632385,1
9218,117,75,4,ps10_v2_p187,0.12878647446632385,1
9219,117,76,4,ps10_v2_p187,0.12878647446632385,1
9220,117,77,4,ps10_v2_p187,0.12878647446632385,1
9221,117,78,4,ps10_v2_p187,0.12878647446632385,1
9222,117,79,4,ps10_v2_p187,0.12878647446632385,1
9223,117,80,4,ps10_v2_p187,0.12878647446632385,1
9224,117,81,4,ps10_v2_p188,0.14213913679122925,1
9225,117,82,4,ps10_v2_p188,0.14213913679122925,1
9226,117,83,4,ps10_v2_p188,0.14213913679122925,1
9227,117,84,4,ps10_v2_p188,0.14213913679122925,1
9228,117,85,4,ps10_v2_p188,0.14213913679122925,1
9229,117,86,4,ps10_v2_p188,0.14213913679122925,1
9230,117,87,4,ps10_v2_p188,0.14213913679122925,1
9231,117,88,4,ps10_v2_p188,0.14213913679122925,1
9232,117,89,4,ps10_v2_p188,0.14213913679122925,1
9233,117,90,4,ps10_v2_p188,0.14213913679122925,1
9234,117,91,4,ps10_v2_p189,0.10581392049789429,1
9235,117,92,4,ps10_v2_p189,0.10581392049789429,1
9236,117,93,4,ps10_v2_p189,0.10581392049789429,1
9237,117,94,4,ps10_v2_p189,0.10581392049789429,1
9238,117,95,4,ps10_v2_p189,0.10581392049789429,1
9239,117,96,4,ps10_v2_p189,0.10581392049789429,1
9240,117,97,4,ps10_v2_p189,0.10581392049789429,1
9241,117,98,4,ps10_v2_p189,0.10581392049789429,1
9242,117,99,4,ps10_v2_p189,0.10581392049789429,1
9243,117,100,4,ps10_v2_p189,0.10581392049789429,1
9244,117,101,4,ps10_v2_p190,0.10986845195293427,1
9245,117,102,4,ps10_v2_p190,0.10986845195293427,1
9246,117,103,4,ps10_v2_p190,0.10986845195293427,1
9247,117,104,4,ps10_v2_p190,0.10986845195293427,1
9248,117,105,4,ps10_v2_p190,0.10986845195293427,1
9249,117,106,4,ps10_v2_p190,0.10986845195293427,1
9250,117,107,4,ps10_v2_p190,0.10986845195293427,1
9251,117,108,4,ps10_v2_p190,0.10986845195293427,1
9252,117,109,4,ps10_v2_p190,0.10986845195293427,1
9253,117,110,4,ps10_v2_p190,0.10986845195293427,1
9254,117,111,4,ps10_v2_p191,0.1106414720416069,1
9255,117,112,4,ps10_v2_p191,0.1106414720416069,1
9256,117,113,4,ps10_v2_p191,0.1106414720416069,1
9257,117,114,4,ps10_v2_p191,0.1106414720416069,1
9258,117,115,4,ps10_v2_p191,0.1106414720416069,1
9259,117,116,4,ps10_v2_p191,0.1106414720416069,1
9260,117,117,4,ps10_v2_p191,0.1106414720416069,1
9261,117,118,4,ps10_v2_p191,0.1106414720416069,1
9262,117,119,4,ps10_v2_p191,0.1106414720416069,1
9263,117,120,4,ps10_v2_p191,0.1106414720416069,1
9264,117,121,4,,,0
9265,117,122,3,ps10_v2_p122,0.0820864662528038,1
9266,117,123,3,ps10_v2_p122,0.0820864662528038,1
9267,117,124,3,ps10_v2_p123,0.10118143260478973,1
9268,117,126,3,ps10_v2_p123,0.10118143260478973,1
9269,117,127,3,ps10_v2_p123,0.10118143260478973,1
9270,117,128,3,ps10_v2_p123,0.10118143260478973,1
9271,117,129,3,ps10_v2_p123,0.10118143260478973,1
9272,117,131,3,ps10_v2_p123,0.10118143260478973,1
9273,117,132,3,ps10_v2_p123,0.10118143260478973,1
9274,117,133,3,ps10_v2_p123,0.10118143260478973,1
9275,117,135,3,ps10_v2_p124,0.09734419733285904,1
9276,117,137,3,ps10_v2_p124,0.09734419733285904,1
9277,117,138,3,ps10_v2_p124,0.09734419733285904,1
9278,117,139,3,ps10_v2_p124,0.09734419733285904,1
9279,117,140,3,ps10_v2_p124,0.09734419733285904,1
9280,117,141,3,ps10_v2_p124,0.09734419733285904,1
9281,117,142,3,ps10_v2_p124,0.09734419733285904,1
9282,117,143,3,ps10_v2_p124,0.09734419733285904,1
9283,117,145,3,ps10_v2_p125,0.09400170296430588,1
9284,117,146,3,ps10_v2_p125,0.09400170296430588,1
9285,117,147,3,ps10_v2_p125,0.09400170296430588,1
9286,117,148,3,ps10_v2_p125,0.09400170296430588,1
9287,117,149,3,ps10_v2_p125,0.09400170296430588,1
9288,117,150,3,ps10_v2_p125,0.09400170296430588,1
9289,117,151,3,ps10_v2_p125,0.09400170296430588,1
9290,117,152,3,ps10_v2_p125,0.09400170296430588,1
9291,117,153,3,ps10_v2_p125,0.09400170296430588,1
9292,117,154,3,ps10_v2_p126,0.09423813968896866,1
9293,117,156,3,ps10_v2_p126,0.09423813968896866,1
9294,117,158,3,ps10_v2_p126,0.09423813968896866,1
9295,117,159,3,ps10_v2_p126,0.09423813968896866,1
9296,117,160,3,ps10_v2_p126,0.09423813968896866,1
9297,117,161,3,ps10_v2_p126,0.09423813968896866,1
9298,117,162,3,ps10_v2_p126,0.09423813968896866,1
9299,117,163,3,ps10_v2_p126,0.09423813968896866,1
9300,117,165,3,ps10_v2_p127,0.07610534876585007,1
9301,117,166,3,ps10_v2_p127,0.07610534876585007,1
9302,117,167,3,ps10_v2_p127,0.07610534876585007,1
9303,117,168,3,ps10_v2_p127,0.07610534876585007,1
9304,117,170,5,ps10_v2_p242,0.10705123096704483,1
9305,117,171,5,ps10_v2_p242,0.10705123096704483,1
9306,117,172,5,ps10_v2_p242,0.10705123096704483,1
9307,117,173,5,ps10_v2_p242,0.10705123096704483,1
9308,117,175,5,ps10_v2_p242,0.10705123096704483,1
9309,117,176,5,ps10_v2_p242,0.10705123096704483,1
9310,117,177,5,ps10_v2_p242,0.10705123096704483,1
9311,117,178,5,ps10_v2_p242,0.10705123096704483,1
9312,117,180,5,ps10_v2_p243,0.08198525011539459,1
9313,117,188,5,ps10_v2_p243,0.08198525011539459,1
9314,117,197,5,ps10_v2_p244,0.09409140050411224,1
9315,117,198,5,ps10_v2_p244,0.09409140050411224,1
9316,117,199,5,ps10_v2_p245,0.07293806225061417,1
9317,117,200,5,ps10_v2_p245,0.07293806225061417,1
9318,117,203,5,ps10_v2_p245,0.07293806225061417,1
9319,117,204,5,ps10_v2_p245,0.07293806225061417,1
9320,117,206,5,ps10_v2_p245,0.07293806225061417,1
9321,117,207,5,ps10_v2_p245,0.07293806225061417,1
9322,117,209,5,,,0
9323,118,28,2,,,0
9324,118,29,2,,,0
9325,118,36,2,ps10_v2_p071,0.0838281661272049,1
9326,118,37,2,ps10_v2_p071,0.0838281661272049,1
9327,118,39,2,ps10_v2_p071,0.0838281661272049,1
9328,118,40,2,ps10_v2_p072,0.09463303536176682,1
9329,118,41,2,ps10_v2_p072,0.09463303536176682,1
9330,118,42,2,ps10_v2_p072,0.09463303536176682,1
9331,118,43,2,ps10_v2_p072,0.09463303536176682,1
9332,118,44,2,ps10_v2_p072,0.09463303536176682,1
9333,118,45,2,ps10_v2_p072,0.09463303536176682,1
9334,118,46,2,ps10_v2_p072,0.09463303536176682,1
9335,118,47,2,ps10_v2_p072,0.09463303536176682,1
9336,118,48,2,ps10_v2_p072,0.09463303536176682,1
9337,118,49,2,ps10_v2_p072,0.09463303536176682,1
9338,118,50,2,ps10_v2_p073,0.10721294581890106,1
9339,118,51,2,ps10_v2_p073,0.10721294581890106,1
9340,118,52,2,ps10_v2_p073,0.10721294581890106,1
9341,118,53,2,ps10_v2_p073,0.10721294581890106,1
9342,118,70,2,,,0
9343,118,71,4,ps10_v2_p187,0.12878647446632385,1
9344,118,72,4,ps10_v2_p187,0.12878647446632385,1
9345,118,73,4,ps10_v2_p187,0.12878647446632385,1
9346,118,74,4,ps10_v2_p187,0.12878647446632385,1
9347,118,75,4,ps10_v2_p187,0.12878647446632385,1
9348,118,76,4,ps10_v2_p187,0.12878647446632385,1
9349,118,77,4,ps10_v2_p187,0.12878647446632385,1
9350,118,78,4,ps10_v2_p187,0.12878647446632385,1
9351,118,79,4,ps10_v2_p187,0.12878647446632385,1
9352,118,80,4,ps10_v2_p187,0.12878647446632385,1
9353,118,81,4,ps10_v2_p188,0.14213913679122925,1
9354,118,82,4,ps10_v2_p188,0.14213913679122925,1
9355,118,83,4,ps10_v2_p188,0.14213913679122925,1
9356,118,84,4,ps10_v2_p188,0.14213913679122925,1
9357,118,85,4,ps10_v2_p188,0.14213913679122925,1
9358,118,86,4,ps10_v2_p188,0.14213913679122925,1
9359,118,87,4,ps10_v2_p188,0.14213913679122925,1
9360,118,88,4,ps10_v2_p188,0.14213913679122925,1
9361,118,89,4,ps10_v2_p188,0.14213913679122925,1
9362,118,90,4,ps10_v2_p188,0.14213913679122925,1
9363,118,91,4,ps10_v2_p189,0.10581392049789429,1
9364,118,92,4,ps10_v2_p189,0.10581392049789429,1
9365,118,93,4,ps10_v2_p189,0.10581392049789429,1
9366,118,94,4,ps10_v2_p189,0.10581392049789429,1
9367,118,95,4,ps10_v2_p189,0.10581392049789429,1
9368,118,96,4,ps10_v2_p189,0.10581392049789429,1
9369,118,98,4,ps10_v2_p189,0.10581392049789429,1
9370,118,99,4,ps10_v2_p189,0.10581392049789429,1
9371,118,100,4,ps10_v2_p189,0.10581392049789429,1
9372,118,101,4,ps10_v2_p190,0.10986845195293427,1
9373,118,102,4,ps10_v2_p190,0.10986845195293427,1
9374,118,103,4,ps10_v2_p190,0.10986845195293427,1
9375,118,104,4,ps10_v2_p190,0.10986845195293427,1
9376,118,105,4,ps10_v2_p190,0.10986845195293427,1
9377,118,106,4,ps10_v2_p190,0.10986845195293427,1
9378,118,107,4,ps10_v2_p190,0.10986845195293427,1
9379,118,108,4,ps10_v2_p190,0.10986845195293427,1
9380,118,109,4,ps10_v2_p190,0.10986845195293427,1
9381,118,110,4,ps10_v2_p190,0.10986845195293427,1
9382,118,111,4,ps10_v2_p191,0.1106414720416069,1
9383,118,112,4,ps10_v2_p191,0.1106414720416069,1
9384,118,113,4,ps10_v2_p191,0.1106414720416069,1
9385,118,114,4,ps10_v2_p191,0.1106414720416069,1
9386,118,115,4,ps10_v2_p191,0.1106414720416069,1
9387,118,116,4,ps10_v2_p191,0.1106414720416069,1
9388,118,117,4,ps10_v2_p191,0.1106414720416069,1
9389,118,118,4,ps10_v2_p191,0.1106414720416069,1
9390,118,119,4,ps10_v2_p191,0.1106414720416069,1
9391,118,120,4,ps10_v2_p191,0.1106414720416069,1
9392,118,121,4,,,0
9393,118,125,3,ps10_v2_p123,0.10118143260478973,1
9394,118,126,3,ps10_v2_p123,0.10118143260478973,1
9395,118,127,3,ps10_v2_p123,0.10118143260478973,1
9396,118,128,3,ps10_v2_p123,0.10118143260478973,1
9397,118,129,3,ps10_v2_p123,0.10118143260478973,1
9398,118,130,3,ps10_v2_p123,0.10118143260478973,1
9399,118,131,3,ps10_v2_p123,0.10118143260478973,1
9400,118,132,3,ps10_v2_p123,0.10118143260478973,1
9401,118,134,3,ps10_v2_p124,0.09734419733285904,1
9402,118,136,3,ps10_v2_p124,0.09734419733285904,1
9403,118,138,3,ps10_v2_p124,0.09734419733285904,1
9404,118,139,3,ps10_v2_p124,0.09734419733285904,1
9405,118,140,3,ps10_v2_p124,0.09734419733285904,1
9406,118,141,3,ps10_v2_p124,0.09734419733285904,1
9407,118,142,3,ps10_v2_p124,0.09734419733285904,1
9408,118,144,3,ps10_v2_p125,0.09400170296430588,1
9409,118,145,3,ps10_v2_p125,0.09400170296430588,1
9410,118,146,3,ps10_v2_p125,0.09400170296430588,1
9411,118,147,3,ps10_v2_p125,0.09400170296430588,1
9412,118,148,3,ps10_v2_p125,0.09400170296430588,1
9413,118,149,3,ps10_v2_p125,0.09400170296430588,1
9414,118,150,3,ps10_v2_p125,0.09400170296430588,1
9415,118,151,3,ps10_v2_p125,0.09400170296430588,1
9416,118,152,3,ps10_v2_p125,0.09400170296430588,1
9417,118,153,3,ps10_v2_p125,0.09400170296430588,1
9418,118,154,3,ps10_v2_p126,0.09423813968896866,1
9419,118,155,3,ps10_v2_p126,0.09423813968896866,1
9420,118,157,3,ps10_v2_p126,0.09423813968896866,1
9421,118,158,3,ps10_v2_p126,0.09423813968896866,1
9422,118,159,3,ps10_v2_p126,0.09423813968896866,1
9423,118,160,3,ps10_v2_p126,0.09423813968896866,1
9424,118,161,3,ps10_v2_p126,0.09423813968896866,1
9425,118,162,3,ps10_v2_p126,0.09423813968896866,1
9426,118,164,3,ps10_v2_p127,0.07610534876585007,1
9427,118,165,3,ps10_v2_p127,0.07610534876585007,1
9428,118,166,3,ps10_v2_p127,0.07610534876585007,1
9429,118,167,3,ps10_v2_p127,0.07610534876585007,1
9430,118,168,3,ps10_v2_p127,0.07610534876585007,1
9431,118,169,3,ps10_v2_p127,0.07610534876585007,1
9432,118,171,5,ps10_v2_p242,0.10705123096704483,1
9433,118,172,5,ps10_v2_p242,0.10705123096704483,1
9434,118,173,5,ps10_v2_p242,0.10705123096704483,1
9435,118,174,5,ps10_v2_p242,0.10705123096704483,1
9436,118,175,5,ps10_v2_p242,0.10705123096704483,1
9437,118,176,5,ps10_v2_p242,0.10705123096704483,1
9438,118,177,5,ps10_v2_p242,0.10705123096704483,1
9439,118,179,5,ps10_v2_p243,0.08198525011539459,1
9440,118,181,5,ps10_v2_p243,0.08198525011539459,1
9441,118,182,5,ps10_v2_p243,0.08198525011539459,1
9442,118,187,5,ps10_v2_p243,0.08198525011539459,1
9443,118,190,5,ps10_v2_p244,0.09409140050411224,1
9444,118,195,5,ps10_v2_p244,0.09409140050411224,1
9445,118,196,5,ps10_v2_p244,0.09409140050411224,1
9446,118,198,5,ps10_v2_p244,0.09409140050411224,1
9447,118,199,5,ps10_v2_p245,0.07293806225061417,1
9448,118,201,5,ps10_v2_p245,0.07293806225061417,1
9449,118,202,5,ps10_v2_p245,0.07293806225061417,1
9450,118,204,5,ps10_v2_p245,0.07293806225061417,1
9451,118,205,5,ps10_v2_p245,0.07293806225061417,1
9452,118,207,5,ps10_v2_p245,0.07293806225061417,1
9453,118,208,5,ps10_v2_p245,0.07293806225061417,1
9454,119,33,2,ps10_v2_p071,0.0838281661272049,1
9455,119,34,2,ps10_v2_p071,0.0838281661272049,1
9456,119,35,2,ps10_v2_p071,0.0838281661272049,1
9457,119,36,2,ps10_v2_p071,0.0838281661272049,1
9458,119,37,2,ps10_v2_p071,0.0838281661272049,1
9459,119,38,2,ps10_v2_p071,0.0838281661272049,1
9460,119,39,2,ps10_v2_p071,0.0838281661272049,1
9461,119,42,2,ps10_v2_p072,0.09463303536176682,1
9462,119,44,2,ps10_v2_p072,0.09463303536176682,1
9463,119,45,2,ps10_v2_p072,0.09463303536176682,1
9464,119,46,2,ps10_v2_p072,0.09463303536176682,1
9465,119,47,2,ps10_v2_p072,0.09463303536176682,1
9466,119,48,2,ps10_v2_p072,0.09463303536176682,1
9467,119,49,2,ps10_v2_p072,0.09463303536176682,1
9468,119,50,2,ps10_v2_p073,0.10721294581890106,1
9469,119,51,2,ps10_v2_p073,0.10721294581890106,1
9470,119,52,2,ps10_v2_p073,0.10721294581890106,1
9471,119,69,2,,,0
9472,119,70,2,,,0
9473,119,71,4,ps10_v2_p187,0.12878647446632385,1
9474,119,72,4,ps10_v2_p187,0.12878647446632385,1
9475,119,73,4,ps10_v2_p187,0.12878647446632385,1
9476,119,74,4,ps10_v2_p187,0.12878647446632385,1
9477,119,75,4,ps10_v2_p187,0.12878647446632385,1
9478,119,76,4,ps10_v2_p187,0.12878647446632385,1
9479,119,77,4,ps10_v2_p187,0.12878647446632385,1
9480,119,78,4,ps10_v2_p187,0.12878647446632385,1
9481,119,79,4,ps10_v2_p187,0.12878647446632385,1
9482,119,80,4,ps10_v2_p187,0.12878647446632385,1
9483,119,81,4,ps10_v2_p188,0.14213913679122925,1
9484,119,82,4,ps10_v2_p188,0.14213913679122925,1
9485,119,83,4,ps10_v2_p188,0.14213913679122925,1
9486,119,84,4,ps10_v2_p188,0.14213913679122925,1
9487,119,85,4,ps10_v2_p188,0.14213913679122925,1
9488,119,86,4,ps10_v2_p188,0.14213913679122925,1
9489,119,87,4,ps10_v2_p188,0.14213913679122925,1
9490,119,88,4,ps10_v2_p188,0.14213913679122925,1
9491,119,89,4,ps10_v2_p188,0.14213913679122925,1
9492,119,90,4,ps10_v2_p188,0.14213913679122925,1
9493,119,91,4,ps10_v2_p189,0.10581392049789429,1
9494,119,92,4,ps10_v2_p189,0.10581392049789429,1
9495,119,93,4,ps10_v2_p189,0.10581392049789429,1
9496,119,94,4,ps10_v2_p189,0.10581392049789429,1
9497,119,95,4,ps10_v2_p189,0.10581392049789429,1
9498,119,96,4,ps10_v2_p189,0.10581392049789429,1
9499,119,97,4,ps10_v2_p189,0.10581392049789429,1
9500,119,99,4,ps10_v2_p189,0.10581392049789429,1
9501,119,100,4,ps10_v2_p189,0.10581392049789429,1
9502,119,102,4,ps10_v2_p190,0.10986845195293427,1
9503,119,103,4,ps10_v2_p190,0.10986845195293427,1
9504,119,104,4,ps10_v2_p190,0.10986845195293427,1
9505,119,105,4,ps10_v2_p190,0.10986845195293427,1
9506,119,106,4,ps10_v2_p190,0.10986845195293427,1
9507,119,107,4,ps10_v2_p190,0.10986845195293427,1
9508,119,108,4,ps10_v2_p190,0.10986845195293427,1
9509,119,109,4,ps10_v2_p190,0.10986845195293427,1
9510,119,110,4,ps10_v2_p190,0.10986845195293427,1
9511,119,111,4,ps10_v2_p191,0.1106414720416069,1
9512,119,112,4,ps10_v2_p191,0.1106414720416069,1
9513,119,113,4,ps10_v2_p191,0.1106414720416069,1
9514,119,114,4,ps10_v2_p191,0.1106414720416069,1
9515,119,115,4,ps10_v2_p191,0.1106414720416069,1
9516,119,116,4,ps10_v2_p191,0.1106414720416069,1
9517,119,117,4,ps10_v2_p191,0.1106414720416069,1
9518,119,118,4,ps10_v2_p191,0.1106414720416069,1
9519,119,119,4,ps10_v2_p191,0.1106414720416069,1
9520,119,120,4,ps10_v2_p191,0.1106414720416069,1
9521,119,122,3,ps10_v2_p122,0.0820864662528038,1
9522,119,125,3,ps10_v2_p123,0.10118143260478973,1
9523,119,126,3,ps10_v2_p123,0.10118143260478973,1
9524,119,127,3,ps10_v2_p123,0.10118143260478973,1
9525,119,128,3,ps10_v2_p123,0.10118143260478973,1
9526,119,129,3,ps10_v2_p123,0.10118143260478973,1
9527,119,130,3,ps10_v2_p123,0.10118143260478973,1
9528,119,131,3,ps10_v2_p123,0.10118143260478973,1
9529,119,132,3,ps10_v2_p123,0.10118143260478973,1
9530,119,133,3,ps10_v2_p123,0.10118143260478973,1
9531,119,134,3,ps10_v2_p124,0.09734419733285904,1
9532,119,135,3,ps10_v2_p124,0.09734419733285904,1
9533,119,136,3,ps10_v2_p124,0.09734419733285904,1
9534,119,137,3,ps10_v2_p124,0.09734419733285904,1
9535,119,138,3,ps10_v2_p124,0.09734419733285904,1
9536,119,139,3,ps10_v2_p124,0.09734419733285904,1
9537,119,141,3,ps10_v2_p124,0.09734419733285904,1
9538,119,142,3,ps10_v2_p124,0.09734419733285904,1
9539,119,143,3,ps10_v2_p124,0.09734419733285904,1
9540,119,145,3,ps10_v2_p125,0.09400170296430588,1
9541,119,146,3,ps10_v2_p125,0.09400170296430588,1
9542,119,147,3,ps10_v2_p125,0.09400170296430588,1
9543,119,148,3,ps10_v2_p125,0.09400170296430588,1
9544,119,149,3,ps10_v2_p125,0.09400170296430588,1
9545,119,151,3,ps10_v2_p125,0.09400170296430588,1
9546,119,152,3,ps10_v2_p125,0.09400170296430588,1
9547,119,154,3,ps10_v2_p126,0.09423813968896866,1
9548,119,156,3,ps10_v2_p126,0.09423813968896866,1
9549,119,158,3,ps10_v2_p126,0.09423813968896866,1
9550,119,159,3,ps10_v2_p126,0.09423813968896866,1
9551,119,160,3,ps10_v2_p126,0.09423813968896866,1
9552,119,161,3,ps10_v2_p126,0.09423813968896866,1
9553,119,162,3,ps10_v2_p126,0.09423813968896866,1
9554,119,163,3,ps10_v2_p126,0.09423813968896866,1
9555,119,165,3,ps10_v2_p127,0.07610534876585007,1
9556,119,166,3,ps10_v2_p127,0.07610534876585007,1
9557,119,167,3,ps10_v2_p127,0.07610534876585007,1
9558,119,168,3,ps10_v2_p127,0.07610534876585007,1
9559,119,170,5,ps10_v2_p242,0.10705123096704483,1
9560,119,171,5,ps10_v2_p242,0.10705123096704483,1
9561,119,172,5,ps10_v2_p242,0.10705123096704483,1
9562,119,173,5,ps10_v2_p242,0.10705123096704483,1
9563,119,175,5,ps10_v2_p242,0.10705123096704483,1
9564,119,176,5,ps10_v2_p242,0.10705123096704483,1
9565,119,177,5,ps10_v2_p242,0.10705123096704483,1
9566,119,178,5,ps10_v2_p242,0.10705123096704483,1
9567,119,181,5,ps10_v2_p243,0.08198525011539459,1
9568,119,182,5,ps10_v2_p243,0.08198525011539459,1
9569,119,191,5,ps10_v2_p244,0.09409140050411224,1
9570,119,192,5,ps10_v2_p244,0.09409140050411224,1
9571,119,193,5,ps10_v2_p244,0.09409140050411224,1
9572,119,194,5,ps10_v2_p244,0.09409140050411224,1
9573,119,195,5,ps10_v2_p244,0.09409140050411224,1
9574,119,196,5,ps10_v2_p244,0.09409140050411224,1
9575,119,197,5,ps10_v2_p244,0.09409140050411224,1
9576,119,201,5,ps10_v2_p245,0.07293806225061417,1
9577,119,202,5,ps10_v2_p245,0.07293806225061417,1
9578,119,203,5,ps10_v2_p245,0.07293806225061417,1
9579,119,205,5,ps10_v2_p245,0.07293806225061417,1
9580,119,206,5,ps10_v2_p245,0.07293806225061417,1
9581,120,31,2,ps10_v2_p071,0.0838281661272049,1
9582,120,32,2,ps10_v2_p071,0.0838281661272049,1
9583,120,33,2,ps10_v2_p071,0.0838281661272049,1
9584,120,34,2,ps10_v2_p071,0.0838281661272049,1
9585,120,35,2,ps10_v2_p071,0.0838281661272049,1
9586,120,36,2,ps10_v2_p071,0.0838281661272049,1
9587,120,37,2,ps10_v2_p071,0.0838281661272049,1
9588,120,38,2,ps10_v2_p071,0.0838281661272049,1
9589,120,43,2,ps10_v2_p072,0.09463303536176682,1
9590,120,44,2,ps10_v2_p072,0.09463303536176682,1
9591,120,45,2,ps10_v2_p072,0.09463303536176682,1
9592,120,46,2,ps10_v2_p072,0.09463303536176682,1
9593,120,47,2,ps10_v2_p072,0.09463303536176682,1
9594,120,48,2,ps10_v2_p072,0.09463303536176682,1
9595,120,49,2,ps10_v2_p072,0.09463303536176682,1
9596,120,50,2,ps10_v2_p073,0.10721294581890106,1
9597,120,51,2,ps10_v2_p073,0.10721294581890106,1
9598,120,52,2,ps10_v2_p073,0.10721294581890106,1
9599,120,53,2,ps10_v2_p073,0.10721294581890106,1
9600,120,69,2,,,0
9601,120,70,2,,,0
9602,120,71,4,ps10_v2_p187,0.12878647446632385,1
9603,120,72,4,ps10_v2_p187,0.12878647446632385,1
9604,120,73,4,ps10_v2_p187,0.12878647446632385,1
9605,120,74,4,ps10_v2_p187,0.12878647446632385,1
9606,120,75,4,ps10_v2_p187,0.12878647446632385,1
9607,120,76,4,ps10_v2_p187,0.12878647446632385,1
9608,120,77,4,ps10_v2_p187,0.12878647446632385,1
9609,120,78,4,ps10_v2_p187,0.12878647446632385,1
9610,120,79,4,ps10_v2_p187,0.12878647446632385,1
9611,120,80,4,ps10_v2_p187,0.12878647446632385,1
9612,120,81,4,ps10_v2_p188,0.14213913679122925,1
9613,120,82,4,ps10_v2_p188,0.14213913679122925,1
9614,120,83,4,ps10_v2_p188,0.14213913679122925,1
9615,120,84,4,ps10_v2_p188,0.14213913679122925,1
9616,120,85,4,ps10_v2_p188,0.14213913679122925,1
9617,120,86,4,ps10_v2_p188,0.14213913679122925,1
9618,120,87,4,ps10_v2_p188,0.14213913679122925,1
9619,120,88,4,ps10_v2_p188,0.14213913679122925,1
9620,120,89,4,ps10_v2_p188,0.14213913679122925,1
9621,120,90,4,ps10_v2_p188,0.14213913679122925,1
9622,120,91,4,ps10_v2_p189,0.10581392049789429,1
9623,120,92,4,ps10_v2_p189,0.10581392049789429,1
9624,120,93,4,ps10_v2_p189,0.10581392049789429,1
9625,120,94,4,ps10_v2_p189,0.10581392049789429,1
9626,120,95,4,ps10_v2_p189,0.10581392049789429,1
9627,120,96,4,ps10_v2_p189,0.10581392049789429,1
9628,120,97,4,ps10_v2_p189,0.10581392049789429,1
9629,120,98,4,ps10_v2_p189,0.10581392049789429,1
9630,120,99,4,ps10_v2_p189,0.10581392049789429,1
9631,120,100,4,ps10_v2_p189,0.10581392049789429,1
9632,120,101,4,ps10_v2_p190,0.10986845195293427,1
9633,120,102,4,ps10_v2_p190,0.10986845195293427,1
9634,120,103,4,ps10_v2_p190,0.10986845195293427,1
9635,120,104,4,ps10_v2_p190,0.10986845195293427,1
9636,120,105,4,ps10_v2_p190,0.10986845195293427,1
9637,120,106,4,ps10_v2_p190,0.10986845195293427,1
9638,120,107,4,ps10_v2_p190,0.10986845195293427,1
9639,120,108,4,ps10_v2_p190,0.10986845195293427,1
9640,120,109,4,ps10_v2_p190,0.10986845195293427,1
9641,120,110,4,ps10_v2_p190,0.10986845195293427,1
9642,120,111,4,ps10_v2_p191,0.1106414720416069,1
9643,120,112,4,ps10_v2_p191,0.1106414720416069,1
9644,120,113,4,ps10_v2_p191,0.1106414720416069,1
9645,120,114,4,ps10_v2_p191,0.1106414720416069,1
9646,120,115,4,ps10_v2_p191,0.1106414720416069,1
9647,120,116,4,ps10_v2_p191,0.1106414720416069,1
9648,120,117,4,ps10_v2_p191,0.1106414720416069,1
9649,120,118,4,ps10_v2_p191,0.1106414720416069,1
9650,120,119,4,ps10_v2_p191,0.1106414720416069,1
9651,120,120,4,ps10_v2_p191,0.1106414720416069,1
9652,120,121,4,,,0
9653,120,122,3,,,0
9654,120,126,3,ps10_v2_p128,0.10397367179393768,1
9655,120,127,3,ps10_v2_p128,0.10397367179393768,1
9656,120,128,3,ps10_v2_p128,0.10397367179393768,1
9657,120,129,3,ps10_v2_p128,0.10397367179393768,1
9658,120,130,3,ps10_v2_p128,0.10397367179393768,1
9659,120,132,3,ps10_v2_p128,0.10397367179393768,1
9660,120,133,3,ps10_v2_p128,0.10397367179393768,1
9661,120,134,3,ps10_v2_p129,0.08903475850820541,1
9662,120,135,3,ps10_v2_p129,0.08903475850820541,1
9663,120,136,3,ps10_v2_p129,0.08903475850820541,1
9664,120,138,3,ps10_v2_p129,0.08903475850820541,1
9665,120,139,3,ps10_v2_p129,0.08903475850820541,1
9666,120,140,3,ps10_v2_p129,0.08903475850820541,1
9667,120,144,3,ps10_v2_p130,0.11336185038089752,1
9668,120,145,3,ps10_v2_p130,0.11336185038089752,1
9669,120,146,3,ps10_v2_p130,0.11336185038089752,1
9670,120,147,3,ps10_v2_p130,0.11336185038089752,1
9671,120,148,3,ps10_v2_p130,0.11336185038089752,1
9672,120,149,3,ps10_v2_p130,0.11336185038089752,1
9673,120,150,3,ps10_v2_p130,0.11336185038089752,1
9674,120,151,3,ps10_v2_p130,0.11336185038089752,1
9675,120,152,3,ps10_v2_p130,0.11336185038089752,1
9676,120,153,3,ps10_v2_p130,0.11336185038089752,1
9677,120,154,3,ps10_v2_p131,0.11532363295555115,1
9678,120,155,3,ps10_v2_p131,0.11532363295555115,1
9679,120,156,3,ps10_v2_p131,0.11532363295555115,1
9680,120,157,3,ps10_v2_p131,0.11532363295555115,1
9681,120,158,3,ps10_v2_p131,0.11532363295555115,1
9682,120,159,3,ps10_v2_p131,0.11532363295555115,1
9683,120,160,3,ps10_v2_p131,0.11532363295555115,1
9684,120,161,3,ps10_v2_p131,0.11532363295555115,1
9685,120,162,3,ps10_v2_p131,0.11532363295555115,1
9686,120,164,3,ps10_v2_p132,0.11692529916763306,1
9687,120,165,3,ps10_v2_p132,0.11692529916763306,1
9688,120,166,3,ps10_v2_p132,0.11692529916763306,1
9689,120,167,3,ps10_v2_p132,0.11692529916763306,1
9690,120,168,3,ps10_v2_p132,0.11692529916763306,1
9691,120,169,3,ps10_v2_p132,0.11692529916763306,1
9692,120,170,3,ps10_v2_p132,0.11692529916763306,1
9693,120,171,5,ps10_v2_p242,0.10705123096704483,1
9694,120,172,5,ps10_v2_p242,0.10705123096704483,1
9695,120,173,5,ps10_v2_p242,0.10705123096704483,1
9696,120,174,5,ps10_v2_p242,0.10705123096704483,1
9697,120,175,5,ps10_v2_p242,0.10705123096704483,1
9698,120,176,5,ps10_v2_p242,0.10705123096704483,1
9699,120,177,5,ps10_v2_p242,0.10705123096704483,1
9700,120,178,5,ps10_v2_p242,0.10705123096704483,1
9701,120,179,5,ps10_v2_p243,0.08198525011539459,1
9702,120,182,5,ps10_v2_p243,0.08198525011539459,1
9703,120,184,5,ps10_v2_p243,0.08198525011539459,1
9704,120,185,5,ps10_v2_p243,0.08198525011539459,1
9705,120,186,5,ps10_v2_p243,0.08198525011539459,1
9706,120,190,5,ps10_v2_p244,0.09409140050411224,1
9707,120,192,5,ps10_v2_p244,0.09409140050411224,1
9708,120,193,5,ps10_v2_p244,0.09409140050411224,1
9709,120,195,5,ps10_v2_p244,0.09409140050411224,1
9710,120,196,5,ps10_v2_p244,0.09409140050411224,1
9711,120,199,5,ps10_v2_p245,0.07293806225061417,1
9712,120,201,5,ps10_v2_p245,0.07293806225061417,1
9713,120,202,5,ps10_v2_p245,0.07293806225061417,1
9714,120,204,5,ps10_v2_p245,0.07293806225061417,1
9715,120,207,5,ps10_v2_p245,0.07293806225061417,1
9716,121,31,2,ps10_v2_p071,0.0838281661272049,1
9717,121,32,2,ps10_v2_p071,0.0838281661272049,1
9718,121,33,2,ps10_v2_p071,0.0838281661272049,1
9719,121,34,2,ps10_v2_p071,0.0838281661272049,1
9720,121,35,2,ps10_v2_p071,0.0838281661272049,1
9721,121,38,2,ps10_v2_p071,0.0838281661272049,1
9722,121,43,2,ps10_v2_p072,0.09463303536176682,1
9723,121,44,2,ps10_v2_p072,0.09463303536176682,1
9724,121,45,2,ps10_v2_p072,0.09463303536176682,1
9725,121,46,2,ps10_v2_p072,0.09463303536176682,1
9726,121,47,2,ps10_v2_p072,0.09463303536176682,1
9727,121,48,2,ps10_v2_p072,0.09463303536176682,1
9728,121,49,2,ps10_v2_p072,0.09463303536176682,1
9729,121,50,2,ps10_v2_p073,0.10721294581890106,1
9730,121,51,2,ps10_v2_p073,0.10721294581890106,1
9731,121,52,2,ps10_v2_p073,0.10721294581890106,1
9732,121,53,2,ps10_v2_p073,0.10721294581890106,1
9733,121,54,2,ps10_v2_p073,0.10721294581890106,1
9734,121,55,2,ps10_v2_p073,0.10721294581890106,1
9735,121,69,2,,,0
9736,121,70,2,,,0
9737,121,71,4,ps10_v2_p187,0.12878647446632385,1
9738,121,72,4,ps10_v2_p187,0.12878647446632385,1
9739,121,73,4,ps10_v2_p187,0.12878647446632385,1
9740,121,74,4,ps10_v2_p187,0.12878647446632385,1
9741,121,75,4,ps10_v2_p187,0.12878647446632385,1
9742,121,76,4,ps10_v2_p187,0.12878647446632385,1
9743,121,77,4,ps10_v2_p187,0.12878647446632385,1
9744,121,78,4,ps10_v2_p187,0.12878647446632385,1
9745,121,79,4,ps10_v2_p187,0.12878647446632385,1
9746,121,80,4,ps10_v2_p187,0.12878647446632385,1
9747,121,81,4,ps10_v2_p188,0.14213913679122925,1
9748,121,82,4,ps10_v2_p188,0.14213913679122925,1
9749,121,83,4,ps10_v2_p188,0.14213913679122925,1
9750,121,84,4,ps10_v2_p188,0.14213913679122925,1
9751,121,85,4,ps10_v2_p188,0.14213913679122925,1
9752,121,86,4,ps10_v2_p188,0.14213913679122925,1
9753,121,87,4,ps10_v2_p188,0.14213913679122925,1
9754,121,88,4,ps10_v2_p188,0.14213913679122925,1
9755,121,89,4,ps10_v2_p188,0.14213913679122925,1
9756,121,90,4,ps10_v2_p188,0.14213913679122925,1
9757,121,91,4,ps10_v2_p189,0.10581392049789429,1
9758,121,92,4,ps10_v2_p189,0.10581392049789429,1
9759,121,93,4,ps10_v2_p189,0.10581392049789429,1
9760,121,94,4,ps10_v2_p189,0.10581392049789429,1
9761,121,95,4,ps10_v2_p189,0.10581392049789429,1
9762,121,96,4,ps10_v2_p189,0.10581392049789429,1
9763,121,97,4,ps10_v2_p189,0.10581392049789429,1
9764,121,98,4,ps10_v2_p189,0.10581392049789429,1
9765,121,99,4,ps10_v2_p189,0.10581392049789429,1
9766,121,100,4,ps10_v2_p189,0.10581392049789429,1
9767,121,101,4,ps10_v2_p190,0.10986845195293427,1
9768,121,102,4,ps10_v2_p190,0.10986845195293427,1
9769,121,103,4,ps10_v2_p190,0.10986845195293427,1
9770,121,104,4,ps10_v2_p190,0.10986845195293427,1
9771,121,105,4,ps10_v2_p190,0.10986845195293427,1
9772,121,106,4,ps10_v2_p190,0.10986845195293427,1
9773,121,107,4,ps10_v2_p190,0.10986845195293427,1
9774,121,108,4,ps10_v2_p190,0.10986845195293427,1
9775,121,109,4,ps10_v2_p190,0.10986845195293427,1
9776,121,110,4,ps10_v2_p190,0.10986845195293427,1
9777,121,111,4,ps10_v2_p191,0.1106414720416069,1
9778,121,112,4,ps10_v2_p191,0.1106414720416069,1
9779,121,113,4,ps10_v2_p191,0.1106414720416069,1
9780,121,114,4,ps10_v2_p191,0.1106414720416069,1
9781,121,115,4,ps10_v2_p191,0.1106414720416069,1
9782,121,116,4,ps10_v2_p191,0.1106414720416069,1
9783,121,117,4,ps10_v2_p191,0.1106414720416069,1
9784,121,118,4,ps10_v2_p191,0.1106414720416069,1
9785,121,119,4,ps10_v2_p191,0.1106414720416069,1
9786,121,122,3,,,0
9787,121,128,3,ps10_v2_p128,0.10397367179393768,1
9788,121,129,3,ps10_v2_p128,0.10397367179393768,1
9789,121,131,3,ps10_v2_p128,0.10397367179393768,1
9790,121,132,3,ps10_v2_p128,0.10397367179393768,1
9791,121,133,3,ps10_v2_p128,0.10397367179393768,1
9792,121,134,3,ps10_v2_p129,0.08903475850820541,1
9793,121,135,3,ps10_v2_p129,0.08903475850820541,1
9794,121,137,3,ps10_v2_p129,0.08903475850820541,1
9795,121,138,3,ps10_v2_p129,0.08903475850820541,1
9796,121,139,3,ps10_v2_p129,0.08903475850820541,1
9797,121,140,3,ps10_v2_p129,0.08903475850820541,1
9798,121,141,3,ps10_v2_p129,0.08903475850820541,1
9799,121,143,3,ps10_v2_p129,0.08903475850820541,1
9800,121,144,3,ps10_v2_p130,0.11336185038089752,1
9801,121,145,3,ps10_v2_p130,0.11336185038089752,1
9802,121,146,3,ps10_v2_p130,0.11336185038089752,1
9803,121,150,3,ps10_v2_p130,0.11336185038089752,1
9804,121,151,3,ps10_v2_p130,0.11336185038089752,1
9805,121,152,3,ps10_v2_p130,0.11336185038089752,1
9806,121,153,3,ps10_v2_p130,0.11336185038089752,1
9807,121,154,3,ps10_v2_p131,0.11532363295555115,1
9808,121,156,3,ps10_v2_p131,0.11532363295555115,1
9809,121,157,3,ps10_v2_p131,0.11532363295555115,1
9810,121,158,3,ps10_v2_p131,0.11532363295555115,1
9811,121,159,3,ps10_v2_p131,0.11532363295555115,1
9812,121,160,3,ps10_v2_p131,0.11532363295555115,1
9813,121,161,3,ps10_v2_p131,0.11532363295555115,1
9814,121,162,3,ps10_v2_p131,0.11532363295555115,1
9815,121,163,3,ps10_v2_p131,0.11532363295555115,1
9816,121,164,3,ps10_v2_p132,0.11692529916763306,1
9817,121,165,3,ps10_v2_p132,0.11692529916763306,1
9818,121,166,3,ps10_v2_p132,0.11692529916763306,1
9819,121,167,3,ps10_v2_p132,0.11692529916763306,1
9820,121,168,3,ps10_v2_p132,0.11692529916763306,1
9821,121,170,5,ps10_v2_p242,0.10705123096704483,1
9822,121,171,5,ps10_v2_p242,0.10705123096704483,1
9823,121,172,5,ps10_v2_p242,0.10705123096704483,1
9824,121,173,5,ps10_v2_p242,0.10705123096704483,1
9825,121,175,5,ps10_v2_p242,0.10705123096704483,1
9826,121,176,5,ps10_v2_p242,0.10705123096704483,1
9827,121,177,5,ps10_v2_p242,0.10705123096704483,1
9828,121,178,5,ps10_v2_p242,0.10705123096704483,1
9829,121,183,5,ps10_v2_p243,0.08198525011539459,1
9830,121,184,5,ps10_v2_p243,0.08198525011539459,1
9831,121,188,5,ps10_v2_p243,0.08198525011539459,1
9832,121,189,5,ps10_v2_p244,0.09409140050411224,1
9833,121,191,5,ps10_v2_p244,0.09409140050411224,1
9834,121,192,5,ps10_v2_p244,0.09409140050411224,1
9835,121,193,5,ps10_v2_p244,0.09409140050411224,1
9836,121,194,5,ps10_v2_p244,0.09409140050411224,1
9837,121,195,5,ps10_v2_p244,0.09409140050411224,1
9838,121,196,5,ps10_v2_p244,0.09409140050411224,1
9839,121,197,5,ps10_v2_p244,0.09409140050411224,1
9840,121,200,5,ps10_v2_p245,0.07293806225061417,1
9841,121,202,5,ps10_v2_p245,0.07293806225061417,1
9842,121,203,5,ps10_v2_p245,0.07293806225061417,1
9843,121,205,5,ps10_v2_p245,0.07293806225061417,1
9844,122,31,2,ps10_v2_p071,0.0838281661272049,1
9845,122,38,2,ps10_v2_p071,0.0838281661272049,1
9846,122,40,2,ps10_v2_p072,0.09463303536176682,1
9847,122,42,2,ps10_v2_p072,0.09463303536176682,1
9848,122,43,2,ps10_v2_p072,0.09463303536176682,1
9849,122,45,2,ps10_v2_p072,0.09463303536176682,1
9850,122,48,2,ps10_v2_p072,0.09463303536176682,1
9851,122,49,2,ps10_v2_p072,0.09463303536176682,1
9852,122,50,2,ps10_v2_p073,0.10721294581890106,1
9853,122,51,2,ps10_v2_p073,0.10721294581890106,1
9854,122,52,2,ps10_v2_p073,0.10721294581890106,1
9855,122,53,2,ps10_v2_p073,0.10721294581890106,1
9856,122,54,2,ps10_v2_p073,0.10721294581890106,1
9857,122,55,2,ps10_v2_p073,0.10721294581890106,1
9858,122,56,2,ps10_v2_p073,0.10721294581890106,1
9859,122,67,2,,,0
9860,122,68,2,,,0
9861,122,69,2,,,0
9862,122,70,2,,,0
9863,122,71,4,ps10_v2_p187,0.12878647446632385,1
9864,122,72,4,ps10_v2_p187,0.12878647446632385,1
9865,122,73,4,ps10_v2_p187,0.12878647446632385,1
9866,122,74,4,ps10_v2_p187,0.12878647446632385,1
9867,122,75,4,ps10_v2_p187,0.12878647446632385,1
9868,122,76,4,ps10_v2_p187,0.12878647446632385,1
9869,122,77,4,ps10_v2_p187,0.12878647446632385,1
9870,122,78,4,ps10_v2_p187,0.12878647446632385,1
9871,122,79,4,ps10_v2_p187,0.12878647446632385,1
9872,122,80,4,ps10_v2_p187,0.12878647446632385,1
9873,122,81,4,ps10_v2_p188,0.14213913679122925,1
9874,122,82,4,ps10_v2_p188,0.14213913679122925,1
9875,122,83,4,ps10_v2_p188,0.14213913679122925,1
9876,122,84,4,ps10_v2_p188,0.14213913679122925,1
9877,122,85,4,ps10_v2_p188,0.14213913679122925,1
9878,122,86,4,ps10_v2_p188,0.14213913679122925,1
9879,122,87,4,ps10_v2_p188,0.14213913679122925,1
9880,122,88,4,ps10_v2_p188,0.14213913679122925,1
9881,122,89,4,ps10_v2_p188,0.14213913679122925,1
9882,122,90,4,ps10_v2_p188,0.14213913679122925,1
9883,122,91,4,ps10_v2_p189,0.10581392049789429,1
9884,122,92,4,ps10_v2_p189,0.10581392049789429,1
9885,122,93,4,ps10_v2_p189,0.10581392049789429,1
9886,122,94,4,ps10_v2_p189,0.10581392049789429,1
9887,122,95,4,ps10_v2_p189,0.10581392049789429,1
9888,122,96,4,ps10_v2_p189,0.10581392049789429,1
9889,122,97,4,ps10_v2_p189,0.10581392049789429,1
9890,122,98,4,ps10_v2_p189,0.10581392049789429,1
9891,122,99,4,ps10_v2_p189,0.10581392049789429,1
9892,122,100,4,ps10_v2_p189,0.10581392049789429,1
9893,122,102,4,ps10_v2_p190,0.10986845195293427,1
9894,122,103,4,ps10_v2_p190,0.10986845195293427,1
9895,122,104,4,ps10_v2_p190,0.10986845195293427,1
9896,122,105,4,ps10_v2_p190,0.10986845195293427,1
9897,122,106,4,ps10_v2_p190,0.10986845195293427,1
9898,122,107,4,ps10_v2_p190,0.10986845195293427,1
9899,122,108,4,ps10_v2_p190,0.10986845195293427,1
9900,122,109,4,ps10_v2_p190,0.10986845195293427,1
9901,122,110,4,ps10_v2_p190,0.10986845195293427,1
9902,122,111,4,ps10_v2_p191,0.1106414720416069,1
9903,122,114,4,ps10_v2_p191,0.1106414720416069,1
9904,122,115,4,ps10_v2_p191,0.1106414720416069,1
9905,122,116,4,ps10_v2_p191,0.1106414720416069,1
9906,122,117,4,ps10_v2_p191,0.1106414720416069,1
9907,122,118,4,ps10_v2_p191,0.1106414720416069,1
9908,122,120,4,ps10_v2_p191,0.1106414720416069,1
9909,122,121,4,,,0
9910,122,127,3,ps10_v2_p128,0.10397367179393768,1
9911,122,128,3,ps10_v2_p128,0.10397367179393768,1
9912,122,129,3,ps10_v2_p128,0.10397367179393768,1
9913,122,132,3,ps10_v2_p128,0.10397367179393768,1
9914,122,134,3,ps10_v2_p129,0.08903475850820541,1
9915,122,135,3,ps10_v2_p129,0.08903475850820541,1
9916,122,136,3,ps10_v2_p129,0.08903475850820541,1
9917,122,137,3,ps10_v2_p129,0.08903475850820541,1
9918,122,138,3,ps10_v2_p129,0.08903475850820541,1
9919,122,139,3,ps10_v2_p129,0.08903475850820541,1
9920,122,140,3,ps10_v2_p129,0.08903475850820541,1
9921,122,144,3,ps10_v2_p130,0.11336185038089752,1
9922,122,145,3,ps10_v2_p130,0.11336185038089752,1
9923,122,151,3,ps10_v2_p130,0.11336185038089752,1
9924,122,152,3,ps10_v2_p130,0.11336185038089752,1
9925,122,153,3,ps10_v2_p130,0.11336185038089752,1
9926,122,155,3,ps10_v2_p131,0.11532363295555115,1
9927,122,156,3,ps10_v2_p131,0.11532363295555115,1
9928,122,157,3,ps10_v2_p131,0.11532363295555115,1
9929,122,158,3,ps10_v2_p131,0.11532363295555115,1
9930,122,159,3,ps10_v2_p131,0.11532363295555115,1
9931,122,160,3,ps10_v2_p131,0.11532363295555115,1
9932,122,161,3,ps10_v2_p131,0.11532363295555115,1
9933,122,162,3,ps10_v2_p131,0.11532363295555115,1
9934,122,164,3,ps10_v2_p132,0.11692529916763306,1
9935,122,165,3,ps10_v2_p132,0.11692529916763306,1
9936,122,166,3,ps10_v2_p132,0.11692529916763306,1
9937,122,167,3,ps10_v2_p132,0.11692529916763306,1
9938,122,168,3,ps10_v2_p132,0.11692529916763306,1
9939,122,169,5,ps10_v2_p242,0.10705123096704483,1
9940,122,170,5,ps10_v2_p242,0.10705123096704483,1
9941,122,171,5,ps10_v2_p242,0.10705123096704483,1
9942,122,172,5,ps10_v2_p242,0.10705123096704483,1
9943,122,173,5,ps10_v2_p242,0.10705123096704483,1
9944,122,174,5,ps10_v2_p242,0.10705123096704483,1
9945,122,175,5,ps10_v2_p242,0.10705123096704483,1
9946,122,176,5,ps10_v2_p242,0.10705123096704483,1
9947,122,177,5,ps10_v2_p242,0.10705123096704483,1
9948,122,182,5,ps10_v2_p243,0.08198525011539459,1
9949,122,184,5,ps10_v2_p243,0.08198525011539459,1
9950,122,185,5,ps10_v2_p243,0.08198525011539459,1
9951,122,187,5,ps10_v2_p243,0.08198525011539459,1
9952,122,189,5,ps10_v2_p244,0.09409140050411224,1
9953,122,190,5,ps10_v2_p244,0.09409140050411224,1
9954,122,192,5,ps10_v2_p244,0.09409140050411224,1
9955,122,193,5,ps10_v2_p244,0.09409140050411224,1
9956,122,195,5,ps10_v2_p244,0.09409140050411224,1
9957,122,198,5,ps10_v2_p244,0.09409140050411224,1
9958,122,199,5,ps10_v2_p245,0.07293806225061417,1
9959,122,201,5,ps10_v2_p245,0.07293806225061417,1
9960,122,203,5,ps10_v2_p245,0.07293806225061417,1
9961,122,213,5,,,0
9962,123,32,2,ps10_v2_p071,0.0838281661272049,1
9963,123,34,2,ps10_v2_p071,0.0838281661272049,1
9964,123,35,2,ps10_v2_p071,0.0838281661272049,1
9965,123,40,2,ps10_v2_p072,0.09463303536176682,1
9966,123,42,2,ps10_v2_p072,0.09463303536176682,1
9967,123,43,2,ps10_v2_p072,0.09463303536176682,1
9968,123,44,2,ps10_v2_p072,0.09463303536176682,1
9969,123,47,2,ps10_v2_p072,0.09463303536176682,1
9970,123,48,2,ps10_v2_p072,0.09463303536176682,1
9971,123,49,2,ps10_v2_p072,0.09463303536176682,1
9972,123,50,2,ps10_v2_p073,0.10721294581890106,1
9973,123,51,2,ps10_v2_p073,0.10721294581890106,1
9974,123,52,2,ps10_v2_p073,0.10721294581890106,1
9975,123,53,2,ps10_v2_p073,0.10721294581890106,1
9976,123,54,2,ps10_v2_p073,0.10721294581890106,1
9977,123,55,2,ps10_v2_p073,0.10721294581890106,1
9978,123,56,2,ps10_v2_p073,0.10721294581890106,1
9979,123,67,2,,,0
9980,123,68,2,,,0
9981,123,69,2,,,0
9982,123,70,2,,,0
9983,123,71,4,ps10_v2_p187,0.12878647446632385,1
9984,123,72,4,ps10_v2_p187,0.12878647446632385,1
9985,123,73,4,ps10_v2_p187,0.12878647446632385,1
9986,123,74,4,ps10_v2_p187,0.12878647446632385,1
9987,123,75,4,ps10_v2_p187,0.12878647446632385,1
9988,123,76,4,ps10_v2_p187,0.12878647446632385,1
9989,123,77,4,ps10_v2_p187,0.12878647446632385,1
9990,123,78,4,ps10_v2_p187,0.12878647446632385,1
9991,123,79,4,ps10_v2_p187,0.12878647446632385,1
9992,123,80,4,ps10_v2_p187,0.12878647446632385,1
9993,123,81,4,ps10_v2_p188,0.14213913679122925,1
9994,123,82,4,ps10_v2_p188,0.14213913679122925,1
9995,123,83,4,ps10_v2_p188,0.14213913679122925,1
9996,123,84,4,ps10_v2_p188,0.14213913679122925,1
9997,123,85,4,ps10_v2_p188,0.14213913679122925,1
9998,123,86,4,ps10_v2_p188,0.14213913679122925,1
9999,123,87,4,ps10_v2_p188,0.14213913679122925,1
10000,123,88,4,ps10_v2_p188,0.14213913679122925,1
10001,123,89,4,ps10_v2_p188,0.14213913679122925,1
10002,123,90,4,ps10_v2_p188,0.14213913679122925,1
10003,123,91,4,ps10_v2_p189,0.10581392049789429,1
10004,123,92,4,ps10_v2_p189,0.10581392049789429,1
10005,123,93,4,ps10_v2_p189,0.10581392049789429,1
10006,123,94,4,ps10_v2_p189,0.10581392049789429,1
10007,123,95,4,ps10_v2_p189,0.10581392049789429,1
10008,123,96,4,ps10_v2_p189,0.10581392049789429,1
10009,123,97,4,ps10_v2_p189,0.10581392049789429,1
10010,123,98,4,ps10_v2_p189,0.10581392049789429,1
10011,123,99,4,ps10_v2_p189,0.10581392049789429,1
10012,123,101,4,ps10_v2_p190,0.10986845195293427,1
10013,123,104,4,ps10_v2_p190,0.10986845195293427,1
10014,123,105,4,ps10_v2_p190,0.10986845195293427,1
10015,123,106,4,ps10_v2_p190,0.10986845195293427,1
10016,123,107,4,ps10_v2_p190,0.10986845195293427,1
10017,123,108,4,ps10_v2_p190,0.10986845195293427,1
10018,123,109,4,ps10_v2_p190,0.10986845195293427,1
10019,123,110,4,ps10_v2_p190,0.10986845195293427,1
10020,123,111,4,ps10_v2_p191,0.1106414720416069,1
10021,123,112,4,ps10_v2_p191,0.1106414720416069,1
10022,123,114,4,ps10_v2_p191,0.1106414720416069,1
10023,123,115,4,ps10_v2_p191,0.1106414720416069,1
10024,123,116,4,ps10_v2_p191,0.1106414720416069,1
10025,123,117,4,ps10_v2_p191,0.1106414720416069,1
10026,123,118,4,ps10_v2_p191,0.1106414720416069,1
10027,123,119,4,ps10_v2_p191,0.1106414720416069,1
10028,123,127,3,ps10_v2_p128,0.10397367179393768,1
10029,123,128,3,ps10_v2_p128,0.10397367179393768,1
10030,123,129,3,ps10_v2_p128,0.10397367179393768,1
10031,123,130,3,ps10_v2_p128,0.10397367179393768,1
10032,123,131,3,ps10_v2_p128,0.10397367179393768,1
10033,123,132,3,ps10_v2_p128,0.10397367179393768,1
10034,123,134,3,ps10_v2_p129,0.08903475850820541,1
10035,123,135,3,ps10_v2_p129,0.08903475850820541,1
10036,123,136,3,ps10_v2_p129,0.08903475850820541,1
10037,123,137,3,ps10_v2_p129,0.08903475850820541,1
10038,123,138,3,ps10_v2_p129,0.08903475850820541,1
10039,123,139,3,ps10_v2_p129,0.08903475850820541,1
10040,123,143,3,ps10_v2_p129,0.08903475850820541,1
10041,123,149,3,ps10_v2_p130,0.11336185038089752,1
10042,123,150,3,ps10_v2_p130,0.11336185038089752,1
10043,123,151,3,ps10_v2_p130,0.11336185038089752,1
10044,123,152,3,ps10_v2_p130,0.11336185038089752,1
10045,123,154,3,ps10_v2_p131,0.11532363295555115,1
10046,123,155,3,ps10_v2_p131,0.11532363295555115,1
10047,123,156,3,ps10_v2_p131,0.11532363295555115,1
10048,123,157,3,ps10_v2_p131,0.11532363295555115,1
10049,123,158,3,ps10_v2_p131,0.11532363295555115,1
10050,123,159,3,ps10_v2_p131,0.11532363295555115,1
10051,123,160,3,ps10_v2_p131,0.11532363295555115,1
10052,123,161,3,ps10_v2_p131,0.11532363295555115,1
10053,123,163,3,ps10_v2_p131,0.11532363295555115,1
10054,123,164,3,ps10_v2_p132,0.11692529916763306,1
10055,123,165,3,ps10_v2_p132,0.11692529916763306,1
10056,123,166,3,ps10_v2_p132,0.11692529916763306,1
10057,123,167,3,ps10_v2_p132,0.11692529916763306,1
10058,123,168,3,ps10_v2_p132,0.11692529916763306,1
10059,123,170,5,ps10_v2_p247,0.1034960225224495,1
10060,123,171,5,ps10_v2_p247,0.1034960225224495,1
10061,123,172,5,ps10_v2_p247,0.1034960225224495,1
10062,123,173,5,ps10_v2_p247,0.1034960225224495,1
10063,123,175,5,ps10_v2_p247,0.1034960225224495,1
10064,123,176,5,ps10_v2_p247,0.1034960225224495,1
10065,123,181,5,ps10_v2_p248,0.09801372140645981,1
10066,123,182,5,ps10_v2_p248,0.09801372140645981,1
10067,123,183,5,ps10_v2_p248,0.09801372140645981,1
10068,123,188,5,ps10_v2_p248,0.09801372140645981,1
10069,123,189,5,ps10_v2_p249,0.10128095000982285,1
10070,123,191,5,ps10_v2_p249,0.10128095000982285,1
10071,123,192,5,ps10_v2_p249,0.10128095000982285,1
10072,123,193,5,ps10_v2_p249,0.10128095000982285,1
10073,123,194,5,ps10_v2_p249,0.10128095000982285,1
10074,123,196,5,ps10_v2_p249,0.10128095000982285,1
10075,123,197,5,ps10_v2_p249,0.10128095000982285,1
10076,123,199,5,ps10_v2_p250,0.07622475177049637,1
10077,123,200,5,ps10_v2_p250,0.07622475177049637,1
10078,123,202,5,ps10_v2_p250,0.07622475177049637,1
10079,123,203,5,ps10_v2_p250,0.07622475177049637,1
10080,123,208,5,ps10_v2_p250,0.07622475177049637,1
10081,123,211,5,ps10_v2_p251,0.09854600578546524,1
10082,124,29,2,,,0
10083,124,30,2,,,0
10084,124,31,2,,,0
10085,124,32,2,,,0
10086,124,41,2,ps10_v2_p074,0.08148331195116043,1
10087,124,42,2,ps10_v2_p074,0.08148331195116043,1
10088,124,43,2,ps10_v2_p074,0.08148331195116043,1
10089,124,46,2,ps10_v2_p074,0.08148331195116043,1
10090,124,47,2,ps10_v2_p074,0.08148331195116043,1
10091,124,49,2,ps10_v2_p074,0.08148331195116043,1
10092,124,50,2,ps10_v2_p075,0.10678566992282867,1
10093,124,51,2,ps10_v2_p075,0.10678566992282867,1
10094,124,52,2,ps10_v2_p075,0.10678566992282867,1
10095,124,53,2,ps10_v2_p075,0.10678566992282867,1
10096,124,54,2,ps10_v2_p075,0.10678566992282867,1
10097,124,55,2,ps10_v2_p075,0.10678566992282867,1
10098,124,56,2,ps10_v2_p075,0.10678566992282867,1
10099,124,57,2,ps10_v2_p075,0.10678566992282867,1
10100,124,58,2,ps10_v2_p075,0.10678566992282867,1
10101,124,67,2,ps10_v2_p076,0.13479551672935486,1
10102,124,68,2,ps10_v2_p076,0.13479551672935486,1
10103,124,69,2,ps10_v2_p076,0.13479551672935486,1
10104,124,70,2,,,0
10105,124,71,4,ps10_v2_p187,0.12878647446632385,1
10106,124,72,4,ps10_v2_p187,0.12878647446632385,1
10107,124,73,4,ps10_v2_p187,0.12878647446632385,1
10108,124,74,4,ps10_v2_p187,0.12878647446632385,1
10109,124,75,4,ps10_v2_p187,0.12878647446632385,1
10110,124,76,4,ps10_v2_p187,0.12878647446632385,1
10111,124,77,4,ps10_v2_p187,0.12878647446632385,1
10112,124,78,4,ps10_v2_p187,0.12878647446632385,1
10113,124,79,4,ps10_v2_p187,0.12878647446632385,1
10114,124,80,4,ps10_v2_p187,0.12878647446632385,1
10115,124,81,4,ps10_v2_p188,0.14213913679122925,1
10116,124,82,4,ps10_v2_p188,0.14213913679122925,1
10117,124,83,4,ps10_v2_p188,0.14213913679122925,1
10118,124,84,4,ps10_v2_p188,0.14213913679122925,1
10119,124,85,4,ps10_v2_p188,0.14213913679122925,1
10120,124,86,4,ps10_v2_p188,0.14213913679122925,1
10121,124,87,4,ps10_v2_p188,0.14213913679122925,1
10122,124,88,4,ps10_v2_p188,0.14213913679122925,1
10123,124,89,4,ps10_v2_p188,0.14213913679122925,1
10124,124,90,4,ps10_v2_p188,0.14213913679122925,1
10125,124,91,4,ps10_v2_p189,0.10581392049789429,1
10126,124,92,4,ps10_v2_p189,0.10581392049789429,1
10127,124,93,4,ps10_v2_p189,0.10581392049789429,1
10128,124,94,4,ps10_v2_p189,0.10581392049789429,1
10129,124,95,4,ps10_v2_p189,0.10581392049789429,1
10130,124,96,4,ps10_v2_p189,0.10581392049789429,1
10131,124,97,4,ps10_v2_p189,0.10581392049789429,1
10132,124,98,4,ps10_v2_p189,0.10581392049789429,1
10133,124,99,4,ps10_v2_p189,0.10581392049789429,1
10134,124,100,4,ps10_v2_p189,0.10581392049789429,1
10135,124,102,4,ps10_v2_p190,0.10986845195293427,1
10136,124,103,4,ps10_v2_p190,0.10986845195293427,1
10137,124,105,4,ps10_v2_p190,0.10986845195293427,1
10138,124,106,4,ps10_v2_p190,0.10986845195293427,1
10139,124,107,4,ps10_v2_p190,0.10986845195293427,1
10140,124,108,4,ps10_v2_p190,0.10986845195293427,1
10141,124,109,4,ps10_v2_p190,0.10986845195293427,1
10142,124,110,4,ps10_v2_p190,0.10986845195293427,1
10143,124,111,4,ps10_v2_p191,0.1106414720416069,1
10144,124,112,4,ps10_v2_p191,0.1106414720416069,1
10145,124,113,4,ps10_v2_p191,0.1106414720416069,1
10146,124,114,4,ps10_v2_p191,0.1106414720416069,1
10147,124,115,4,ps10_v2_p191,0.1106414720416069,1
10148,124,116,4,ps10_v2_p191,0.1106414720416069,1
10149,124,117,4,ps10_v2_p191,0.1106414720416069,1
10150,124,118,4,ps10_v2_p191,0.1106414720416069,1
10151,124,119,4,ps10_v2_p191,0.1106414720416069,1
10152,124,120,4,ps10_v2_p191,0.1106414720416069,1
10153,124,126,3,ps10_v2_p128,0.10397367179393768,1
10154,124,127,3,ps10_v2_p128,0.10397367179393768,1
10155,124,128,3,ps10_v2_p128,0.10397367179393768,1
10156,124,129,3,ps10_v2_p128,0.10397367179393768,1
10157,124,130,3,ps10_v2_p128,0.10397367179393768,1
10158,124,131,3,ps10_v2_p128,0.10397367179393768,1
10159,124,134,3,ps10_v2_p129,0.08903475850820541,1
10160,124,135,3,ps10_v2_p129,0.08903475850820541,1
10161,124,136,3,ps10_v2_p129,0.08903475850820541,1
10162,124,137,3,ps10_v2_p129,0.08903475850820541,1
10163,124,138,3,ps10_v2_p129,0.08903475850820541,1
10164,124,140,3,ps10_v2_p129,0.08903475850820541,1
10165,124,142,3,ps10_v2_p129,0.08903475850820541,1
10166,124,145,3,ps10_v2_p130,0.11336185038089752,1
10167,124,147,3,ps10_v2_p130,0.11336185038089752,1
10168,124,148,3,ps10_v2_p130,0.11336185038089752,1
10169,124,149,3,ps10_v2_p130,0.11336185038089752,1
10170,124,150,3,ps10_v2_p130,0.11336185038089752,1
10171,124,151,3,ps10_v2_p130,0.11336185038089752,1
10172,124,152,3,ps10_v2_p130,0.11336185038089752,1
10173,124,153,3,ps10_v2_p130,0.11336185038089752,1
10174,124,155,3,ps10_v2_p131,0.11532363295555115,1
10175,124,156,3,ps10_v2_p131,0.11532363295555115,1
10176,124,157,3,ps10_v2_p131,0.11532363295555115,1
10177,124,158,3,ps10_v2_p131,0.11532363295555115,1
10178,124,159,3,ps10_v2_p131,0.11532363295555115,1
10179,124,160,3,ps10_v2_p131,0.11532363295555115,1
10180,124,161,3,ps10_v2_p131,0.11532363295555115,1
10181,124,162,3,ps10_v2_p131,0.11532363295555115,1
10182,124,163,3,ps10_v2_p131,0.11532363295555115,1
10183,124,164,3,ps10_v2_p132,0.11692529916763306,1
10184,124,165,3,ps10_v2_p132,0.11692529916763306,1
10185,124,166,3,ps10_v2_p132,0.11692529916763306,1
10186,124,167,3,ps10_v2_p132,0.11692529916763306,1
10187,124,168,5,ps10_v2_p246,0.1360836774110794,1
10188,124,169,5,ps10_v2_p247,0.1034960225224495,1
10189,124,170,5,ps10_v2_p247,0.1034960225224495,1
10190,124,171,5,ps10_v2_p247,0.1034960225224495,1
10191,124,172,5,ps10_v2_p247,0.1034960225224495,1
10192,124,173,5,ps10_v2_p247,0.1034960225224495,1
10193,124,174,5,ps10_v2_p247,0.1034960225224495,1
10194,124,176,5,ps10_v2_p247,0.1034960225224495,1
10195,124,180,5,ps10_v2_p248,0.09801372140645981,1
10196,124,181,5,ps10_v2_p248,0.09801372140645981,1
10197,124,182,5,ps10_v2_p248,0.09801372140645981,1
10198,124,184,5,ps10_v2_p248,0.09801372140645981,1
10199,124,185,5,ps10_v2_p248,0.09801372140645981,1
10200,124,187,5,ps10_v2_p248,0.09801372140645981,1
10201,124,189,5,ps10_v2_p249,0.10128095000982285,1
10202,124,190,5,ps10_v2_p249,0.10128095000982285,1
10203,124,192,5,ps10_v2_p249,0.10128095000982285,1
10204,124,193,5,ps10_v2_p249,0.10128095000982285,1
10205,124,196,5,ps10_v2_p249,0.10128095000982285,1
10206,124,197,5,ps10_v2_p249,0.10128095000982285,1
10207,124,198,5,ps10_v2_p249,0.10128095000982285,1
10208,124,199,5,ps10_v2_p250,0.07622475177049637,1
10209,124,200,5,ps10_v2_p250,0.07622475177049637,1
10210,124,201,5,ps10_v2_p250,0.07622475177049637,1
10211,124,202,5,ps10_v2_p250,0.07622475177049637,1
10212,124,208,5,ps10_v2_p250,0.07622475177049637,1
10213,124,214,5,ps10_v2_p251,0.09854600578546524,1
10214,125,32,2,,,0
10215,125,42,2,ps10_v2_p074,0.08148331195116043,1
10216,125,43,2,ps10_v2_p074,0.08148331195116043,1
10217,125,44,2,ps10_v2_p074,0.08148331195116043,1
10218,125,45,2,ps10_v2_p074,0.08148331195116043,1
10219,125,48,2,ps10_v2_p074,0.08148331195116043,1
10220,125,49,2,ps10_v2_p074,0.08148331195116043,1
10221,125,50,2,ps10_v2_p075,0.10678566992282867,1
10222,125,51,2,ps10_v2_p075,0.10678566992282867,1
10223,125,52,2,ps10_v2_p075,0.10678566992282867,1
10224,125,53,2,ps10_v2_p075,0.10678566992282867,1
10225,125,54,2,ps10_v2_p075,0.10678566992282867,1
10226,125,55,2,ps10_v2_p075,0.10678566992282867,1
10227,125,56,2,ps10_v2_p075,0.10678566992282867,1
10228,125,57,2,ps10_v2_p075,0.10678566992282867,1
10229,125,58,2,ps10_v2_p075,0.10678566992282867,1
10230,125,59,2,ps10_v2_p075,0.10678566992282867,1
10231,125,67,2,ps10_v2_p076,0.13479551672935486,1
10232,125,68,2,ps10_v2_p076,0.13479551672935486,1
10233,125,69,2,ps10_v2_p076,0.13479551672935486,1
10234,125,70,2,,,0
10235,125,71,4,ps10_v2_p187,0.12878647446632385,1
10236,125,72,4,ps10_v2_p187,0.12878647446632385,1
10237,125,73,4,ps10_v2_p187,0.12878647446632385,1
10238,125,74,4,ps10_v2_p187,0.12878647446632385,1
10239,125,75,4,ps10_v2_p187,0.12878647446632385,1
10240,125,76,4,ps10_v2_p187,0.12878647446632385,1
10241,125,77,4,ps10_v2_p187,0.12878647446632385,1
10242,125,78,4,ps10_v2_p187,0.12878647446632385,1
10243,125,79,4,ps10_v2_p187,0.12878647446632385,1
10244,125,80,4,ps10_v2_p187,0.12878647446632385,1
10245,125,81,4,ps10_v2_p188,0.14213913679122925,1
10246,125,82,4,ps10_v2_p188,0.14213913679122925,1
10247,125,83,4,ps10_v2_p188,0.14213913679122925,1
10248,125,84,4,ps10_v2_p188,0.14213913679122925,1
10249,125,85,4,ps10_v2_p188,0.14213913679122925,1
10250,125,86,4,ps10_v2_p188,0.14213913679122925,1
10251,125,87,4,ps10_v2_p188,0.14213913679122925,1
10252,125,88,4,ps10_v2_p188,0.14213913679122925,1
10253,125,89,4,ps10_v2_p188,0.14213913679122925,1
10254,125,90,4,ps10_v2_p188,0.14213913679122925,1
10255,125,91,4,ps10_v2_p189,0.10581392049789429,1
10256,125,92,4,ps10_v2_p189,0.10581392049789429,1
10257,125,93,4,ps10_v2_p189,0.10581392049789429,1
10258,125,94,4,ps10_v2_p189,0.10581392049789429,1
10259,125,95,4,ps10_v2_p189,0.10581392049789429,1
10260,125,96,4,ps10_v2_p189,0.10581392049789429,1
10261,125,97,4,ps10_v2_p189,0.10581392049789429,1
10262,125,98,4,ps10_v2_p189,0.10581392049789429,1
10263,125,99,4,ps10_v2_p189,0.10581392049789429,1
10264,125,100,4,ps10_v2_p189,0.10581392049789429,1
10265,125,101,4,ps10_v2_p190,0.10986845195293427,1
10266,125,102,4,ps10_v2_p190,0.10986845195293427,1
10267,125,103,4,ps10_v2_p190,0.10986845195293427,1
10268,125,104,4,ps10_v2_p190,0.10986845195293427,1
10269,125,106,4,ps10_v2_p190,0.10986845195293427,1
10270,125,107,4,ps10_v2_p190,0.10986845195293427,1
10271,125,109,4,ps10_v2_p190,0.10986845195293427,1
10272,125,110,4,ps10_v2_p190,0.10986845195293427,1
10273,125,111,4,ps10_v2_p191,0.1106414720416069,1
10274,125,112,4,ps10_v2_p191,0.1106414720416069,1
10275,125,114,4,ps10_v2_p191,0.1106414720416069,1
10276,125,115,4,ps10_v2_p191,0.1106414720416069,1
10277,125,116,4,ps10_v2_p191,0.1106414720416069,1
10278,125,117,4,ps10_v2_p191,0.1106414720416069,1
10279,125,118,4,ps10_v2_p191,0.1106414720416069,1
10280,125,119,4,ps10_v2_p191,0.1106414720416069,1
10281,125,120,4,ps10_v2_p191,0.1106414720416069,1
10282,125,127,3,ps10_v2_p128,0.10397367179393768,1
10283,125,128,3,ps10_v2_p128,0.10397367179393768,1
10284,125,130,3,ps10_v2_p128,0.10397367179393768,1
10285,125,131,3,ps10_v2_p128,0.10397367179393768,1
10286,125,132,3,ps10_v2_p128,0.10397367179393768,1
10287,125,133,3,ps10_v2_p128,0.10397367179393768,1
10288,125,134,3,ps10_v2_p129,0.08903475850820541,1
10289,125,135,3,ps10_v2_p129,0.08903475850820541,1
10290,125,136,3,ps10_v2_p129,0.08903475850820541,1
10291,125,139,3,ps10_v2_p129,0.08903475850820541,1
10292,125,145,3,ps10_v2_p130,0.11336185038089752,1
10293,125,146,3,ps10_v2_p130,0.11336185038089752,1
10294,125,147,3,ps10_v2_p130,0.11336185038089752,1
10295,125,148,3,ps10_v2_p130,0.11336185038089752,1
10296,125,149,3,ps10_v2_p130,0.11336185038089752,1
10297,125,150,3,ps10_v2_p130,0.11336185038089752,1
10298,125,151,3,ps10_v2_p130,0.11336185038089752,1
10299,125,152,3,ps10_v2_p130,0.11336185038089752,1
10300,125,154,3,ps10_v2_p131,0.11532363295555115,1
10301,125,155,3,ps10_v2_p131,0.11532363295555115,1
10302,125,156,3,ps10_v2_p131,0.11532363295555115,1
10303,125,157,3,ps10_v2_p131,0.11532363295555115,1
10304,125,158,3,ps10_v2_p131,0.11532363295555115,1
10305,125,159,3,ps10_v2_p131,0.11532363295555115,1
10306,125,160,3,ps10_v2_p131,0.11532363295555115,1
10307,125,161,3,ps10_v2_p131,0.11532363295555115,1
10308,125,163,3,ps10_v2_p131,0.11532363295555115,1
10309,125,164,3,ps10_v2_p132,0.11692529916763306,1
10310,125,165,3,ps10_v2_p132,0.11692529916763306,1
10311,125,166,3,ps10_v2_p132,0.11692529916763306,1
10312,125,167,5,ps10_v2_p246,0.1360836774110794,1
10313,125,168,5,ps10_v2_p246,0.1360836774110794,1
10314,125,170,5,ps10_v2_p247,0.1034960225224495,1
10315,125,171,5,ps10_v2_p247,0.1034960225224495,1
10316,125,172,5,ps10_v2_p247,0.1034960225224495,1
10317,125,173,5,ps10_v2_p247,0.1034960225224495,1
10318,125,175,5,ps10_v2_p247,0.1034960225224495,1
10319,125,178,5,ps10_v2_p247,0.1034960225224495,1
10320,125,180,5,ps10_v2_p248,0.09801372140645981,1
10321,125,181,5,ps10_v2_p248,0.09801372140645981,1
10322,125,182,5,ps10_v2_p248,0.09801372140645981,1
10323,125,183,5,ps10_v2_p248,0.09801372140645981,1
10324,125,185,5,ps10_v2_p248,0.09801372140645981,1
10325,125,186,5,ps10_v2_p248,0.09801372140645981,1
10326,125,188,5,ps10_v2_p248,0.09801372140645981,1
10327,125,189,5,ps10_v2_p249,0.10128095000982285,1
10328,125,190,5,ps10_v2_p249,0.10128095000982285,1
10329,125,191,5,ps10_v2_p249,0.10128095000982285,1
10330,125,192,5,ps10_v2_p249,0.10128095000982285,1
10331,125,194,5,ps10_v2_p249,0.10128095000982285,1
10332,125,196,5,ps10_v2_p249,0.10128095000982285,1
10333,125,197,5,ps10_v2_p249,0.10128095000982285,1
10334,125,199,5,ps10_v2_p250,0.07622475177049637,1
10335,125,200,5,ps10_v2_p250,0.07622475177049637,1
10336,125,202,5,ps10_v2_p250,0.07622475177049637,1
10337,125,208,5,ps10_v2_p250,0.07622475177049637,1
10338,125,211,5,ps10_v2_p251,0.09854600578546524,1
10339,125,212,5,ps10_v2_p251,0.09854600578546524,1
10340,125,215,5,ps10_v2_p251,0.09854600578546524,1
10341,126,10,2,,,0
10342,126,30,2,,,0
10343,126,31,2,,,0
10344,126,43,2,ps10_v2_p074,0.08148331195116043,1
10345,126,45,2,ps10_v2_p074,0.08148331195116043,1
10346,126,46,2,ps10_v2_p074,0.08148331195116043,1
10347,126,48,2,ps10_v2_p074,0.08148331195116043,1
10348,126,49,2,ps10_v2_p074,0.08148331195116043,1
10349,126,50,2,ps10_v2_p075,0.10678566992282867,1
10350,126,51,2,ps10_v2_p075,0.10678566992282867,1
10351,126,52,2,ps10_v2_p075,0.10678566992282867,1
10352,126,53,2,ps10_v2_p075,0.10678566992282867,1
10353,126,54,2,ps10_v2_p075,0.10678566992282867,1
10354,126,55,2,ps10_v2_p075,0.10678566992282867,1
10355,126,56,2,ps10_v2_p075,0.10678566992282867,1
10356,126,57,2,ps10_v2_p075,0.10678566992282867,1
10357,126,58,2,ps10_v2_p075,0.10678566992282867,1
10358,126,59,2,ps10_v2_p075,0.10678566992282867,1
10359,126,60,2,ps10_v2_p076,0.13479551672935486,1
10360,126,66,2,ps10_v2_p076,0.13479551672935486,1
10361,126,67,2,ps10_v2_p076,0.13479551672935486,1
10362,126,68,2,ps10_v2_p076,0.13479551672935486,1
10363,126,69,2,ps10_v2_p076,0.13479551672935486,1
10364,126,70,2,,,0
10365,126,71,4,ps10_v2_p192,0.14292557537555695,1
10366,126,72,4,ps10_v2_p192,0.14292557537555695,1
10367,126,73,4,ps10_v2_p192,0.14292557537555695,1
10368,126,74,4,ps10_v2_p192,0.14292557537555695,1
10369,126,75,4,ps10_v2_p192,0.14292557537555695,1
10370,126,76,4,ps10_v2_p192,0.14292557537555695,1
10371,126,77,4,ps10_v2_p192,0.14292557537555695,1
10372,126,78,4,ps10_v2_p192,0.14292557537555695,1
10373,126,79,4,ps10_v2_p192,0.14292557537555695,1
10374,126,80,4,ps10_v2_p192,0.14292557537555695,1
10375,126,81,4,ps10_v2_p193,0.13404764235019684,1
10376,126,82,4,ps10_v2_p193,0.13404764235019684,1
10377,126,83,4,ps10_v2_p193,0.13404764235019684,1
10378,126,84,4,ps10_v2_p193,0.13404764235019684,1
10379,126,85,4,ps10_v2_p193,0.13404764235019684,1
10380,126,86,4,ps10_v2_p193,0.13404764235019684,1
10381,126,87,4,ps10_v2_p193,0.13404764235019684,1
10382,126,88,4,ps10_v2_p193,0.13404764235019684,1
10383,126,89,4,ps10_v2_p193,0.13404764235019684,1
10384,126,90,4,ps10_v2_p193,0.13404764235019684,1
10385,126,91,4,ps10_v2_p194,0.1250801682472229,1
10386,126,92,4,ps10_v2_p194,0.1250801682472229,1
10387,126,93,4,ps10_v2_p194,0.1250801682472229,1
10388,126,94,4,ps10_v2_p194,0.1250801682472229,1
10389,126,95,4,ps10_v2_p194,0.1250801682472229,1
10390,126,96,4,ps10_v2_p194,0.1250801682472229,1
10391,126,97,4,ps10_v2_p194,0.1250801682472229,1
10392,126,98,4,ps10_v2_p194,0.1250801682472229,1
10393,126,99,4,ps10_v2_p194,0.1250801682472229,1
10394,126,100,4,ps10_v2_p194,0.1250801682472229,1
10395,126,101,4,ps10_v2_p195,0.10938649624586105,1
10396,126,102,4,ps10_v2_p195,0.10938649624586105,1
10397,126,103,4,ps10_v2_p195,0.10938649624586105,1
10398,126,105,4,ps10_v2_p195,0.10938649624586105,1
10399,126,106,4,ps10_v2_p195,0.10938649624586105,1
10400,126,107,4,ps10_v2_p195,0.10938649624586105,1
10401,126,108,4,ps10_v2_p195,0.10938649624586105,1
10402,126,109,4,ps10_v2_p195,0.10938649624586105,1
10403,126,110,4,ps10_v2_p195,0.10938649624586105,1
10404,126,111,4,ps10_v2_p196,0.11891603469848633,1
10405,126,112,4,ps10_v2_p196,0.11891603469848633,1
10406,126,113,4,ps10_v2_p196,0.11891603469848633,1
10407,126,114,4,ps10_v2_p196,0.11891603469848633,1
10408,126,115,4,ps10_v2_p196,0.11891603469848633,1
10409,126,116,4,ps10_v2_p196,0.11891603469848633,1
10410,126,117,4,ps10_v2_p196,0.11891603469848633,1
10411,126,118,4,ps10_v2_p196,0.11891603469848633,1
10412,126,119,4,ps10_v2_p196,0.11891603469848633,1
10413,126,120,4,ps10_v2_p196,0.11891603469848633,1
10414,126,122,3,,,0
10415,126,125,3,ps10_v2_p128,0.10397367179393768,1
10416,126,129,3,ps10_v2_p128,0.10397367179393768,1
10417,126,131,3,ps10_v2_p128,0.10397367179393768,1
10418,126,132,3,ps10_v2_p128,0.10397367179393768,1
10419,126,133,3,ps10_v2_p128,0.10397367179393768,1
10420,126,134,3,ps10_v2_p129,0.08903475850820541,1
10421,126,135,3,ps10_v2_p129,0.08903475850820541,1
10422,126,136,3,ps10_v2_p129,0.08903475850820541,1
10423,126,137,3,ps10_v2_p129,0.08903475850820541,1
10424,126,144,3,ps10_v2_p130,0.11336185038089752,1
10425,126,145,3,ps10_v2_p130,0.11336185038089752,1
10426,126,146,3,ps10_v2_p130,0.11336185038089752,1
10427,126,147,3,ps10_v2_p130,0.11336185038089752,1
10428,126,148,3,ps10_v2_p130,0.11336185038089752,1
10429,126,149,3,ps10_v2_p130,0.11336185038089752,1
10430,126,150,3,ps10_v2_p130,0.11336185038089752,1
10431,126,151,3,ps10_v2_p130,0.11336185038089752,1
10432,126,153,3,ps10_v2_p130,0.11336185038089752,1
10433,126,154,3,ps10_v2_p131,0.11532363295555115,1
10434,126,155,3,ps10_v2_p131,0.11532363295555115,1
10435,126,156,3,ps10_v2_p131,0.11532363295555115,1
10436,126,157,3,ps10_v2_p131,0.11532363295555115,1
10437,126,158,3,ps10_v2_p131,0.11532363295555115,1
10438,126,159,3,ps10_v2_p131,0.11532363295555115,1
10439,126,160,3,ps10_v2_p131,0.11532363295555115,1
10440,126,162,3,ps10_v2_p131,0.11532363295555115,1
10441,126,163,3,ps10_v2_p131,0.11532363295555115,1
10442,126,164,3,ps10_v2_p132,0.11692529916763306,1
10443,126,165,3,ps10_v2_p132,0.11692529916763306,1
10444,126,166,3,ps10_v2_p132,0.11692529916763306,1
10445,126,167,5,ps10_v2_p246,0.1360836774110794,1
10446,126,168,5,ps10_v2_p246,0.1360836774110794,1
10447,126,169,5,ps10_v2_p247,0.1034960225224495,1
10448,126,170,5,ps10_v2_p247,0.1034960225224495,1
10449,126,171,5,ps10_v2_p247,0.1034960225224495,1
10450,126,172,5,ps10_v2_p247,0.1034960225224495,1
10451,126,173,5,ps10_v2_p247,0.1034960225224495,1
10452,126,174,5,ps10_v2_p247,0.1034960225224495,1
10453,126,178,5,ps10_v2_p247,0.1034960225224495,1
10454,126,179,5,ps10_v2_p248,0.09801372140645981,1
10455,126,180,5,ps10_v2_p248,0.09801372140645981,1
10456,126,181,5,ps10_v2_p248,0.09801372140645981,1
10457,126,182,5,ps10_v2_p248,0.09801372140645981,1
10458,126,184,5,ps10_v2_p248,0.09801372140645981,1
10459,126,185,5,ps10_v2_p248,0.09801372140645981,1
10460,126,186,5,ps10_v2_p248,0.09801372140645981,1
10461,126,187,5,ps10_v2_p248,0.09801372140645981,1
10462,126,189,5,ps10_v2_p249,0.10128095000982285,1
10463,126,190,5,ps10_v2_p249,0.10128095000982285,1
10464,126,192,5,ps10_v2_p249,0.10128095000982285,1
10465,126,193,5,ps10_v2_p249,0.10128095000982285,1
10466,126,195,5,ps10_v2_p249,0.10128095000982285,1
10467,126,196,5,ps10_v2_p249,0.10128095000982285,1
10468,126,197,5,ps10_v2_p249,0.10128095000982285,1
10469,126,198,5,ps10_v2_p249,0.10128095000982285,1
10470,126,200,5,ps10_v2_p250,0.07622475177049637,1
10471,126,201,5,ps10_v2_p250,0.07622475177049637,1
10472,126,207,5,ps10_v2_p250,0.07622475177049637,1
10473,126,210,5,ps10_v2_p251,0.09854600578546524,1
10474,126,213,5,ps10_v2_p251,0.09854600578546524,1
10475,127,37,2,,,0
10476,127,42,2,ps10_v2_p074,0.08148331195116043,1
10477,127,43,2,ps10_v2_p074,0.08148331195116043,1
10478,127,44,2,ps10_v2_p074,0.08148331195116043,1
10479,127,45,2,ps10_v2_p074,0.08148331195116043,1
10480,127,46,2,ps10_v2_p074,0.08148331195116043,1
10481,127,47,2,ps10_v2_p074,0.08148331195116043,1
10482,127,48,2,ps10_v2_p074,0.08148331195116043,1
10483,127,49,2,ps10_v2_p074,0.08148331195116043,1
10484,127,50,2,ps10_v2_p075,0.10678566992282867,1
10485,127,51,2,ps10_v2_p075,0.10678566992282867,1
10486,127,52,2,ps10_v2_p075,0.10678566992282867,1
10487,127,53,2,ps10_v2_p075,0.10678566992282867,1
10488,127,54,2,ps10_v2_p075,0.10678566992282867,1
10489,127,55,2,ps10_v2_p075,0.10678566992282867,1
10490,127,56,2,ps10_v2_p075,0.10678566992282867,1
10491,127,57,2,ps10_v2_p075,0.10678566992282867,1
10492,127,58,2,ps10_v2_p075,0.10678566992282867,1
10493,127,59,2,ps10_v2_p075,0.10678566992282867,1
10494,127,60,2,ps10_v2_p076,0.13479551672935486,1
10495,127,64,2,ps10_v2_p076,0.13479551672935486,1
10496,127,65,2,ps10_v2_p076,0.13479551672935486,1
10497,127,66,2,ps10_v2_p076,0.13479551672935486,1
10498,127,67,2,ps10_v2_p076,0.13479551672935486,1
10499,127,68,2,ps10_v2_p076,0.13479551672935486,1
10500,127,69,2,ps10_v2_p076,0.13479551672935486,1
10501,127,70,2,,,0
10502,127,71,4,ps10_v2_p192,0.14292557537555695,1
10503,127,72,4,ps10_v2_p192,0.14292557537555695,1
10504,127,73,4,ps10_v2_p192,0.14292557537555695,1
10505,127,74,4,ps10_v2_p192,0.14292557537555695,1
10506,127,75,4,ps10_v2_p192,0.14292557537555695,1
10507,127,76,4,ps10_v2_p192,0.14292557537555695,1
10508,127,77,4,ps10_v2_p192,0.14292557537555695,1
10509,127,78,4,ps10_v2_p192,0.14292557537555695,1
10510,127,79,4,ps10_v2_p192,0.14292557537555695,1
10511,127,80,4,ps10_v2_p192,0.14292557537555695,1
10512,127,81,4,ps10_v2_p193,0.13404764235019684,1
10513,127,82,4,ps10_v2_p193,0.13404764235019684,1
10514,127,83,4,ps10_v2_p193,0.13404764235019684,1
10515,127,84,4,ps10_v2_p193,0.13404764235019684,1
10516,127,85,4,ps10_v2_p193,0.13404764235019684,1
10517,127,86,4,ps10_v2_p193,0.13404764235019684,1
10518,127,87,4,ps10_v2_p193,0.13404764235019684,1
10519,127,88,4,ps10_v2_p193,0.13404764235019684,1
10520,127,89,4,ps10_v2_p193,0.13404764235019684,1
10521,127,90,4,ps10_v2_p193,0.13404764235019684,1
10522,127,91,4,ps10_v2_p194,0.1250801682472229,1
10523,127,92,4,ps10_v2_p194,0.1250801682472229,1
10524,127,93,4,ps10_v2_p194,0.1250801682472229,1
10525,127,94,4,ps10_v2_p194,0.1250801682472229,1
10526,127,95,4,ps10_v2_p194,0.1250801682472229,1
10527,127,96,4,ps10_v2_p194,0.1250801682472229,1
10528,127,97,4,ps10_v2_p194,0.1250801682472229,1
10529,127,98,4,ps10_v2_p194,0.1250801682472229,1
10530,127,99,4,ps10_v2_p194,0.1250801682472229,1
10531,127,100,4,ps10_v2_p194,0.1250801682472229,1
10532,127,101,4,ps10_v2_p195,0.10938649624586105,1
10533,127,102,4,ps10_v2_p195,0.10938649624586105,1
10534,127,103,4,ps10_v2_p195,0.10938649624586105,1
10535,127,104,4,ps10_v2_p195,0.10938649624586105,1
10536,127,105,4,ps10_v2_p195,0.10938649624586105,1
10537,127,106,4,ps10_v2_p195,0.10938649624586105,1
10538,127,108,4,ps10_v2_p195,0.10938649624586105,1
10539,127,109,4,ps10_v2_p195,0.10938649624586105,1
10540,127,110,4,ps10_v2_p195,0.10938649624586105,1
10541,127,111,4,ps10_v2_p196,0.11891603469848633,1
10542,127,112,4,ps10_v2_p196,0.11891603469848633,1
10543,127,113,4,ps10_v2_p196,0.11891603469848633,1
10544,127,114,4,ps10_v2_p196,0.11891603469848633,1
10545,127,115,4,ps10_v2_p196,0.11891603469848633,1
10546,127,116,4,ps10_v2_p196,0.11891603469848633,1
10547,127,120,4,ps10_v2_p196,0.11891603469848633,1
10548,127,121,4,,,0
10549,127,122,3,,,0
10550,127,123,3,,,0
10551,127,124,3,ps10_v2_p128,0.10397367179393768,1
10552,127,125,3,ps10_v2_p128,0.10397367179393768,1
10553,127,131,3,ps10_v2_p128,0.10397367179393768,1
10554,127,132,3,ps10_v2_p128,0.10397367179393768,1
10555,127,133,3,ps10_v2_p128,0.10397367179393768,1
10556,127,134,3,ps10_v2_p129,0.08903475850820541,1
10557,127,135,3,ps10_v2_p129,0.08903475850820541,1
10558,127,136,3,ps10_v2_p129,0.08903475850820541,1
10559,127,138,3,ps10_v2_p129,0.08903475850820541,1
10560,127,141,3,ps10_v2_p129,0.08903475850820541,1
10561,127,142,3,ps10_v2_p129,0.08903475850820541,1
10562,127,143,3,ps10_v2_p129,0.08903475850820541,1
10563,127,144,3,ps10_v2_p130,0.11336185038089752,1
10564,127,145,3,ps10_v2_p130,0.11336185038089752,1
10565,127,146,3,ps10_v2_p130,0.11336185038089752,1
10566,127,147,3,ps10_v2_p130,0.11336185038089752,1
10567,127,148,3,ps10_v2_p130,0.11336185038089752,1
10568,127,149,3,ps10_v2_p130,0.11336185038089752,1
10569,127,150,3,ps10_v2_p130,0.11336185038089752,1
10570,127,152,3,ps10_v2_p130,0.11336185038089752,1
10571,127,153,3,ps10_v2_p130,0.11336185038089752,1
10572,127,154,3,ps10_v2_p131,0.11532363295555115,1
10573,127,155,3,ps10_v2_p131,0.11532363295555115,1
10574,127,156,3,ps10_v2_p131,0.11532363295555115,1
10575,127,157,3,ps10_v2_p131,0.11532363295555115,1
10576,127,158,3,ps10_v2_p131,0.11532363295555115,1
10577,127,159,3,ps10_v2_p131,0.11532363295555115,1
10578,127,160,3,ps10_v2_p131,0.11532363295555115,1
10579,127,161,3,ps10_v2_p131,0.11532363295555115,1
10580,127,163,3,ps10_v2_p131,0.11532363295555115,1
10581,127,164,3,ps10_v2_p132,0.11692529916763306,1
10582,127,165,3,ps10_v2_p132,0.11692529916763306,1
10583,127,166,5,ps10_v2_p246,0.1360836774110794,1
10584,127,167,5,ps10_v2_p246,0.1360836774110794,1
10585,127,168,5,ps10_v2_p246,0.1360836774110794,1
10586,127,170,5,ps10_v2_p247,0.1034960225224495,1
10587,127,171,5,ps10_v2_p247,0.1034960225224495,1
10588,127,172,5,ps10_v2_p247,0.1034960225224495,1
10589,127,173,5,ps10_v2_p247,0.1034960225224495,1
10590,127,177,5,ps10_v2_p247,0.1034960225224495,1
10591,127,178,5,ps10_v2_p247,0.1034960225224495,1
10592,127,180,5,ps10_v2_p248,0.09801372140645981,1
10593,127,183,5,ps10_v2_p248,0.09801372140645981,1
10594,127,185,5,ps10_v2_p248,0.09801372140645981,1
10595,127,186,5,ps10_v2_p248,0.09801372140645981,1
10596,127,188,5,ps10_v2_p248,0.09801372140645981,1
10597,127,189,5,ps10_v2_p249,0.10128095000982285,1
10598,127,190,5,ps10_v2_p249,0.10128095000982285,1
10599,127,191,5,ps10_v2_p249,0.10128095000982285,1
10600,127,193,5,ps10_v2_p249,0.10128095000982285,1
10601,127,194,5,ps10_v2_p249,0.10128095000982285,1
10602,127,196,5,ps10_v2_p249,0.10128095000982285,1
10603,127,197,5,ps10_v2_p249,0.10128095000982285,1
10604,127,199,5,ps10_v2_p250,0.07622475177049637,1
10605,127,205,5,ps10_v2_p250,0.07622475177049637,1
10606,127,208,5,ps10_v2_p250,0.07622475177049637,1
10607,127,211,5,ps10_v2_p251,0.09854600578546524,1
10608,127,212,5,ps10_v2_p251,0.09854600578546524,1
10609,128,42,2,ps10_v2_p074,0.08148331195116043,1
10610,128,43,2,ps10_v2_p074,0.08148331195116043,1
10611,128,44,2,ps10_v2_p074,0.08148331195116043,1
10612,128,45,2,ps10_v2_p074,0.08148331195116043,1
10613,128,46,2,ps10_v2_p074,0.08148331195116043,1
10614,128,47,2,ps10_v2_p074,0.08148331195116043,1
10615,128,48,2,ps10_v2_p074,0.08148331195116043,1
10616,128,49,2,ps10_v2_p074,0.08148331195116043,1
10617,128,50,2,ps10_v2_p075,0.10678566992282867,1
10618,128,51,2,ps10_v2_p075,0.10678566992282867,1
10619,128,52,2,ps10_v2_p075,0.10678566992282867,1
10620,128,53,2,ps10_v2_p075,0.10678566992282867,1
10621,128,54,2,ps10_v2_p075,0.10678566992282867,1
10622,128,55,2,ps10_v2_p075,0.10678566992282867,1
10623,128,56,2,ps10_v2_p075,0.10678566992282867,1
10624,128,57,2,ps10_v2_p075,0.10678566992282867,1
10625,128,58,2,ps10_v2_p075,0.10678566992282867,1
10626,128,59,2,ps10_v2_p075,0.10678566992282867,1
10627,128,60,2,ps10_v2_p076,0.13479551672935486,1
10628,128,61,2,ps10_v2_p076,0.13479551672935486,1
10629,128,62,2,ps10_v2_p076,0.13479551672935486,1
10630,128,63,2,ps10_v2_p076,0.13479551672935486,1
10631,128,64,2,ps10_v2_p076,0.13479551672935486,1
10632,128,65,2,ps10_v2_p076,0.13479551672935486,1
10633,128,66,2,ps10_v2_p076,0.13479551672935486,1
10634,128,67,2,ps10_v2_p076,0.13479551672935486,1
10635,128,68,2,ps10_v2_p076,0.13479551672935486,1
10636,128,69,2,ps10_v2_p076,0.13479551672935486,1
10637,128,70,2,,,0
10638,128,71,4,ps10_v2_p192,0.14292557537555695,1
10639,128,72,4,ps10_v2_p192,0.14292557537555695,1
10640,128,73,4,ps10_v2_p192,0.14292557537555695,1
10641,128,74,4,ps10_v2_p192,0.14292557537555695,1
10642,128,75,4,ps10_v2_p192,0.14292557537555695,1
10643,128,76,4,ps10_v2_p192,0.14292557537555695,1
10644,128,77,4,ps10_v2_p192,0.14292557537555695,1
10645,128,78,4,ps10_v2_p192,0.14292557537555695,1
10646,128,79,4,ps10_v2_p192,0.14292557537555695,1
10647,128,80,4,ps10_v2_p192,0.14292557537555695,1
10648,128,81,4,ps10_v2_p193,0.13404764235019684,1
10649,128,82,4,ps10_v2_p193,0.13404764235019684,1
10650,128,83,4,ps10_v2_p193,0.13404764235019684,1
10651,128,84,4,ps10_v2_p193,0.13404764235019684,1
10652,128,85,4,ps10_v2_p193,0.13404764235019684,1
10653,128,86,4,ps10_v2_p193,0.13404764235019684,1
10654,128,87,4,ps10_v2_p193,0.13404764235019684,1
10655,128,88,4,ps10_v2_p193,0.13404764235019684,1
10656,128,89,4,ps10_v2_p193,0.13404764235019684,1
10657,128,90,4,ps10_v2_p193,0.13404764235019684,1
10658,128,91,4,ps10_v2_p194,0.1250801682472229,1
10659,128,92,4,ps10_v2_p194,0.1250801682472229,1
10660,128,93,4,ps10_v2_p194,0.1250801682472229,1
10661,128,94,4,ps10_v2_p194,0.1250801682472229,1
10662,128,95,4,ps10_v2_p194,0.1250801682472229,1
10663,128,96,4,ps10_v2_p194,0.1250801682472229,1
10664,128,97,4,ps10_v2_p194,0.1250801682472229,1
10665,128,98,4,ps10_v2_p194,0.1250801682472229,1
10666,128,99,4,ps10_v2_p194,0.1250801682472229,1
10667,128,100,4,ps10_v2_p194,0.1250801682472229,1
10668,128,101,4,ps10_v2_p195,0.10938649624586105,1
10669,128,102,4,ps10_v2_p195,0.10938649624586105,1
10670,128,103,4,ps10_v2_p195,0.10938649624586105,1
10671,128,104,4,ps10_v2_p195,0.10938649624586105,1
10672,128,105,4,ps10_v2_p195,0.10938649624586105,1
10673,128,106,4,ps10_v2_p195,0.10938649624586105,1
10674,128,107,4,ps10_v2_p195,0.10938649624586105,1
10675,128,108,4,ps10_v2_p195,0.10938649624586105,1
10676,128,109,4,ps10_v2_p195,0.10938649624586105,1
10677,128,110,4,ps10_v2_p195,0.10938649624586105,1
10678,128,111,4,ps10_v2_p196,0.11891603469848633,1
10679,128,112,4,ps10_v2_p196,0.11891603469848633,1
10680,128,113,4,ps10_v2_p196,0.11891603469848633,1
10681,128,114,4,ps10_v2_p196,0.11891603469848633,1
10682,128,115,4,ps10_v2_p196,0.11891603469848633,1
10683,128,116,4,ps10_v2_p196,0.11891603469848633,1
10684,128,122,3,,,0
10685,128,123,3,,,0
10686,128,124,3,ps10_v2_p128,0.10397367179393768,1
10687,128,125,3,ps10_v2_p128,0.10397367179393768,1
10688,128,126,3,ps10_v2_p128,0.10397367179393768,1
10689,128,133,3,ps10_v2_p128,0.10397367179393768,1
10690,128,134,3,ps10_v2_p129,0.08903475850820541,1
10691,128,135,3,ps10_v2_p129,0.08903475850820541,1
10692,128,136,3,ps10_v2_p129,0.08903475850820541,1
10693,128,137,3,ps10_v2_p129,0.08903475850820541,1
10694,128,140,3,ps10_v2_p129,0.08903475850820541,1
10695,128,141,3,ps10_v2_p129,0.08903475850820541,1
10696,128,142,3,ps10_v2_p129,0.08903475850820541,1
10697,128,143,3,ps10_v2_p129,0.08903475850820541,1
10698,128,145,3,ps10_v2_p130,0.11336185038089752,1
10699,128,146,3,ps10_v2_p130,0.11336185038089752,1
10700,128,147,3,ps10_v2_p130,0.11336185038089752,1
10701,128,149,3,ps10_v2_p130,0.11336185038089752,1
10702,128,150,3,ps10_v2_p130,0.11336185038089752,1
10703,128,151,3,ps10_v2_p130,0.11336185038089752,1
10704,128,153,3,ps10_v2_p130,0.11336185038089752,1
10705,128,154,3,ps10_v2_p131,0.11532363295555115,1
10706,128,155,3,ps10_v2_p131,0.11532363295555115,1
10707,128,156,3,ps10_v2_p131,0.11532363295555115,1
10708,128,157,3,ps10_v2_p131,0.11532363295555115,1
10709,128,158,3,ps10_v2_p131,0.11532363295555115,1
10710,128,159,3,ps10_v2_p131,0.11532363295555115,1
10711,128,160,3,ps10_v2_p131,0.11532363295555115,1
10712,128,161,3,ps10_v2_p131,0.11532363295555115,1
10713,128,162,3,ps10_v2_p131,0.11532363295555115,1
10714,128,164,3,ps10_v2_p132,0.11692529916763306,1
10715,128,165,5,ps10_v2_p246,0.1360836774110794,1
10716,128,166,5,ps10_v2_p246,0.1360836774110794,1
10717,128,167,5,ps10_v2_p246,0.1360836774110794,1
10718,128,169,5,ps10_v2_p247,0.1034960225224495,1
10719,128,170,5,ps10_v2_p247,0.1034960225224495,1
10720,128,171,5,ps10_v2_p247,0.1034960225224495,1
10721,128,172,5,ps10_v2_p247,0.1034960225224495,1
10722,128,176,5,ps10_v2_p247,0.1034960225224495,1
10723,128,177,5,ps10_v2_p247,0.1034960225224495,1
10724,128,178,5,ps10_v2_p247,0.1034960225224495,1
10725,128,179,5,ps10_v2_p248,0.09801372140645981,1
10726,128,181,5,ps10_v2_p248,0.09801372140645981,1
10727,128,184,5,ps10_v2_p248,0.09801372140645981,1
10728,128,185,5,ps10_v2_p248,0.09801372140645981,1
10729,128,186,5,ps10_v2_p248,0.09801372140645981,1
10730,128,187,5,ps10_v2_p248,0.09801372140645981,1
10731,128,189,5,ps10_v2_p249,0.10128095000982285,1
10732,128,192,5,ps10_v2_p249,0.10128095000982285,1
10733,128,193,5,ps10_v2_p249,0.10128095000982285,1
10734,128,194,5,ps10_v2_p249,0.10128095000982285,1
10735,128,195,5,ps10_v2_p249,0.10128095000982285,1
10736,128,196,5,ps10_v2_p249,0.10128095000982285,1
10737,128,198,5,ps10_v2_p249,0.10128095000982285,1
10738,128,204,5,ps10_v2_p250,0.07622475177049637,1
10739,128,207,5,ps10_v2_p250,0.07622475177049637,1
10740,128,209,5,ps10_v2_p251,0.09854600578546524,1
10741,128,210,5,ps10_v2_p251,0.09854600578546524,1
10742,128,212,5,ps10_v2_p251,0.09854600578546524,1
10743,129,14,2,,,0
10744,129,31,2,,,0
10745,129,41,2,ps10_v2_p074,0.08148331195116043,1
10746,129,42,2,ps10_v2_p074,0.08148331195116043,1
10747,129,43,2,ps10_v2_p074,0.08148331195116043,1
10748,129,44,2,ps10_v2_p074,0.08148331195116043,1
10749,129,45,2,ps10_v2_p074,0.08148331195116043,1
10750,129,47,2,ps10_v2_p074,0.08148331195116043,1
10751,129,48,2,ps10_v2_p074,0.08148331195116043,1
10752,129,49,2,ps10_v2_p074,0.08148331195116043,1
10753,129,51,2,ps10_v2_p075,0.10678566992282867,1
10754,129,52,2,ps10_v2_p075,0.10678566992282867,1
10755,129,54,2,ps10_v2_p075,0.10678566992282867,1
10756,129,55,2,ps10_v2_p075,0.10678566992282867,1
10757,129,56,2,ps10_v2_p075,0.10678566992282867,1
10758,129,57,2,ps10_v2_p075,0.10678566992282867,1
10759,129,58,2,ps10_v2_p075,0.10678566992282867,1
10760,129,59,2,ps10_v2_p075,0.10678566992282867,1
10761,129,60,2,ps10_v2_p076,0.13479551672935486,1
10762,129,61,2,ps10_v2_p076,0.13479551672935486,1
10763,129,62,2,ps10_v2_p076,0.13479551672935486,1
10764,129,63,2,ps10_v2_p076,0.13479551672935486,1
10765,129,64,2,ps10_v2_p076,0.13479551672935486,1
10766,129,65,2,ps10_v2_p076,0.13479551672935486,1
10767,129,66,2,ps10_v2_p076,0.13479551672935486,1
10768,129,67,2,ps10_v2_p076,0.13479551672935486,1
10769,129,68,2,ps10_v2_p076,0.13479551672935486,1
10770,129,69,2,ps10_v2_p076,0.13479551672935486,1
10771,129,70,2,,,0
10772,129,71,4,ps10_v2_p192,0.14292557537555695,1
10773,129,72,4,ps10_v2_p192,0.14292557537555695,1
10774,129,73,4,ps10_v2_p192,0.14292557537555695,1
10775,129,74,4,ps10_v2_p192,0.14292557537555695,1
10776,129,75,4,ps10_v2_p192,0.14292557537555695,1
10777,129,76,4,ps10_v2_p192,0.14292557537555695,1
10778,129,77,4,ps10_v2_p192,0.14292557537555695,1
10779,129,78,4,ps10_v2_p192,0.14292557537555695,1
10780,129,79,4,ps10_v2_p192,0.14292557537555695,1
10781,129,80,4,ps10_v2_p192,0.14292557537555695,1
10782,129,81,4,ps10_v2_p193,0.13404764235019684,1
10783,129,82,4,ps10_v2_p193,0.13404764235019684,1
10784,129,83,4,ps10_v2_p193,0.13404764235019684,1
10785,129,84,4,ps10_v2_p193,0.13404764235019684,1
10786,129,85,4,ps10_v2_p193,0.13404764235019684,1
10787,129,86,4,ps10_v2_p193,0.13404764235019684,1
10788,129,87,4,ps10_v2_p193,0.13404764235019684,1
10789,129,88,4,ps10_v2_p193,0.13404764235019684,1
10790,129,89,4,ps10_v2_p193,0.13404764235019684,1
10791,129,90,4,ps10_v2_p193,0.13404764235019684,1
10792,129,91,4,ps10_v2_p194,0.1250801682472229,1
10793,129,92,4,ps10_v2_p194,0.1250801682472229,1
10794,129,93,4,ps10_v2_p194,0.1250801682472229,1
10795,129,94,4,ps10_v2_p194,0.1250801682472229,1
10796,129,95,4,ps10_v2_p194,0.1250801682472229,1
10797,129,96,4,ps10_v2_p194,0.1250801682472229,1
10798,129,97,4,ps10_v2_p194,0.1250801682472229,1
10799,129,98,4,ps10_v2_p194,0.1250801682472229,1
10800,129,99,4,ps10_v2_p194,0.1250801682472229,1
10801,129,100,4,ps10_v2_p194,0.1250801682472229,1
10802,129,101,4,ps10_v2_p195,0.10938649624586105,1
10803,129,102,4,ps10_v2_p195,0.10938649624586105,1
10804,129,103,4,ps10_v2_p195,0.10938649624586105,1
10805,129,104,4,ps10_v2_p195,0.10938649624586105,1
10806,129,105,4,ps10_v2_p195,0.10938649624586105,1
10807,129,106,4,ps10_v2_p195,0.10938649624586105,1
10808,129,107,4,ps10_v2_p195,0.10938649624586105,1
10809,129,108,4,ps10_v2_p195,0.10938649624586105,1
10810,129,109,4,ps10_v2_p195,0.10938649624586105,1
10811,129,110,4,ps10_v2_p195,0.10938649624586105,1
10812,129,111,4,ps10_v2_p196,0.11891603469848633,1
10813,129,112,4,ps10_v2_p196,0.11891603469848633,1
10814,129,113,4,ps10_v2_p196,0.11891603469848633,1
10815,129,114,4,ps10_v2_p196,0.11891603469848633,1
10816,129,115,4,ps10_v2_p196,0.11891603469848633,1
10817,129,116,4,ps10_v2_p196,0.11891603469848633,1
10818,129,119,4,ps10_v2_p196,0.11891603469848633,1
10819,129,120,4,ps10_v2_p196,0.11891603469848633,1
10820,129,123,3,,,0
10821,129,124,3,ps10_v2_p128,0.10397367179393768,1
10822,129,125,3,ps10_v2_p128,0.10397367179393768,1
10823,129,126,3,ps10_v2_p128,0.10397367179393768,1
10824,129,128,3,ps10_v2_p128,0.10397367179393768,1
10825,129,130,3,ps10_v2_p128,0.10397367179393768,1
10826,129,132,3,ps10_v2_p128,0.10397367179393768,1
10827,129,134,3,ps10_v2_p129,0.08903475850820541,1
10828,129,135,3,ps10_v2_p129,0.08903475850820541,1
10829,129,136,3,ps10_v2_p129,0.08903475850820541,1
10830,129,137,3,ps10_v2_p129,0.08903475850820541,1
10831,129,140,3,ps10_v2_p129,0.08903475850820541,1
10832,129,142,3,ps10_v2_p129,0.08903475850820541,1
10833,129,143,3,ps10_v2_p129,0.08903475850820541,1
10834,129,144,3,ps10_v2_p130,0.11336185038089752,1
10835,129,145,3,ps10_v2_p130,0.11336185038089752,1
10836,129,146,3,ps10_v2_p130,0.11336185038089752,1
10837,129,147,3,ps10_v2_p130,0.11336185038089752,1
10838,129,148,3,ps10_v2_p130,0.11336185038089752,1
10839,129,149,3,ps10_v2_p130,0.11336185038089752,1
10840,129,150,3,ps10_v2_p130,0.11336185038089752,1
10841,129,151,3,ps10_v2_p130,0.11336185038089752,1
10842,129,152,3,ps10_v2_p130,0.11336185038089752,1
10843,129,154,3,ps10_v2_p131,0.11532363295555115,1
10844,129,155,3,ps10_v2_p131,0.11532363295555115,1
10845,129,156,3,ps10_v2_p131,0.11532363295555115,1
10846,129,157,3,ps10_v2_p131,0.11532363295555115,1
10847,129,158,3,ps10_v2_p131,0.11532363295555115,1
10848,129,159,3,ps10_v2_p131,0.11532363295555115,1
10849,129,160,3,ps10_v2_p131,0.11532363295555115,1
10850,129,161,3,ps10_v2_p131,0.11532363295555115,1
10851,129,163,3,ps10_v2_p131,0.11532363295555115,1
10852,129,164,3,ps10_v2_p132,0.11692529916763306,1
10853,129,165,5,ps10_v2_p246,0.1360836774110794,1
10854,129,166,5,ps10_v2_p246,0.1360836774110794,1
10855,129,167,5,ps10_v2_p246,0.1360836774110794,1
10856,129,168,5,ps10_v2_p246,0.1360836774110794,1
10857,129,170,5,ps10_v2_p247,0.1034960225224495,1
10858,129,171,5,ps10_v2_p247,0.1034960225224495,1
10859,129,172,5,ps10_v2_p247,0.1034960225224495,1
10860,129,173,5,ps10_v2_p247,0.1034960225224495,1
10861,129,175,5,ps10_v2_p247,0.1034960225224495,1
10862,129,176,5,ps10_v2_p247,0.1034960225224495,1
10863,129,177,5,ps10_v2_p247,0.1034960225224495,1
10864,129,178,5,ps10_v2_p247,0.1034960225224495,1
10865,129,180,5,ps10_v2_p248,0.09801372140645981,1
10866,129,182,5,ps10_v2_p248,0.09801372140645981,1
10867,129,183,5,ps10_v2_p248,0.09801372140645981,1
10868,129,185,5,ps10_v2_p248,0.09801372140645981,1
10869,129,186,5,ps10_v2_p248,0.09801372140645981,1
10870,129,187,5,ps10_v2_p248,0.09801372140645981,1
10871,129,188,5,ps10_v2_p248,0.09801372140645981,1
10872,129,190,5,ps10_v2_p249,0.10128095000982285,1
10873,129,191,5,ps10_v2_p249,0.10128095000982285,1
10874,129,193,5,ps10_v2_p249,0.10128095000982285,1
10875,129,194,5,ps10_v2_p249,0.10128095000982285,1
10876,129,196,5,ps10_v2_p249,0.10128095000982285,1
10877,129,197,5,ps10_v2_p249,0.10128095000982285,1
10878,129,199,5,ps10_v2_p250,0.07622475177049637,1
10879,129,204,5,ps10_v2_p250,0.07622475177049637,1
10880,129,205,5,ps10_v2_p250,0.07622475177049637,1
10881,129,207,5,ps10_v2_p250,0.07622475177049637,1
10882,129,208,5,ps10_v2_p250,0.07622475177049637,1
10883,129,211,5,ps10_v2_p251,0.09854600578546524,1
10884,130,15,2,,,0
10885,130,30,2,,,0
10886,130,41,2,ps10_v2_p074,0.08148331195116043,1
10887,130,47,2,ps10_v2_p074,0.08148331195116043,1
10888,130,49,2,ps10_v2_p074,0.08148331195116043,1
10889,130,53,2,ps10_v2_p075,0.10678566992282867,1
10890,130,54,2,ps10_v2_p075,0.10678566992282867,1
10891,130,55,2,ps10_v2_p075,0.10678566992282867,1
10892,130,56,2,ps10_v2_p075,0.10678566992282867,1
10893,130,57,2,ps10_v2_p075,0.10678566992282867,1
10894,130,58,2,ps10_v2_p075,0.10678566992282867,1
10895,130,59,2,ps10_v2_p075,0.10678566992282867,1
10896,130,60,2,ps10_v2_p076,0.13479551672935486,1
10897,130,61,2,ps10_v2_p076,0.13479551672935486,1
10898,130,62,2,ps10_v2_p076,0.13479551672935486,1
10899,130,63,2,ps10_v2_p076,0.13479551672935486,1
10900,130,64,2,ps10_v2_p076,0.13479551672935486,1
10901,130,65,2,ps10_v2_p076,0.13479551672935486,1
10902,130,66,2,ps10_v2_p076,0.13479551672935486,1
10903,130,67,2,ps10_v2_p076,0.13479551672935486,1
10904,130,68,2,ps10_v2_p076,0.13479551672935486,1
10905,130,69,2,ps10_v2_p076,0.13479551672935486,1
10906,130,70,2,,,0
10907,130,71,4,ps10_v2_p192,0.14292557537555695,1
10908,130,72,4,ps10_v2_p192,0.14292557537555695,1
10909,130,73,4,ps10_v2_p192,0.14292557537555695,1
10910,130,74,4,ps10_v2_p192,0.14292557537555695,1
10911,130,75,4,ps10_v2_p192,0.14292557537555695,1
10912,130,76,4,ps10_v2_p192,0.14292557537555695,1
10913,130,77,4,ps10_v2_p192,0.14292557537555695,1
10914,130,78,4,ps10_v2_p192,0.14292557537555695,1
10915,130,79,4,ps10_v2_p192,0.14292557537555695,1
10916,130,80,4,ps10_v2_p192,0.14292557537555695,1
10917,130,81,4,ps10_v2_p193,0.13404764235019684,1
10918,130,82,4,ps10_v2_p193,0.13404764235019684,1
10919,130,83,4,ps10_v2_p193,0.13404764235019684,1
10920,130,84,4,ps10_v2_p193,0.13404764235019684,1
10921,130,85,4,ps10_v2_p193,0.13404764235019684,1
10922,130,86,4,ps10_v2_p193,0.13404764235019684,1
10923,130,87,4,ps10_v2_p193,0.13404764235019684,1
10924,130,88,4,ps10_v2_p193,0.13404764235019684,1
10925,130,89,4,ps10_v2_p193,0.13404764235019684,1
10926,130,90,4,ps10_v2_p193,0.13404764235019684,1
10927,130,91,4,ps10_v2_p194,0.1250801682472229,1
10928,130,92,4,ps10_v2_p194,0.1250801682472229,1
10929,130,93,4,ps10_v2_p194,0.1250801682472229,1
10930,130,94,4,ps10_v2_p194,0.1250801682472229,1
10931,130,95,4,ps10_v2_p194,0.1250801682472229,1
10932,130,96,4,ps10_v2_p194,0.1250801682472229,1
10933,130,97,4,ps10_v2_p194,0.1250801682472229,1
10934,130,98,4,ps10_v2_p194,0.1250801682472229,1
10935,130,99,4,ps10_v2_p194,0.1250801682472229,1
10936,130,100,4,ps10_v2_p194,0.1250801682472229,1
10937,130,101,4,ps10_v2_p195,0.10938649624586105,1
10938,130,102,4,ps10_v2_p195,0.10938649624586105,1
10939,130,103,4,ps10_v2_p195,0.10938649624586105,1
10940,130,104,4,ps10_v2_p195,0.10938649624586105,1
10941,130,105,4,ps10_v2_p195,0.10938649624586105,1
10942,130,106,4,ps10_v2_p195,0.10938649624586105,1
10943,130,107,4,ps10_v2_p195,0.10938649624586105,1
10944,130,108,4,ps10_v2_p195,0.10938649624586105,1
10945,130,109,4,ps10_v2_p195,0.10938649624586105,1
10946,130,110,4,ps10_v2_p195,0.10938649624586105,1
10947,130,111,4,ps10_v2_p196,0.11891603469848633,1
10948,130,112,4,ps10_v2_p196,0.11891603469848633,1
10949,130,113,4,ps10_v2_p196,0.11891603469848633,1
10950,130,114,4,ps10_v2_p196,0.11891603469848633,1
10951,130,115,4,ps10_v2_p196,0.11891603469848633,1
10952,130,116,4,ps10_v2_p196,0.11891603469848633,1
10953,130,117,4,ps10_v2_p196,0.11891603469848633,1
10954,130,119,4,ps10_v2_p196,0.11891603469848633,1
10955,130,120,4,ps10_v2_p196,0.11891603469848633,1
10956,130,122,3,,,0
10957,130,123,3,,,0
10958,130,125,3,ps10_v2_p133,0.11476501822471619,1
10959,130,128,3,ps10_v2_p133,0.11476501822471619,1
10960,130,129,3,ps10_v2_p133,0.11476501822471619,1
10961,130,130,3,ps10_v2_p133,0.11476501822471619,1
10962,130,131,3,ps10_v2_p133,0.11476501822471619,1
10963,130,133,3,ps10_v2_p133,0.11476501822471619,1
10964,130,134,3,ps10_v2_p134,0.09930495917797089,1
10965,130,135,3,ps10_v2_p134,0.09930495917797089,1
10966,130,136,3,ps10_v2_p134,0.09930495917797089,1
10967,130,137,3,ps10_v2_p134,0.09930495917797089,1
10968,130,138,3,ps10_v2_p134,0.09930495917797089,1
10969,130,139,3,ps10_v2_p134,0.09930495917797089,1
10970,130,140,3,ps10_v2_p134,0.09930495917797089,1
10971,130,142,3,ps10_v2_p134,0.09930495917797089,1
10972,130,143,3,ps10_v2_p134,0.09930495917797089,1
10973,130,144,3,ps10_v2_p135,0.13930226862430573,1
10974,130,145,3,ps10_v2_p135,0.13930226862430573,1
10975,130,146,3,ps10_v2_p135,0.13930226862430573,1
10976,130,147,3,ps10_v2_p135,0.13930226862430573,1
10977,130,148,3,ps10_v2_p135,0.13930226862430573,1
10978,130,149,3,ps10_v2_p135,0.13930226862430573,1
10979,130,150,3,ps10_v2_p135,0.13930226862430573,1
10980,130,151,3,ps10_v2_p135,0.13930226862430573,1
10981,130,153,3,ps10_v2_p135,0.13930226862430573,1
10982,130,154,3,ps10_v2_p136,0.13934801518917084,1
10983,130,155,3,ps10_v2_p136,0.13934801518917084,1
10984,130,156,3,ps10_v2_p136,0.13934801518917084,1
10985,130,157,3,ps10_v2_p136,0.13934801518917084,1
10986,130,158,3,ps10_v2_p136,0.13934801518917084,1
10987,130,159,3,ps10_v2_p136,0.13934801518917084,1
10988,130,160,3,ps10_v2_p136,0.13934801518917084,1
10989,130,162,3,ps10_v2_p136,0.13934801518917084,1
10990,130,163,3,ps10_v2_p136,0.13934801518917084,1
10991,130,164,5,ps10_v2_p246,0.1360836774110794,1
10992,130,165,5,ps10_v2_p246,0.1360836774110794,1
10993,130,166,5,ps10_v2_p246,0.1360836774110794,1
10994,130,167,5,ps10_v2_p246,0.1360836774110794,1
10995,130,169,5,ps10_v2_p247,0.1034960225224495,1
10996,130,170,5,ps10_v2_p247,0.1034960225224495,1
10997,130,171,5,ps10_v2_p247,0.1034960225224495,1
10998,130,172,5,ps10_v2_p247,0.1034960225224495,1
10999,130,174,5,ps10_v2_p247,0.1034960225224495,1
11000,130,176,5,ps10_v2_p247,0.1034960225224495,1
11001,130,179,5,ps10_v2_p248,0.09801372140645981,1
11002,130,181,5,ps10_v2_p248,0.09801372140645981,1
11003,130,182,5,ps10_v2_p248,0.09801372140645981,1
11004,130,183,5,ps10_v2_p248,0.09801372140645981,1
11005,130,184,5,ps10_v2_p248,0.09801372140645981,1
11006,130,185,5,ps10_v2_p248,0.09801372140645981,1
11007,130,186,5,ps10_v2_p248,0.09801372140645981,1
11008,130,187,5,ps10_v2_p248,0.09801372140645981,1
11009,130,189,5,ps10_v2_p249,0.10128095000982285,1
11010,130,190,5,ps10_v2_p249,0.10128095000982285,1
11011,130,191,5,ps10_v2_p249,0.10128095000982285,1
11012,130,192,5,ps10_v2_p249,0.10128095000982285,1
11013,130,193,5,ps10_v2_p249,0.10128095000982285,1
11014,130,194,5,ps10_v2_p249,0.10128095000982285,1
11015,130,195,5,ps10_v2_p249,0.10128095000982285,1
11016,130,203,5,ps10_v2_p250,0.07622475177049637,1
11017,130,204,5,ps10_v2_p250,0.07622475177049637,1
11018,130,206,5,ps10_v2_p250,0.07622475177049637,1
11019,130,207,5,ps10_v2_p250,0.07622475177049637,1
11020,130,209,5,ps10_v2_p251,0.09854600578546524,1
11021,130,210,5,ps10_v2_p251,0.09854600578546524,1
11022,131,13,2,,,0
11023,131,47,2,ps10_v2_p074,0.08148331195116043,1
11024,131,49,2,ps10_v2_p074,0.08148331195116043,1
11025,131,53,2,ps10_v2_p075,0.10678566992282867,1
11026,131,54,2,ps10_v2_p075,0.10678566992282867,1
11027,131,55,2,ps10_v2_p075,0.10678566992282867,1
11028,131,56,2,ps10_v2_p075,0.10678566992282867,1
11029,131,57,2,ps10_v2_p075,0.10678566992282867,1
11030,131,58,2,ps10_v2_p075,0.10678566992282867,1
11031,131,59,2,ps10_v2_p075,0.10678566992282867,1
11032,131,60,2,ps10_v2_p076,0.13479551672935486,1
11033,131,61,2,ps10_v2_p076,0.13479551672935486,1
11034,131,62,2,ps10_v2_p076,0.13479551672935486,1
11035,131,63,2,ps10_v2_p076,0.13479551672935486,1
11036,131,64,2,ps10_v2_p076,0.13479551672935486,1
11037,131,65,2,ps10_v2_p076,0.13479551672935486,1
11038,131,66,2,ps10_v2_p076,0.13479551672935486,1
11039,131,67,2,ps10_v2_p076,0.13479551672935486,1
11040,131,68,2,ps10_v2_p076,0.13479551672935486,1
11041,131,69,2,ps10_v2_p076,0.13479551672935486,1
11042,131,70,2,,,0
11043,131,71,4,ps10_v2_p192,0.14292557537555695,1
11044,131,72,4,ps10_v2_p192,0.14292557537555695,1
11045,131,73,4,ps10_v2_p192,0.14292557537555695,1
11046,131,74,4,ps10_v2_p192,0.14292557537555695,1
11047,131,75,4,ps10_v2_p192,0.14292557537555695,1
11048,131,76,4,ps10_v2_p192,0.14292557537555695,1
11049,131,77,4,ps10_v2_p192,0.14292557537555695,1
11050,131,78,4,ps10_v2_p192,0.14292557537555695,1
11051,131,79,4,ps10_v2_p192,0.14292557537555695,1
11052,131,80,4,ps10_v2_p192,0.14292557537555695,1
11053,131,81,4,ps10_v2_p193,0.13404764235019684,1
11054,131,82,4,ps10_v2_p193,0.13404764235019684,1
11055,131,83,4,ps10_v2_p193,0.13404764235019684,1
11056,131,84,4,ps10_v2_p193,0.13404764235019684,1
11057,131,85,4,ps10_v2_p193,0.13404764235019684,1
11058,131,86,4,ps10_v2_p193,0.13404764235019684,1
11059,131,87,4,ps10_v2_p193,0.13404764235019684,1
11060,131,88,4,ps10_v2_p193,0.13404764235019684,1
11061,131,89,4,ps10_v2_p193,0.13404764235019684,1
11062,131,90,4,ps10_v2_p193,0.13404764235019684,1
11063,131,91,4,ps10_v2_p194,0.1250801682472229,1
11064,131,92,4,ps10_v2_p194,0.1250801682472229,1
11065,131,93,4,ps10_v2_p194,0.1250801682472229,1
11066,131,94,4,ps10_v2_p194,0.1250801682472229,1
11067,131,95,4,ps10_v2_p194,0.1250801682472229,1
11068,131,96,4,ps10_v2_p194,0.1250801682472229,1
11069,131,97,4,ps10_v2_p194,0.1250801682472229,1
11070,131,98,4,ps10_v2_p194,0.1250801682472229,1
11071,131,99,4,ps10_v2_p194,0.1250801682472229,1
11072,131,100,4,ps10_v2_p194,0.1250801682472229,1
11073,131,101,4,ps10_v2_p195,0.10938649624586105,1
11074,131,102,4,ps10_v2_p195,0.10938649624586105,1
11075,131,103,4,ps10_v2_p195,0.10938649624586105,1
11076,131,104,4,ps10_v2_p195,0.10938649624586105,1
11077,131,106,4,ps10_v2_p195,0.10938649624586105,1
11078,131,108,4,ps10_v2_p195,0.10938649624586105,1
11079,131,109,4,ps10_v2_p195,0.10938649624586105,1
11080,131,110,4,ps10_v2_p195,0.10938649624586105,1
11081,131,111,4,ps10_v2_p196,0.11891603469848633,1
11082,131,112,4,ps10_v2_p196,0.11891603469848633,1
11083,131,113,4,ps10_v2_p196,0.11891603469848633,1
11084,131,114,4,ps10_v2_p196,0.11891603469848633,1
11085,131,115,4,ps10_v2_p196,0.11891603469848633,1
11086,131,116,4,ps10_v2_p196,0.11891603469848633,1
11087,131,117,4,ps10_v2_p196,0.11891603469848633,1
11088,131,118,4,ps10_v2_p196,0.11891603469848633,1
11089,131,119,4,ps10_v2_p196,0.11891603469848633,1
11090,131,127,3,ps10_v2_p133,0.11476501822471619,1
11091,131,128,3,ps10_v2_p133,0.11476501822471619,1
11092,131,129,3,ps10_v2_p133,0.11476501822471619,1
11093,131,130,3,ps10_v2_p133,0.11476501822471619,1
11094,131,132,3,ps10_v2_p133,0.11476501822471619,1
11095,131,134,3,ps10_v2_p134,0.09930495917797089,1
11096,131,135,3,ps10_v2_p134,0.09930495917797089,1
11097,131,136,3,ps10_v2_p134,0.09930495917797089,1
11098,131,137,3,ps10_v2_p134,0.09930495917797089,1
11099,131,138,3,ps10_v2_p134,0.09930495917797089,1
11100,131,139,3,ps10_v2_p134,0.09930495917797089,1
11101,131,140,3,ps10_v2_p134,0.09930495917797089,1
11102,131,142,3,ps10_v2_p134,0.09930495917797089,1
11103,131,143,3,ps10_v2_p134,0.09930495917797089,1
11104,131,144,3,ps10_v2_p135,0.13930226862430573,1
11105,131,145,3,ps10_v2_p135,0.13930226862430573,1
11106,131,146,3,ps10_v2_p135,0.13930226862430573,1
11107,131,147,3,ps10_v2_p135,0.13930226862430573,1
11108,131,148,3,ps10_v2_p135,0.13930226862430573,1
11109,131,149,3,ps10_v2_p135,0.13930226862430573,1
11110,131,150,3,ps10_v2_p135,0.13930226862430573,1
11111,131,152,3,ps10_v2_p135,0.13930226862430573,1
11112,131,153,3,ps10_v2_p135,0.13930226862430573,1
11113,131,154,3,ps10_v2_p136,0.13934801518917084,1
11114,131,155,3,ps10_v2_p136,0.13934801518917084,1
11115,131,156,3,ps10_v2_p136,0.13934801518917084,1
11116,131,157,3,ps10_v2_p136,0.13934801518917084,1
11117,131,158,3,ps10_v2_p136,0.13934801518917084,1
11118,131,159,3,ps10_v2_p136,0.13934801518917084,1
11119,131,160,3,ps10_v2_p136,0.13934801518917084,1
11120,131,161,3,ps10_v2_p136,0.13934801518917084,1
11121,131,163,5,ps10_v2_p246,0.1360836774110794,1
11122,131,164,5,ps10_v2_p246,0.1360836774110794,1
11123,131,165,5,ps10_v2_p246,0.1360836774110794,1
11124,131,166,5,ps10_v2_p246,0.1360836774110794,1
11125,131,167,5,ps10_v2_p246,0.1360836774110794,1
11126,131,168,5,ps10_v2_p246,0.1360836774110794,1
11127,131,170,5,ps10_v2_p247,0.1034960225224495,1
11128,131,173,5,ps10_v2_p247,0.1034960225224495,1
11129,131,174,5,ps10_v2_p247,0.1034960225224495,1
11130,131,175,5,ps10_v2_p247,0.1034960225224495,1
11131,131,177,5,ps10_v2_p247,0.1034960225224495,1
11132,131,178,5,ps10_v2_p247,0.1034960225224495,1
11133,131,180,5,ps10_v2_p248,0.09801372140645981,1
11134,131,181,5,ps10_v2_p248,0.09801372140645981,1
11135,131,182,5,ps10_v2_p248,0.09801372140645981,1
11136,131,183,5,ps10_v2_p248,0.09801372140645981,1
11137,131,185,5,ps10_v2_p248,0.09801372140645981,1
11138,131,186,5,ps10_v2_p248,0.09801372140645981,1
11139,131,187,5,ps10_v2_p248,0.09801372140645981,1
11140,131,188,5,ps10_v2_p248,0.09801372140645981,1
11141,131,190,5,ps10_v2_p249,0.10128095000982285,1
11142,131,191,5,ps10_v2_p249,0.10128095000982285,1
11143,131,193,5,ps10_v2_p249,0.10128095000982285,1
11144,131,194,5,ps10_v2_p249,0.10128095000982285,1
11145,131,199,5,ps10_v2_p250,0.07622475177049637,1
11146,131,201,5,ps10_v2_p250,0.07622475177049637,1
11147,131,205,5,ps10_v2_p250,0.07622475177049637,1
11148,131,207,5,ps10_v2_p250,0.07622475177049637,1
11149,131,208,5,ps10_v2_p250,0.07622475177049637,1
11150,131,210,5,ps10_v2_p251,0.09854600578546524,1
11151,132,18,2,,,0
11152,132,19,2,,,0
11153,132,20,2,,,0
11154,132,24,2,,,0
11155,132,40,2,ps10_v2_p074,0.08148331195116043,1
11156,132,41,2,ps10_v2_p074,0.08148331195116043,1
11157,132,48,2,ps10_v2_p074,0.08148331195116043,1
11158,132,49,2,ps10_v2_p074,0.08148331195116043,1
11159,132,53,2,ps10_v2_p075,0.10678566992282867,1
11160,132,54,2,ps10_v2_p075,0.10678566992282867,1
11161,132,55,2,ps10_v2_p075,0.10678566992282867,1
11162,132,56,2,ps10_v2_p075,0.10678566992282867,1
11163,132,57,2,ps10_v2_p075,0.10678566992282867,1
11164,132,58,2,ps10_v2_p075,0.10678566992282867,1
11165,132,59,2,ps10_v2_p075,0.10678566992282867,1
11166,132,60,2,ps10_v2_p076,0.13479551672935486,1
11167,132,61,2,ps10_v2_p076,0.13479551672935486,1
11168,132,62,2,ps10_v2_p076,0.13479551672935486,1
11169,132,63,2,ps10_v2_p076,0.13479551672935486,1
11170,132,64,2,ps10_v2_p076,0.13479551672935486,1
11171,132,65,2,ps10_v2_p076,0.13479551672935486,1
11172,132,66,2,ps10_v2_p076,0.13479551672935486,1
11173,132,67,2,ps10_v2_p076,0.13479551672935486,1
11174,132,68,2,ps10_v2_p076,0.13479551672935486,1
11175,132,69,2,ps10_v2_p076,0.13479551672935486,1
11176,132,70,2,,,0
11177,132,71,4,ps10_v2_p192,0.14292557537555695,1
11178,132,72,4,ps10_v2_p192,0.14292557537555695,1
11179,132,73,4,ps10_v2_p192,0.14292557537555695,1
11180,132,74,4,ps10_v2_p192,0.14292557537555695,1
11181,132,75,4,ps10_v2_p192,0.14292557537555695,1
11182,132,76,4,ps10_v2_p192,0.14292557537555695,1
11183,132,77,4,ps10_v2_p192,0.14292557537555695,1
11184,132,78,4,ps10_v2_p192,0.14292557537555695,1
11185,132,79,4,ps10_v2_p192,0.14292557537555695,1
11186,132,80,4,ps10_v2_p192,0.14292557537555695,1
11187,132,81,4,ps10_v2_p193,0.13404764235019684,1
11188,132,82,4,ps10_v2_p193,0.13404764235019684,1
11189,132,83,4,ps10_v2_p193,0.13404764235019684,1
11190,132,84,4,ps10_v2_p193,0.13404764235019684,1
11191,132,85,4,ps10_v2_p193,0.13404764235019684,1
11192,132,86,4,ps10_v2_p193,0.13404764235019684,1
11193,132,87,4,ps10_v2_p193,0.13404764235019684,1
11194,132,88,4,ps10_v2_p193,0.13404764235019684,1
11195,132,89,4,ps10_v2_p193,0.13404764235019684,1
11196,132,90,4,ps10_v2_p193,0.13404764235019684,1
11197,132,91,4,ps10_v2_p194,0.1250801682472229,1
11198,132,92,4,ps10_v2_p194,0.1250801682472229,1
11199,132,93,4,ps10_v2_p194,0.1250801682472229,1
11200,132,94,4,ps10_v2_p194,0.1250801682472229,1
11201,132,95,4,ps10_v2_p194,0.1250801682472229,1
11202,132,96,4,ps10_v2_p194,0.1250801682472229,1
11203,132,97,4,ps10_v2_p194,0.1250801682472229,1
11204,132,98,4,ps10_v2_p194,0.1250801682472229,1
11205,132,99,4,ps10_v2_p194,0.1250801682472229,1
11206,132,100,4,ps10_v2_p194,0.1250801682472229,1
11207,132,101,4,ps10_v2_p195,0.10938649624586105,1
11208,132,102,4,ps10_v2_p195,0.10938649624586105,1
11209,132,103,4,ps10_v2_p195,0.10938649624586105,1
11210,132,104,4,ps10_v2_p195,0.10938649624586105,1
11211,132,105,4,ps10_v2_p195,0.10938649624586105,1
11212,132,106,4,ps10_v2_p195,0.10938649624586105,1
11213,132,107,4,ps10_v2_p195,0.10938649624586105,1
11214,132,108,4,ps10_v2_p195,0.10938649624586105,1
11215,132,109,4,ps10_v2_p195,0.10938649624586105,1
11216,132,110,4,ps10_v2_p195,0.10938649624586105,1
11217,132,111,4,ps10_v2_p196,0.11891603469848633,1
11218,132,112,4,ps10_v2_p196,0.11891603469848633,1
11219,132,113,4,ps10_v2_p196,0.11891603469848633,1
11220,132,114,4,ps10_v2_p196,0.11891603469848633,1
11221,132,115,4,ps10_v2_p196,0.11891603469848633,1
11222,132,116,4,ps10_v2_p196,0.11891603469848633,1
11223,132,117,4,ps10_v2_p196,0.11891603469848633,1
11224,132,118,4,ps10_v2_p196,0.11891603469848633,1
11225,132,119,4,ps10_v2_p196,0.11891603469848633,1
11226,132,127,3,ps10_v2_p133,0.11476501822471619,1
11227,132,128,3,ps10_v2_p133,0.11476501822471619,1
11228,132,129,3,ps10_v2_p133,0.11476501822471619,1
11229,132,131,3,ps10_v2_p133,0.11476501822471619,1
11230,132,132,3,ps10_v2_p133,0.11476501822471619,1
11231,132,133,3,ps10_v2_p133,0.11476501822471619,1
11232,132,134,3,ps10_v2_p134,0.09930495917797089,1
11233,132,135,3,ps10_v2_p134,0.09930495917797089,1
11234,132,136,3,ps10_v2_p134,0.09930495917797089,1
11235,132,137,3,ps10_v2_p134,0.09930495917797089,1
11236,132,138,3,ps10_v2_p134,0.09930495917797089,1
11237,132,139,3,ps10_v2_p134,0.09930495917797089,1
11238,132,140,3,ps10_v2_p134,0.09930495917797089,1
11239,132,141,3,ps10_v2_p134,0.09930495917797089,1
11240,132,142,3,ps10_v2_p134,0.09930495917797089,1
11241,132,143,3,ps10_v2_p134,0.09930495917797089,1
11242,132,144,3,ps10_v2_p135,0.13930226862430573,1
11243,132,145,3,ps10_v2_p135,0.13930226862430573,1
11244,132,146,3,ps10_v2_p135,0.13930226862430573,1
11245,132,147,3,ps10_v2_p135,0.13930226862430573,1
11246,132,148,3,ps10_v2_p135,0.13930226862430573,1
11247,132,149,3,ps10_v2_p135,0.13930226862430573,1
11248,132,150,3,ps10_v2_p135,0.13930226862430573,1
11249,132,151,3,ps10_v2_p135,0.13930226862430573,1
11250,132,153,3,ps10_v2_p135,0.13930226862430573,1
11251,132,154,3,ps10_v2_p136,0.13934801518917084,1
11252,132,155,3,ps10_v2_p136,0.13934801518917084,1
11253,132,156,3,ps10_v2_p136,0.13934801518917084,1
11254,132,157,3,ps10_v2_p136,0.13934801518917084,1
11255,132,158,3,ps10_v2_p136,0.13934801518917084,1
11256,132,159,3,ps10_v2_p136,0.13934801518917084,1
11257,132,160,3,ps10_v2_p136,0.13934801518917084,1
11258,132,162,3,ps10_v2_p136,0.13934801518917084,1
11259,132,163,5,ps10_v2_p246,0.1360836774110794,1
11260,132,164,5,ps10_v2_p246,0.1360836774110794,1
11261,132,165,5,ps10_v2_p246,0.1360836774110794,1
11262,132,166,5,ps10_v2_p246,0.1360836774110794,1
11263,132,167,5,ps10_v2_p246,0.1360836774110794,1
11264,132,168,5,ps10_v2_p246,0.1360836774110794,1
11265,132,169,5,ps10_v2_p247,0.1034960225224495,1
11266,132,170,5,ps10_v2_p247,0.1034960225224495,1
11267,132,171,5,ps10_v2_p247,0.1034960225224495,1
11268,132,172,5,ps10_v2_p247,0.1034960225224495,1
11269,132,173,5,ps10_v2_p247,0.1034960225224495,1
11270,132,174,5,ps10_v2_p247,0.1034960225224495,1
11271,132,176,5,ps10_v2_p247,0.1034960225224495,1
11272,132,177,5,ps10_v2_p247,0.1034960225224495,1
11273,132,178,5,ps10_v2_p247,0.1034960225224495,1
11274,132,179,5,ps10_v2_p248,0.09801372140645981,1
11275,132,181,5,ps10_v2_p248,0.09801372140645981,1
11276,132,182,5,ps10_v2_p248,0.09801372140645981,1
11277,132,183,5,ps10_v2_p248,0.09801372140645981,1
11278,132,184,5,ps10_v2_p248,0.09801372140645981,1
11279,132,186,5,ps10_v2_p248,0.09801372140645981,1
11280,132,187,5,ps10_v2_p248,0.09801372140645981,1
11281,132,189,5,ps10_v2_p249,0.10128095000982285,1
11282,132,190,5,ps10_v2_p249,0.10128095000982285,1
11283,132,191,5,ps10_v2_p249,0.10128095000982285,1
11284,132,192,5,ps10_v2_p249,0.10128095000982285,1
11285,132,194,5,ps10_v2_p249,0.10128095000982285,1
11286,132,200,5,ps10_v2_p250,0.07622475177049637,1
11287,132,201,5,ps10_v2_p250,0.07622475177049637,1
11288,132,203,5,ps10_v2_p250,0.07622475177049637,1
11289,132,206,5,ps10_v2_p250,0.07622475177049637,1
11290,132,208,5,ps10_v2_p250,0.07622475177049637,1
11291,132,209,5,ps10_v2_p251,0.09854600578546524,1
11292,133,18,2,,,0
11293,133,23,2,,,0
11294,133,24,2,,,0
11295,133,40,2,ps10_v2_p074,0.08148331195116043,1
11296,133,41,2,ps10_v2_p074,0.08148331195116043,1
11297,133,48,2,ps10_v2_p074,0.08148331195116043,1
11298,133,52,2,ps10_v2_p075,0.10678566992282867,1
11299,133,55,2,ps10_v2_p075,0.10678566992282867,1
11300,133,56,2,ps10_v2_p075,0.10678566992282867,1
11301,133,57,2,ps10_v2_p075,0.10678566992282867,1
11302,133,58,2,ps10_v2_p075,0.10678566992282867,1
11303,133,59,2,ps10_v2_p075,0.10678566992282867,1
11304,133,60,2,ps10_v2_p076,0.13479551672935486,1
11305,133,61,2,ps10_v2_p076,0.13479551672935486,1
11306,133,62,2,ps10_v2_p076,0.13479551672935486,1
11307,133,63,2,ps10_v2_p076,0.13479551672935486,1
11308,133,64,2,ps10_v2_p076,0.13479551672935486,1
11309,133,65,2,ps10_v2_p076,0.13479551672935486,1
11310,133,66,2,ps10_v2_p076,0.13479551672935486,1
11311,133,67,2,ps10_v2_p076,0.13479551672935486,1
11312,133,68,2,ps10_v2_p076,0.13479551672935486,1
11313,133,69,2,ps10_v2_p076,0.13479551672935486,1
11314,133,70,2,,,0
11315,133,71,4,ps10_v2_p192,0.14292557537555695,1
11316,133,72,4,ps10_v2_p192,0.14292557537555695,1
11317,133,73,4,ps10_v2_p192,0.14292557537555695,1
11318,133,74,4,ps10_v2_p192,0.14292557537555695,1
11319,133,75,4,ps10_v2_p192,0.14292557537555695,1
11320,133,76,4,ps10_v2_p192,0.14292557537555695,1
11321,133,77,4,ps10_v2_p192,0.14292557537555695,1
11322,133,78,4,ps10_v2_p192,0.14292557537555695,1
11323,133,79,4,ps10_v2_p192,0.14292557537555695,1
11324,133,80,4,ps10_v2_p192,0.14292557537555695,1
11325,133,81,4,ps10_v2_p193,0.13404764235019684,1
11326,133,82,4,ps10_v2_p193,0.13404764235019684,1
11327,133,83,4,ps10_v2_p193,0.13404764235019684,1
11328,133,84,4,ps10_v2_p193,0.13404764235019684,1
11329,133,85,4,ps10_v2_p193,0.13404764235019684,1
11330,133,86,4,ps10_v2_p193,0.13404764235019684,1
11331,133,87,4,ps10_v2_p193,0.13404764235019684,1
11332,133,88,4,ps10_v2_p193,0.13404764235019684,1
11333,133,89,4,ps10_v2_p193,0.13404764235019684,1
11334,133,90,4,ps10_v2_p193,0.13404764235019684,1
11335,133,91,4,ps10_v2_p194,0.1250801682472229,1
11336,133,92,4,ps10_v2_p194,0.1250801682472229,1
11337,133,93,4,ps10_v2_p194,0.1250801682472229,1
11338,133,94,4,ps10_v2_p194,0.1250801682472229,1
11339,133,95,4,ps10_v2_p194,0.1250801682472229,1
11340,133,96,4,ps10_v2_p194,0.1250801682472229,1
11341,133,97,4,ps10_v2_p194,0.1250801682472229,1
11342,133,98,4,ps10_v2_p194,0.1250801682472229,1
11343,133,100,4,ps10_v2_p194,0.1250801682472229,1
11344,133,101,4,ps10_v2_p195,0.10938649624586105,1
11345,133,102,4,ps10_v2_p195,0.10938649624586105,1
11346,133,103,4,ps10_v2_p195,0.10938649624586105,1
11347,133,104,4,ps10_v2_p195,0.10938649624586105,1
11348,133,105,4,ps10_v2_p195,0.10938649624586105,1
11349,133,106,4,ps10_v2_p195,0.10938649624586105,1
11350,133,107,4,ps10_v2_p195,0.10938649624586105,1
11351,133,108,4,ps10_v2_p195,0.10938649624586105,1
11352,133,109,4,ps10_v2_p195,0.10938649624586105,1
11353,133,110,4,ps10_v2_p195,0.10938649624586105,1
11354,133,111,4,ps10_v2_p196,0.11891603469848633,1
11355,133,112,4,ps10_v2_p196,0.11891603469848633,1
11356,133,113,4,ps10_v2_p196,0.11891603469848633,1
11357,133,114,4,ps10_v2_p196,0.11891603469848633,1
11358,133,115,4,ps10_v2_p196,0.11891603469848633,1
11359,133,116,4,ps10_v2_p196,0.11891603469848633,1
11360,133,117,4,ps10_v2_p196,0.11891603469848633,1
11361,133,118,4,ps10_v2_p196,0.11891603469848633,1
11362,133,130,3,ps10_v2_p133,0.11476501822471619,1
11363,133,132,3,ps10_v2_p133,0.11476501822471619,1
11364,133,134,3,ps10_v2_p134,0.09930495917797089,1
11365,133,135,3,ps10_v2_p134,0.09930495917797089,1
11366,133,136,3,ps10_v2_p134,0.09930495917797089,1
11367,133,137,3,ps10_v2_p134,0.09930495917797089,1
11368,133,138,3,ps10_v2_p134,0.09930495917797089,1
11369,133,139,3,ps10_v2_p134,0.09930495917797089,1
11370,133,140,3,ps10_v2_p134,0.09930495917797089,1
11371,133,141,3,ps10_v2_p134,0.09930495917797089,1
11372,133,142,3,ps10_v2_p134,0.09930495917797089,1
11373,133,143,3,ps10_v2_p134,0.09930495917797089,1
11374,133,144,3,ps10_v2_p135,0.13930226862430573,1
11375,133,145,3,ps10_v2_p135,0.13930226862430573,1
11376,133,146,3,ps10_v2_p135,0.13930226862430573,1
11377,133,147,3,ps10_v2_p135,0.13930226862430573,1
11378,133,148,3,ps10_v2_p135,0.13930226862430573,1
11379,133,149,3,ps10_v2_p135,0.13930226862430573,1
11380,133,150,3,ps10_v2_p135,0.13930226862430573,1
11381,133,152,3,ps10_v2_p135,0.13930226862430573,1
11382,133,153,3,ps10_v2_p135,0.13930226862430573,1
11383,133,154,3,ps10_v2_p136,0.13934801518917084,1
11384,133,155,3,ps10_v2_p136,0.13934801518917084,1
11385,133,156,3,ps10_v2_p136,0.13934801518917084,1
11386,133,157,3,ps10_v2_p136,0.13934801518917084,1
11387,133,158,3,ps10_v2_p136,0.13934801518917084,1
11388,133,159,3,ps10_v2_p136,0.13934801518917084,1
11389,133,160,3,ps10_v2_p136,0.13934801518917084,1
11390,133,161,3,ps10_v2_p136,0.13934801518917084,1
11391,133,163,5,ps10_v2_p252,0.11970937252044678,1
11392,133,164,5,ps10_v2_p252,0.11970937252044678,1
11393,133,165,5,ps10_v2_p252,0.11970937252044678,1
11394,133,166,5,ps10_v2_p252,0.11970937252044678,1
11395,133,167,5,ps10_v2_p252,0.11970937252044678,1
11396,133,168,5,ps10_v2_p252,0.11970937252044678,1
11397,133,170,5,ps10_v2_p253,0.09825775772333145,1
11398,133,171,5,ps10_v2_p253,0.09825775772333145,1
11399,133,172,5,ps10_v2_p253,0.09825775772333145,1
11400,133,173,5,ps10_v2_p253,0.09825775772333145,1
11401,133,175,5,ps10_v2_p253,0.09825775772333145,1
11402,133,176,5,ps10_v2_p253,0.09825775772333145,1
11403,133,177,5,ps10_v2_p253,0.09825775772333145,1
11404,133,178,5,ps10_v2_p253,0.09825775772333145,1
11405,133,180,5,ps10_v2_p254,0.127187117934227,1
11406,133,181,5,ps10_v2_p254,0.127187117934227,1
11407,133,182,5,ps10_v2_p254,0.127187117934227,1
11408,133,183,5,ps10_v2_p254,0.127187117934227,1
11409,133,185,5,ps10_v2_p254,0.127187117934227,1
11410,133,186,5,ps10_v2_p254,0.127187117934227,1
11411,133,187,5,ps10_v2_p254,0.127187117934227,1
11412,133,188,5,ps10_v2_p254,0.127187117934227,1
11413,133,190,5,ps10_v2_p255,0.08781998604536057,1
11414,133,191,5,ps10_v2_p255,0.08781998604536057,1
11415,133,193,5,ps10_v2_p255,0.08781998604536057,1
11416,133,197,5,ps10_v2_p255,0.08781998604536057,1
11417,133,198,5,ps10_v2_p255,0.08781998604536057,1
11418,133,199,5,ps10_v2_p256,0.0847746878862381,1
11419,133,201,5,ps10_v2_p256,0.0847746878862381,1
11420,133,202,5,ps10_v2_p256,0.0847746878862381,1
11421,133,204,5,ps10_v2_p256,0.0847746878862381,1
11422,133,207,5,ps10_v2_p256,0.0847746878862381,1
11423,133,208,5,ps10_v2_p256,0.0847746878862381,1
11424,134,16,2,,,0
11425,134,17,2,,,0
11426,134,23,2,ps10_v2_p077,0.09938186407089233,1
11427,134,24,2,ps10_v2_p077,0.09938186407089233,1
11428,134,25,2,ps10_v2_p077,0.09938186407089233,1
11429,134,27,2,ps10_v2_p077,0.09938186407089233,1
11430,134,52,2,ps10_v2_p079,0.08703242987394333,1
11431,134,53,2,ps10_v2_p079,0.08703242987394333,1
11432,134,57,2,ps10_v2_p079,0.08703242987394333,1
11433,134,58,2,ps10_v2_p079,0.08703242987394333,1
11434,134,59,2,ps10_v2_p079,0.08703242987394333,1
11435,134,60,2,ps10_v2_p080,0.12638431787490845,1
11436,134,61,2,ps10_v2_p080,0.12638431787490845,1
11437,134,62,2,ps10_v2_p080,0.12638431787490845,1
11438,134,63,2,ps10_v2_p080,0.12638431787490845,1
11439,134,64,2,ps10_v2_p080,0.12638431787490845,1
11440,134,65,2,ps10_v2_p080,0.12638431787490845,1
11441,134,66,2,ps10_v2_p080,0.12638431787490845,1
11442,134,67,2,ps10_v2_p080,0.12638431787490845,1
11443,134,68,2,ps10_v2_p080,0.12638431787490845,1
11444,134,69,2,ps10_v2_p080,0.12638431787490845,1
11445,134,70,2,,,0
11446,134,71,4,ps10_v2_p192,0.14292557537555695,1
11447,134,72,4,ps10_v2_p192,0.14292557537555695,1
11448,134,73,4,ps10_v2_p192,0.14292557537555695,1
11449,134,74,4,ps10_v2_p192,0.14292557537555695,1
11450,134,75,4,ps10_v2_p192,0.14292557537555695,1
11451,134,76,4,ps10_v2_p192,0.14292557537555695,1
11452,134,77,4,ps10_v2_p192,0.14292557537555695,1
11453,134,78,4,ps10_v2_p192,0.14292557537555695,1
11454,134,79,4,ps10_v2_p192,0.14292557537555695,1
11455,134,80,4,ps10_v2_p192,0.14292557537555695,1
11456,134,81,4,ps10_v2_p193,0.13404764235019684,1
11457,134,82,4,ps10_v2_p193,0.13404764235019684,1
11458,134,83,4,ps10_v2_p193,0.13404764235019684,1
11459,134,84,4,ps10_v2_p193,0.13404764235019684,1
11460,134,85,4,ps10_v2_p193,0.13404764235019684,1
11461,134,86,4,ps10_v2_p193,0.13404764235019684,1
11462,134,87,4,ps10_v2_p193,0.13404764235019684,1
11463,134,88,4,ps10_v2_p193,0.13404764235019684,1
11464,134,89,4,ps10_v2_p193,0.13404764235019684,1
11465,134,90,4,ps10_v2_p193,0.13404764235019684,1
11466,134,91,4,ps10_v2_p194,0.1250801682472229,1
11467,134,92,4,ps10_v2_p194,0.1250801682472229,1
11468,134,93,4,ps10_v2_p194,0.1250801682472229,1
11469,134,94,4,ps10_v2_p194,0.1250801682472229,1
11470,134,95,4,ps10_v2_p194,0.1250801682472229,1
11471,134,96,4,ps10_v2_p194,0.1250801682472229,1
11472,134,97,4,ps10_v2_p194,0.1250801682472229,1
11473,134,98,4,ps10_v2_p194,0.1250801682472229,1
11474,134,99,4,ps10_v2_p194,0.1250801682472229,1
11475,134,100,4,ps10_v2_p194,0.1250801682472229,1
11476,134,101,4,ps10_v2_p195,0.10938649624586105,1
11477,134,102,4,ps10_v2_p195,0.10938649624586105,1
11478,134,103,4,ps10_v2_p195,0.10938649624586105,1
11479,134,104,4,ps10_v2_p195,0.10938649624586105,1
11480,134,105,4,ps10_v2_p195,0.10938649624586105,1
11481,134,106,4,ps10_v2_p195,0.10938649624586105,1
11482,134,107,4,ps10_v2_p195,0.10938649624586105,1
11483,134,108,4,ps10_v2_p195,0.10938649624586105,1
11484,134,109,4,ps10_v2_p195,0.10938649624586105,1
11485,134,110,4,ps10_v2_p195,0.10938649624586105,1
11486,134,111,4,ps10_v2_p196,0.11891603469848633,1
11487,134,112,4,ps10_v2_p196,0.11891603469848633,1
11488,134,113,4,ps10_v2_p196,0.11891603469848633,1
11489,134,114,4,ps10_v2_p196,0.11891603469848633,1
11490,134,115,4,ps10_v2_p196,0.11891603469848633,1
11491,134,116,4,ps10_v2_p196,0.11891603469848633,1
11492,134,117,4,ps10_v2_p196,0.11891603469848633,1
11493,134,118,4,ps10_v2_p196,0.11891603469848633,1
11494,134,119,4,ps10_v2_p196,0.11891603469848633,1
11495,134,129,3,ps10_v2_p133,0.11476501822471619,1
11496,134,130,3,ps10_v2_p133,0.11476501822471619,1
11497,134,131,3,ps10_v2_p133,0.11476501822471619,1
11498,134,133,3,ps10_v2_p133,0.11476501822471619,1
11499,134,134,3,ps10_v2_p134,0.09930495917797089,1
11500,134,135,3,ps10_v2_p134,0.09930495917797089,1
11501,134,136,3,ps10_v2_p134,0.09930495917797089,1
11502,134,137,3,ps10_v2_p134,0.09930495917797089,1
11503,134,138,3,ps10_v2_p134,0.09930495917797089,1
11504,134,139,3,ps10_v2_p134,0.09930495917797089,1
11505,134,140,3,ps10_v2_p134,0.09930495917797089,1
11506,134,141,3,ps10_v2_p134,0.09930495917797089,1
11507,134,142,3,ps10_v2_p134,0.09930495917797089,1
11508,134,143,3,ps10_v2_p134,0.09930495917797089,1
11509,134,144,3,ps10_v2_p135,0.13930226862430573,1
11510,134,145,3,ps10_v2_p135,0.13930226862430573,1
11511,134,146,3,ps10_v2_p135,0.13930226862430573,1
11512,134,147,3,ps10_v2_p135,0.13930226862430573,1
11513,134,149,3,ps10_v2_p135,0.13930226862430573,1
11514,134,151,3,ps10_v2_p135,0.13930226862430573,1
11515,134,152,3,ps10_v2_p135,0.13930226862430573,1
11516,134,153,3,ps10_v2_p135,0.13930226862430573,1
11517,134,154,3,ps10_v2_p136,0.13934801518917084,1
11518,134,155,3,ps10_v2_p136,0.13934801518917084,1
11519,134,156,3,ps10_v2_p136,0.13934801518917084,1
11520,134,157,3,ps10_v2_p136,0.13934801518917084,1
11521,134,158,3,ps10_v2_p136,0.13934801518917084,1
11522,134,159,3,ps10_v2_p136,0.13934801518917084,1
11523,134,160,3,ps10_v2_p136,0.13934801518917084,1
11524,134,161,5,ps10_v2_p252,0.11970937252044678,1
11525,134,162,5,ps10_v2_p252,0.11970937252044678,1
11526,134,164,5,ps10_v2_p252,0.11970937252044678,1
11527,134,165,5,ps10_v2_p252,0.11970937252044678,1
11528,134,166,5,ps10_v2_p252,0.11970937252044678,1
11529,134,167,5,ps10_v2_p252,0.11970937252044678,1
11530,134,169,5,ps10_v2_p253,0.09825775772333145,1
11531,134,171,5,ps10_v2_p253,0.09825775772333145,1
11532,134,172,5,ps10_v2_p253,0.09825775772333145,1
11533,134,173,5,ps10_v2_p253,0.09825775772333145,1
11534,134,176,5,ps10_v2_p253,0.09825775772333145,1
11535,134,177,5,ps10_v2_p253,0.09825775772333145,1
11536,134,178,5,ps10_v2_p253,0.09825775772333145,1
11537,134,179,5,ps10_v2_p254,0.127187117934227,1
11538,134,181,5,ps10_v2_p254,0.127187117934227,1
11539,134,182,5,ps10_v2_p254,0.127187117934227,1
11540,134,183,5,ps10_v2_p254,0.127187117934227,1
11541,134,184,5,ps10_v2_p254,0.127187117934227,1
11542,134,186,5,ps10_v2_p254,0.127187117934227,1
11543,134,187,5,ps10_v2_p254,0.127187117934227,1
11544,134,188,5,ps10_v2_p254,0.127187117934227,1
11545,134,189,5,ps10_v2_p255,0.08781998604536057,1
11546,134,190,5,ps10_v2_p255,0.08781998604536057,1
11547,134,191,5,ps10_v2_p255,0.08781998604536057,1
11548,134,192,5,ps10_v2_p255,0.08781998604536057,1
11549,134,194,5,ps10_v2_p255,0.08781998604536057,1
11550,134,197,5,ps10_v2_p255,0.08781998604536057,1
11551,134,198,5,ps10_v2_p255,0.08781998604536057,1
11552,134,200,5,ps10_v2_p256,0.0847746878862381,1
11553,134,201,5,ps10_v2_p256,0.0847746878862381,1
11554,134,202,5,ps10_v2_p256,0.0847746878862381,1
11555,134,203,5,ps10_v2_p256,0.0847746878862381,1
11556,134,208,5,ps10_v2_p256,0.0847746878862381,1
11557,135,20,2,ps10_v2_p077,0.09938186407089233,1
11558,135,23,2,ps10_v2_p077,0.09938186407089233,1
11559,135,24,2,ps10_v2_p077,0.09938186407089233,1
11560,135,25,2,ps10_v2_p077,0.09938186407089233,1
11561,135,26,2,ps10_v2_p077,0.09938186407089233,1
11562,135,49,2,ps10_v2_p078,0.13559167087078094,1
11563,135,52,2,ps10_v2_p079,0.08703242987394333,1
11564,135,53,2,ps10_v2_p079,0.08703242987394333,1
11565,135,58,2,ps10_v2_p079,0.08703242987394333,1
11566,135,59,2,ps10_v2_p079,0.08703242987394333,1
11567,135,60,2,ps10_v2_p080,0.12638431787490845,1
11568,135,61,2,ps10_v2_p080,0.12638431787490845,1
11569,135,62,2,ps10_v2_p080,0.12638431787490845,1
11570,135,63,2,ps10_v2_p080,0.12638431787490845,1
11571,135,64,2,ps10_v2_p080,0.12638431787490845,1
11572,135,65,2,ps10_v2_p080,0.12638431787490845,1
11573,135,66,2,ps10_v2_p080,0.12638431787490845,1
11574,135,67,2,ps10_v2_p080,0.12638431787490845,1
11575,135,68,2,ps10_v2_p080,0.12638431787490845,1
11576,135,69,2,ps10_v2_p080,0.12638431787490845,1
11577,135,70,2,,,0
11578,135,71,4,ps10_v2_p192,0.14292557537555695,1
11579,135,72,4,ps10_v2_p192,0.14292557537555695,1
11580,135,73,4,ps10_v2_p192,0.14292557537555695,1
11581,135,74,4,ps10_v2_p192,0.14292557537555695,1
11582,135,75,4,ps10_v2_p192,0.14292557537555695,1
11583,135,76,4,ps10_v2_p192,0.14292557537555695,1
11584,135,77,4,ps10_v2_p192,0.14292557537555695,1
11585,135,78,4,ps10_v2_p192,0.14292557537555695,1
11586,135,79,4,ps10_v2_p192,0.14292557537555695,1
11587,135,80,4,ps10_v2_p192,0.14292557537555695,1
11588,135,81,4,ps10_v2_p193,0.13404764235019684,1
11589,135,82,4,ps10_v2_p193,0.13404764235019684,1
11590,135,83,4,ps10_v2_p193,0.13404764235019684,1
11591,135,84,4,ps10_v2_p193,0.13404764235019684,1
11592,135,85,4,ps10_v2_p193,0.13404764235019684,1
11593,135,86,4,ps10_v2_p193,0.13404764235019684,1
11594,135,87,4,ps10_v2_p193,0.13404764235019684,1
11595,135,88,4,ps10_v2_p193,0.13404764235019684,1
11596,135,89,4,ps10_v2_p193,0.13404764235019684,1
11597,135,90,4,ps10_v2_p193,0.13404764235019684,1
11598,135,91,4,ps10_v2_p194,0.1250801682472229,1
11599,135,92,4,ps10_v2_p194,0.1250801682472229,1
11600,135,93,4,ps10_v2_p194,0.1250801682472229,1
11601,135,94,4,ps10_v2_p194,0.1250801682472229,1
11602,135,95,4,ps10_v2_p194,0.1250801682472229,1
11603,135,96,4,ps10_v2_p194,0.1250801682472229,1
11604,135,97,4,ps10_v2_p194,0.1250801682472229,1
11605,135,98,4,ps10_v2_p194,0.1250801682472229,1
11606,135,99,4,ps10_v2_p194,0.1250801682472229,1
11607,135,100,4,ps10_v2_p194,0.1250801682472229,1
11608,135,101,4,ps10_v2_p195,0.10938649624586105,1
11609,135,102,4,ps10_v2_p195,0.10938649624586105,1
11610,135,103,4,ps10_v2_p195,0.10938649624586105,1
11611,135,104,4,ps10_v2_p195,0.10938649624586105,1
11612,135,105,4,ps10_v2_p195,0.10938649624586105,1
11613,135,106,4,ps10_v2_p195,0.10938649624586105,1
11614,135,107,4,ps10_v2_p195,0.10938649624586105,1
11615,135,108,4,ps10_v2_p195,0.10938649624586105,1
11616,135,109,4,ps10_v2_p195,0.10938649624586105,1
11617,135,110,4,ps10_v2_p195,0.10938649624586105,1
11618,135,111,4,ps10_v2_p196,0.11891603469848633,1
11619,135,112,4,ps10_v2_p196,0.11891603469848633,1
11620,135,113,4,ps10_v2_p196,0.11891603469848633,1
11621,135,114,4,ps10_v2_p196,0.11891603469848633,1
11622,135,115,4,ps10_v2_p196,0.11891603469848633,1
11623,135,116,4,ps10_v2_p196,0.11891603469848633,1
11624,135,117,4,ps10_v2_p196,0.11891603469848633,1
11625,135,118,4,ps10_v2_p196,0.11891603469848633,1
11626,135,119,4,ps10_v2_p196,0.11891603469848633,1
11627,135,120,4,ps10_v2_p196,0.11891603469848633,1
11628,135,130,3,ps10_v2_p133,0.11476501822471619,1
11629,135,132,3,ps10_v2_p133,0.11476501822471619,1
11630,135,134,3,ps10_v2_p134,0.09930495917797089,1
11631,135,135,3,ps10_v2_p134,0.09930495917797089,1
11632,135,136,3,ps10_v2_p134,0.09930495917797089,1
11633,135,137,3,ps10_v2_p134,0.09930495917797089,1
11634,135,138,3,ps10_v2_p134,0.09930495917797089,1
11635,135,139,3,ps10_v2_p134,0.09930495917797089,1
11636,135,140,3,ps10_v2_p134,0.09930495917797089,1
11637,135,141,3,ps10_v2_p134,0.09930495917797089,1
11638,135,142,3,ps10_v2_p134,0.09930495917797089,1
11639,135,143,3,ps10_v2_p134,0.09930495917797089,1
11640,135,144,3,ps10_v2_p135,0.13930226862430573,1
11641,135,145,3,ps10_v2_p135,0.13930226862430573,1
11642,135,146,3,ps10_v2_p135,0.13930226862430573,1
11643,135,147,3,ps10_v2_p135,0.13930226862430573,1
11644,135,148,3,ps10_v2_p135,0.13930226862430573,1
11645,135,149,3,ps10_v2_p135,0.13930226862430573,1
11646,135,150,3,ps10_v2_p135,0.13930226862430573,1
11647,135,152,3,ps10_v2_p135,0.13930226862430573,1
11648,135,153,3,ps10_v2_p135,0.13930226862430573,1
11649,135,154,3,ps10_v2_p136,0.13934801518917084,1
11650,135,155,3,ps10_v2_p136,0.13934801518917084,1
11651,135,156,3,ps10_v2_p136,0.13934801518917084,1
11652,135,157,3,ps10_v2_p136,0.13934801518917084,1
11653,135,158,3,ps10_v2_p136,0.13934801518917084,1
11654,135,159,3,ps10_v2_p136,0.13934801518917084,1
11655,135,160,3,ps10_v2_p136,0.13934801518917084,1
11656,135,161,5,ps10_v2_p252,0.11970937252044678,1
11657,135,163,5,ps10_v2_p252,0.11970937252044678,1
11658,135,164,5,ps10_v2_p252,0.11970937252044678,1
11659,135,165,5,ps10_v2_p252,0.11970937252044678,1
11660,135,166,5,ps10_v2_p252,0.11970937252044678,1
11661,135,167,5,ps10_v2_p252,0.11970937252044678,1
11662,135,168,5,ps10_v2_p252,0.11970937252044678,1
11663,135,170,5,ps10_v2_p253,0.09825775772333145,1
11664,135,171,5,ps10_v2_p253,0.09825775772333145,1
11665,135,172,5,ps10_v2_p253,0.09825775772333145,1
11666,135,173,5,ps10_v2_p253,0.09825775772333145,1
11667,135,175,5,ps10_v2_p253,0.09825775772333145,1
11668,135,177,5,ps10_v2_p253,0.09825775772333145,1
11669,135,178,5,ps10_v2_p253,0.09825775772333145,1
11670,135,179,5,ps10_v2_p254,0.127187117934227,1
11671,135,180,5,ps10_v2_p254,0.127187117934227,1
11672,135,182,5,ps10_v2_p254,0.127187117934227,1
11673,135,183,5,ps10_v2_p254,0.127187117934227,1
11674,135,184,5,ps10_v2_p254,0.127187117934227,1
11675,135,185,5,ps10_v2_p254,0.127187117934227,1
11676,135,186,5,ps10_v2_p254,0.127187117934227,1
11677,135,187,5,ps10_v2_p254,0.127187117934227,1
11678,135,188,5,ps10_v2_p254,0.127187117934227,1
11679,135,190,5,ps10_v2_p255,0.08781998604536057,1
11680,135,191,5,ps10_v2_p255,0.08781998604536057,1
11681,135,192,5,ps10_v2_p255,0.08781998604536057,1
11682,135,193,5,ps10_v2_p255,0.08781998604536057,1
11683,135,195,5,ps10_v2_p255,0.08781998604536057,1
11684,135,196,5,ps10_v2_p255,0.08781998604536057,1
11685,135,198,5,ps10_v2_p255,0.08781998604536057,1
11686,135,199,5,ps10_v2_p256,0.0847746878862381,1
11687,135,201,5,ps10_v2_p256,0.0847746878862381,1
11688,135,202,5,ps10_v2_p256,0.0847746878862381,1
11689,135,204,5,ps10_v2_p256,0.0847746878862381,1
11690,135,205,5,ps10_v2_p256,0.0847746878862381,1
11691,136,18,2,,,0
11692,136,22,2,ps10_v2_p077,0.09938186407089233,1
11693,136,23,2,ps10_v2_p077,0.09938186407089233,1
11694,136,42,2,ps10_v2_p078,0.13559167087078094,1
11695,136,43,2,ps10_v2_p078,0.13559167087078094,1
11696,136,58,2,ps10_v2_p079,0.08703242987394333,1
11697,136,59,2,ps10_v2_p079,0.08703242987394333,1
11698,136,60,2,ps10_v2_p080,0.12638431787490845,1
11699,136,61,2,ps10_v2_p080,0.12638431787490845,1
11700,136,62,2,ps10_v2_p080,0.12638431787490845,1
11701,136,63,2,ps10_v2_p080,0.12638431787490845,1
11702,136,64,2,ps10_v2_p080,0.12638431787490845,1
11703,136,65,2,ps10_v2_p080,0.12638431787490845,1
11704,136,66,2,ps10_v2_p080,0.12638431787490845,1
11705,136,67,2,ps10_v2_p080,0.12638431787490845,1
11706,136,68,2,ps10_v2_p080,0.12638431787490845,1
11707,136,69,2,ps10_v2_p080,0.12638431787490845,1
11708,136,70,2,,,0
11709,136,71,4,ps10_v2_p197,0.11663656681776047,1
11710,136,72,4,ps10_v2_p197,0.11663656681776047,1
11711,136,73,4,ps10_v2_p197,0.11663656681776047,1
11712,136,74,4,ps10_v2_p197,0.11663656681776047,1
11713,136,75,4,ps10_v2_p197,0.11663656681776047,1
11714,136,76,4,ps10_v2_p197,0.11663656681776047,1
11715,136,77,4,ps10_v2_p197,0.11663656681776047,1
11716,136,78,4,ps10_v2_p197,0.11663656681776047,1
11717,136,79,4,ps10_v2_p197,0.11663656681776047,1
11718,136,80,4,ps10_v2_p197,0.11663656681776047,1
11719,136,81,4,ps10_v2_p198,0.1211385577917099,1
11720,136,82,4,ps10_v2_p198,0.1211385577917099,1
11721,136,83,4,ps10_v2_p198,0.1211385577917099,1
11722,136,84,4,ps10_v2_p198,0.1211385577917099,1
11723,136,85,4,ps10_v2_p198,0.1211385577917099,1
11724,136,86,4,ps10_v2_p198,0.1211385577917099,1
11725,136,87,4,ps10_v2_p198,0.1211385577917099,1
11726,136,88,4,ps10_v2_p198,0.1211385577917099,1
11727,136,89,4,ps10_v2_p198,0.1211385577917099,1
11728,136,90,4,ps10_v2_p198,0.1211385577917099,1
11729,136,91,4,ps10_v2_p199,0.12470344454050064,1
11730,136,92,4,ps10_v2_p199,0.12470344454050064,1
11731,136,93,4,ps10_v2_p199,0.12470344454050064,1
11732,136,94,4,ps10_v2_p199,0.12470344454050064,1
11733,136,95,4,ps10_v2_p199,0.12470344454050064,1
11734,136,96,4,ps10_v2_p199,0.12470344454050064,1
11735,136,97,4,ps10_v2_p199,0.12470344454050064,1
11736,136,98,4,ps10_v2_p199,0.12470344454050064,1
11737,136,99,4,ps10_v2_p199,0.12470344454050064,1
11738,136,100,4,ps10_v2_p199,0.12470344454050064,1
11739,136,101,4,ps10_v2_p200,0.11845680326223373,1
11740,136,102,4,ps10_v2_p200,0.11845680326223373,1
11741,136,103,4,ps10_v2_p200,0.11845680326223373,1
11742,136,104,4,ps10_v2_p200,0.11845680326223373,1
11743,136,105,4,ps10_v2_p200,0.11845680326223373,1
11744,136,106,4,ps10_v2_p200,0.11845680326223373,1
11745,136,107,4,ps10_v2_p200,0.11845680326223373,1
11746,136,108,4,ps10_v2_p200,0.11845680326223373,1
11747,136,109,4,ps10_v2_p200,0.11845680326223373,1
11748,136,110,4,ps10_v2_p200,0.11845680326223373,1
11749,136,112,4,ps10_v2_p201,0.11630990356206894,1
11750,136,113,4,ps10_v2_p201,0.11630990356206894,1
11751,136,114,4,ps10_v2_p201,0.11630990356206894,1
11752,136,115,4,ps10_v2_p201,0.11630990356206894,1
11753,136,116,4,ps10_v2_p201,0.11630990356206894,1
11754,136,117,4,ps10_v2_p201,0.11630990356206894,1
11755,136,118,4,ps10_v2_p201,0.11630990356206894,1
11756,136,119,4,ps10_v2_p201,0.11630990356206894,1
11757,136,120,4,ps10_v2_p201,0.11630990356206894,1
11758,136,128,3,ps10_v2_p133,0.11476501822471619,1
11759,136,129,3,ps10_v2_p133,0.11476501822471619,1
11760,136,130,3,ps10_v2_p133,0.11476501822471619,1
11761,136,131,3,ps10_v2_p133,0.11476501822471619,1
11762,136,132,3,ps10_v2_p133,0.11476501822471619,1
11763,136,133,3,ps10_v2_p133,0.11476501822471619,1
11764,136,134,3,ps10_v2_p134,0.09930495917797089,1
11765,136,135,3,ps10_v2_p134,0.09930495917797089,1
11766,136,136,3,ps10_v2_p134,0.09930495917797089,1
11767,136,137,3,ps10_v2_p134,0.09930495917797089,1
11768,136,138,3,ps10_v2_p134,0.09930495917797089,1
11769,136,139,3,ps10_v2_p134,0.09930495917797089,1
11770,136,140,3,ps10_v2_p134,0.09930495917797089,1
11771,136,141,3,ps10_v2_p134,0.09930495917797089,1
11772,136,142,3,ps10_v2_p134,0.09930495917797089,1
11773,136,143,3,ps10_v2_p134,0.09930495917797089,1
11774,136,144,3,ps10_v2_p135,0.13930226862430573,1
11775,136,145,3,ps10_v2_p135,0.13930226862430573,1
11776,136,146,3,ps10_v2_p135,0.13930226862430573,1
11777,136,147,3,ps10_v2_p135,0.13930226862430573,1
11778,136,148,3,ps10_v2_p135,0.13930226862430573,1
11779,136,149,3,ps10_v2_p135,0.13930226862430573,1
11780,136,151,3,ps10_v2_p135,0.13930226862430573,1
11781,136,152,3,ps10_v2_p135,0.13930226862430573,1
11782,136,153,3,ps10_v2_p135,0.13930226862430573,1
11783,136,154,3,ps10_v2_p136,0.13934801518917084,1
11784,136,155,3,ps10_v2_p136,0.13934801518917084,1
11785,136,156,3,ps10_v2_p136,0.13934801518917084,1
11786,136,157,3,ps10_v2_p136,0.13934801518917084,1
11787,136,158,3,ps10_v2_p136,0.13934801518917084,1
11788,136,159,3,ps10_v2_p136,0.13934801518917084,1
11789,136,160,5,ps10_v2_p252,0.11970937252044678,1
11790,136,161,5,ps10_v2_p252,0.11970937252044678,1
11791,136,162,5,ps10_v2_p252,0.11970937252044678,1
11792,136,164,5,ps10_v2_p252,0.11970937252044678,1
11793,136,165,5,ps10_v2_p252,0.11970937252044678,1
11794,136,166,5,ps10_v2_p252,0.11970937252044678,1
11795,136,168,5,ps10_v2_p252,0.11970937252044678,1
11796,136,169,5,ps10_v2_p253,0.09825775772333145,1
11797,136,171,5,ps10_v2_p253,0.09825775772333145,1
11798,136,173,5,ps10_v2_p253,0.09825775772333145,1
11799,136,174,5,ps10_v2_p253,0.09825775772333145,1
11800,136,176,5,ps10_v2_p253,0.09825775772333145,1
11801,136,177,5,ps10_v2_p253,0.09825775772333145,1
11802,136,178,5,ps10_v2_p253,0.09825775772333145,1
11803,136,179,5,ps10_v2_p254,0.127187117934227,1
11804,136,181,5,ps10_v2_p254,0.127187117934227,1
11805,136,182,5,ps10_v2_p254,0.127187117934227,1
11806,136,183,5,ps10_v2_p254,0.127187117934227,1
11807,136,184,5,ps10_v2_p254,0.127187117934227,1
11808,136,186,5,ps10_v2_p254,0.127187117934227,1
11809,136,187,5,ps10_v2_p254,0.127187117934227,1
11810,136,188,5,ps10_v2_p254,0.127187117934227,1
11811,136,189,5,ps10_v2_p255,0.08781998604536057,1
11812,136,191,5,ps10_v2_p255,0.08781998604536057,1
11813,136,194,5,ps10_v2_p255,0.08781998604536057,1
11814,136,195,5,ps10_v2_p255,0.08781998604536057,1
11815,136,196,5,ps10_v2_p255,0.08781998604536057,1
11816,136,197,5,ps10_v2_p255,0.08781998604536057,1
11817,136,198,5,ps10_v2_p255,0.08781998604536057,1
11818,136,199,5,ps10_v2_p256,0.0847746878862381,1
11819,136,200,5,ps10_v2_p256,0.0847746878862381,1
11820,136,202,5,ps10_v2_p256,0.0847746878862381,1
11821,136,203,5,ps10_v2_p256,0.0847746878862381,1
11822,137,13,2,,,0
11823,137,17,2,,,0
11824,137,21,2,ps10_v2_p077,0.09938186407089233,1
11825,137,22,2,ps10_v2_p077,0.09938186407089233,1
11826,137,23,2,ps10_v2_p077,0.09938186407089233,1
11827,137,39,2,,,0
11828,137,41,2,ps10_v2_p078,0.13559167087078094,1
11829,137,42,2,ps10_v2_p078,0.13559167087078094,1
11830,137,51,2,ps10_v2_p079,0.08703242987394333,1
11831,137,53,2,ps10_v2_p079,0.08703242987394333,1
11832,137,54,2,ps10_v2_p079,0.08703242987394333,1
11833,137,55,2,ps10_v2_p079,0.08703242987394333,1
11834,137,56,2,ps10_v2_p079,0.08703242987394333,1
11835,137,57,2,ps10_v2_p079,0.08703242987394333,1
11836,137,58,2,ps10_v2_p079,0.08703242987394333,1
11837,137,59,2,ps10_v2_p079,0.08703242987394333,1
11838,137,60,2,ps10_v2_p080,0.12638431787490845,1
11839,137,61,2,ps10_v2_p080,0.12638431787490845,1
11840,137,62,2,ps10_v2_p080,0.12638431787490845,1
11841,137,63,2,ps10_v2_p080,0.12638431787490845,1
11842,137,64,2,ps10_v2_p080,0.12638431787490845,1
11843,137,65,2,ps10_v2_p080,0.12638431787490845,1
11844,137,66,2,ps10_v2_p080,0.12638431787490845,1
11845,137,67,2,ps10_v2_p080,0.12638431787490845,1
11846,137,68,2,ps10_v2_p080,0.12638431787490845,1
11847,137,69,2,ps10_v2_p080,0.12638431787490845,1
11848,137,70,2,,,0
11849,137,71,4,ps10_v2_p197,0.11663656681776047,1
11850,137,72,4,ps10_v2_p197,0.11663656681776047,1
11851,137,73,4,ps10_v2_p197,0.11663656681776047,1
11852,137,74,4,ps10_v2_p197,0.11663656681776047,1
11853,137,75,4,ps10_v2_p197,0.11663656681776047,1
11854,137,76,4,ps10_v2_p197,0.11663656681776047,1
11855,137,77,4,ps10_v2_p197,0.11663656681776047,1
11856,137,78,4,ps10_v2_p197,0.11663656681776047,1
11857,137,79,4,ps10_v2_p197,0.11663656681776047,1
11858,137,80,4,ps10_v2_p197,0.11663656681776047,1
11859,137,81,4,ps10_v2_p198,0.1211385577917099,1
11860,137,82,4,ps10_v2_p198,0.1211385577917099,1
11861,137,83,4,ps10_v2_p198,0.1211385577917099,1
11862,137,84,4,ps10_v2_p198,0.1211385577917099,1
11863,137,85,4,ps10_v2_p198,0.1211385577917099,1
11864,137,86,4,ps10_v2_p198,0.1211385577917099,1
11865,137,87,4,ps10_v2_p198,0.1211385577917099,1
11866,137,88,4,ps10_v2_p198,0.1211385577917099,1
11867,137,89,4,ps10_v2_p198,0.1211385577917099,1
11868,137,90,4,ps10_v2_p198,0.1211385577917099,1
11869,137,91,4,ps10_v2_p199,0.12470344454050064,1
11870,137,92,4,ps10_v2_p199,0.12470344454050064,1
11871,137,93,4,ps10_v2_p199,0.12470344454050064,1
11872,137,94,4,ps10_v2_p199,0.12470344454050064,1
11873,137,95,4,ps10_v2_p199,0.12470344454050064,1
11874,137,96,4,ps10_v2_p199,0.12470344454050064,1
11875,137,97,4,ps10_v2_p199,0.12470344454050064,1
11876,137,98,4,ps10_v2_p199,0.12470344454050064,1
11877,137,99,4,ps10_v2_p199,0.12470344454050064,1
11878,137,100,4,ps10_v2_p199,0.12470344454050064,1
11879,137,101,4,ps10_v2_p200,0.11845680326223373,1
11880,137,102,4,ps10_v2_p200,0.11845680326223373,1
11881,137,103,4,ps10_v2_p200,0.11845680326223373,1
11882,137,104,4,ps10_v2_p200,0.11845680326223373,1
11883,137,105,4,ps10_v2_p200,0.11845680326223373,1
11884,137,106,4,ps10_v2_p200,0.11845680326223373,1
11885,137,107,4,ps10_v2_p200,0.11845680326223373,1
11886,137,108,4,ps10_v2_p200,0.11845680326223373,1
11887,137,109,4,ps10_v2_p200,0.11845680326223373,1
11888,137,110,4,ps10_v2_p200,0.11845680326223373,1
11889,137,111,4,ps10_v2_p201,0.11630990356206894,1
11890,137,113,4,ps10_v2_p201,0.11630990356206894,1
11891,137,114,4,ps10_v2_p201,0.11630990356206894,1
11892,137,116,4,ps10_v2_p201,0.11630990356206894,1
11893,137,117,4,ps10_v2_p201,0.11630990356206894,1
11894,137,118,4,ps10_v2_p201,0.11630990356206894,1
11895,137,119,4,ps10_v2_p201,0.11630990356206894,1
11896,137,120,4,ps10_v2_p201,0.11630990356206894,1
11897,137,127,3,ps10_v2_p133,0.11476501822471619,1
11898,137,128,3,ps10_v2_p133,0.11476501822471619,1
11899,137,129,3,ps10_v2_p133,0.11476501822471619,1
11900,137,130,3,ps10_v2_p133,0.11476501822471619,1
11901,137,131,3,ps10_v2_p133,0.11476501822471619,1
11902,137,132,3,ps10_v2_p133,0.11476501822471619,1
11903,137,133,3,ps10_v2_p133,0.11476501822471619,1
11904,137,134,3,ps10_v2_p134,0.09930495917797089,1
11905,137,136,3,ps10_v2_p134,0.09930495917797089,1
11906,137,137,3,ps10_v2_p134,0.09930495917797089,1
11907,137,138,3,ps10_v2_p134,0.09930495917797089,1
11908,137,140,3,ps10_v2_p134,0.09930495917797089,1
11909,137,141,3,ps10_v2_p134,0.09930495917797089,1
11910,137,142,3,ps10_v2_p134,0.09930495917797089,1
11911,137,143,3,ps10_v2_p134,0.09930495917797089,1
11912,137,144,3,ps10_v2_p135,0.13930226862430573,1
11913,137,145,3,ps10_v2_p135,0.13930226862430573,1
11914,137,146,3,ps10_v2_p135,0.13930226862430573,1
11915,137,147,3,ps10_v2_p135,0.13930226862430573,1
11916,137,148,3,ps10_v2_p135,0.13930226862430573,1
11917,137,150,3,ps10_v2_p135,0.13930226862430573,1
11918,137,152,3,ps10_v2_p135,0.13930226862430573,1
11919,137,153,3,ps10_v2_p135,0.13930226862430573,1
11920,137,154,3,ps10_v2_p136,0.13934801518917084,1
11921,137,155,3,ps10_v2_p136,0.13934801518917084,1
11922,137,156,3,ps10_v2_p136,0.13934801518917084,1
11923,137,157,3,ps10_v2_p136,0.13934801518917084,1
11924,137,158,3,ps10_v2_p136,0.13934801518917084,1
11925,137,159,5,ps10_v2_p252,0.11970937252044678,1
11926,137,160,5,ps10_v2_p252,0.11970937252044678,1
11927,137,161,5,ps10_v2_p252,0.11970937252044678,1
11928,137,163,5,ps10_v2_p252,0.11970937252044678,1
11929,137,164,5,ps10_v2_p252,0.11970937252044678,1
11930,137,165,5,ps10_v2_p252,0.11970937252044678,1
11931,137,166,5,ps10_v2_p252,0.11970937252044678,1
11932,137,167,5,ps10_v2_p252,0.11970937252044678,1
11933,137,168,5,ps10_v2_p252,0.11970937252044678,1
11934,137,169,5,ps10_v2_p253,0.09825775772333145,1
11935,137,170,5,ps10_v2_p253,0.09825775772333145,1
11936,137,172,5,ps10_v2_p253,0.09825775772333145,1
11937,137,173,5,ps10_v2_p253,0.09825775772333145,1
11938,137,174,5,ps10_v2_p253,0.09825775772333145,1
11939,137,175,5,ps10_v2_p253,0.09825775772333145,1
11940,137,177,5,ps10_v2_p253,0.09825775772333145,1
11941,137,178,5,ps10_v2_p253,0.09825775772333145,1
11942,137,179,5,ps10_v2_p254,0.127187117934227,1
11943,137,180,5,ps10_v2_p254,0.127187117934227,1
11944,137,182,5,ps10_v2_p254,0.127187117934227,1
11945,137,183,5,ps10_v2_p254,0.127187117934227,1
11946,137,184,5,ps10_v2_p254,0.127187117934227,1
11947,137,185,5,ps10_v2_p254,0.127187117934227,1
11948,137,187,5,ps10_v2_p254,0.127187117934227,1
11949,137,188,5,ps10_v2_p254,0.127187117934227,1
11950,137,190,5,ps10_v2_p255,0.08781998604536057,1
11951,137,192,5,ps10_v2_p255,0.08781998604536057,1
11952,137,193,5,ps10_v2_p255,0.08781998604536057,1
11953,137,195,5,ps10_v2_p255,0.08781998604536057,1
11954,137,196,5,ps10_v2_p255,0.08781998604536057,1
11955,137,198,5,ps10_v2_p255,0.08781998604536057,1
11956,137,199,5,ps10_v2_p256,0.0847746878862381,1
11957,137,201,5,ps10_v2_p256,0.0847746878862381,1
11958,137,202,5,ps10_v2_p256,0.0847746878862381,1
11959,137,203,5,ps10_v2_p256,0.0847746878862381,1
11960,137,204,5,ps10_v2_p256,0.0847746878862381,1
11961,138,21,2,ps10_v2_p077,0.09938186407089233,1
11962,138,44,2,ps10_v2_p078,0.13559167087078094,1
11963,138,45,2,ps10_v2_p078,0.13559167087078094,1
11964,138,50,2,ps10_v2_p079,0.08703242987394333,1
11965,138,51,2,ps10_v2_p079,0.08703242987394333,1
11966,138,55,2,ps10_v2_p079,0.08703242987394333,1
11967,138,56,2,ps10_v2_p079,0.08703242987394333,1
11968,138,57,2,ps10_v2_p079,0.08703242987394333,1
11969,138,59,2,ps10_v2_p079,0.08703242987394333,1
11970,138,60,2,ps10_v2_p080,0.12638431787490845,1
11971,138,62,2,ps10_v2_p080,0.12638431787490845,1
11972,138,63,2,ps10_v2_p080,0.12638431787490845,1
11973,138,64,2,ps10_v2_p080,0.12638431787490845,1
11974,138,65,2,ps10_v2_p080,0.12638431787490845,1
11975,138,66,2,ps10_v2_p080,0.12638431787490845,1
11976,138,67,2,ps10_v2_p080,0.12638431787490845,1
11977,138,68,2,ps10_v2_p080,0.12638431787490845,1
11978,138,69,2,ps10_v2_p080,0.12638431787490845,1
11979,138,70,2,,,0
11980,138,71,4,ps10_v2_p197,0.11663656681776047,1
11981,138,72,4,ps10_v2_p197,0.11663656681776047,1
11982,138,73,4,ps10_v2_p197,0.11663656681776047,1
11983,138,74,4,ps10_v2_p197,0.11663656681776047,1
11984,138,75,4,ps10_v2_p197,0.11663656681776047,1
11985,138,76,4,ps10_v2_p197,0.11663656681776047,1
11986,138,77,4,ps10_v2_p197,0.11663656681776047,1
11987,138,78,4,ps10_v2_p197,0.11663656681776047,1
11988,138,79,4,ps10_v2_p197,0.11663656681776047,1
11989,138,80,4,ps10_v2_p197,0.11663656681776047,1
11990,138,81,4,ps10_v2_p198,0.1211385577917099,1
11991,138,82,4,ps10_v2_p198,0.1211385577917099,1
11992,138,83,4,ps10_v2_p198,0.1211385577917099,1
11993,138,84,4,ps10_v2_p198,0.1211385577917099,1
11994,138,85,4,ps10_v2_p198,0.1211385577917099,1
11995,138,86,4,ps10_v2_p198,0.1211385577917099,1
11996,138,87,4,ps10_v2_p198,0.1211385577917099,1
11997,138,88,4,ps10_v2_p198,0.1211385577917099,1
11998,138,89,4,ps10_v2_p198,0.1211385577917099,1
11999,138,90,4,ps10_v2_p198,0.1211385577917099,1
12000,138,91,4,ps10_v2_p199,0.12470344454050064,1
12001,138,92,4,ps10_v2_p199,0.12470344454050064,1
12002,138,93,4,ps10_v2_p199,0.12470344454050064,1
12003,138,94,4,ps10_v2_p199,0.12470344454050064,1
12004,138,95,4,ps10_v2_p199,0.12470344454050064,1
12005,138,96,4,ps10_v2_p199,0.12470344454050064,1
12006,138,97,4,ps10_v2_p199,0.12470344454050064,1
12007,138,98,4,ps10_v2_p199,0.12470344454050064,1
12008,138,99,4,ps10_v2_p199,0.12470344454050064,1
12009,138,100,4,ps10_v2_p199,0.12470344454050064,1
12010,138,101,4,ps10_v2_p200,0.11845680326223373,1
12011,138,102,4,ps10_v2_p200,0.11845680326223373,1
12012,138,103,4,ps10_v2_p200,0.11845680326223373,1
12013,138,104,4,ps10_v2_p200,0.11845680326223373,1
12014,138,105,4,ps10_v2_p200,0.11845680326223373,1
12015,138,106,4,ps10_v2_p200,0.11845680326223373,1
12016,138,107,4,ps10_v2_p200,0.11845680326223373,1
12017,138,108,4,ps10_v2_p200,0.11845680326223373,1
12018,138,109,4,ps10_v2_p200,0.11845680326223373,1
12019,138,110,4,ps10_v2_p200,0.11845680326223373,1
12020,138,111,4,ps10_v2_p201,0.11630990356206894,1
12021,138,112,4,ps10_v2_p201,0.11630990356206894,1
12022,138,113,4,ps10_v2_p201,0.11630990356206894,1
12023,138,114,4,ps10_v2_p201,0.11630990356206894,1
12024,138,115,4,ps10_v2_p201,0.11630990356206894,1
12025,138,116,4,ps10_v2_p201,0.11630990356206894,1
12026,138,117,4,ps10_v2_p201,0.11630990356206894,1
12027,138,118,4,ps10_v2_p201,0.11630990356206894,1
12028,138,119,4,ps10_v2_p201,0.11630990356206894,1
12029,138,120,4,ps10_v2_p201,0.11630990356206894,1
12030,138,127,3,ps10_v2_p133,0.11476501822471619,1
12031,138,128,3,ps10_v2_p133,0.11476501822471619,1
12032,138,129,3,ps10_v2_p133,0.11476501822471619,1
12033,138,130,3,ps10_v2_p133,0.11476501822471619,1
12034,138,131,3,ps10_v2_p133,0.11476501822471619,1
12035,138,132,3,ps10_v2_p133,0.11476501822471619,1
12036,138,133,3,ps10_v2_p133,0.11476501822471619,1
12037,138,134,3,ps10_v2_p134,0.09930495917797089,1
12038,138,135,3,ps10_v2_p134,0.09930495917797089,1
12039,138,136,3,ps10_v2_p134,0.09930495917797089,1
12040,138,137,3,ps10_v2_p134,0.09930495917797089,1
12041,138,138,3,ps10_v2_p134,0.09930495917797089,1
12042,138,139,3,ps10_v2_p134,0.09930495917797089,1
12043,138,140,3,ps10_v2_p134,0.09930495917797089,1
12044,138,141,3,ps10_v2_p134,0.09930495917797089,1
12045,138,142,3,ps10_v2_p134,0.09930495917797089,1
12046,138,143,3,ps10_v2_p134,0.09930495917797089,1
12047,138,144,3,ps10_v2_p135,0.13930226862430573,1
12048,138,145,3,ps10_v2_p135,0.13930226862430573,1
12049,138,146,3,ps10_v2_p135,0.13930226862430573,1
12050,138,147,3,ps10_v2_p135,0.13930226862430573,1
12051,138,148,3,ps10_v2_p135,0.13930226862430573,1
12052,138,149,3,ps10_v2_p135,0.13930226862430573,1
12053,138,151,3,ps10_v2_p135,0.13930226862430573,1
12054,138,153,3,ps10_v2_p135,0.13930226862430573,1
12055,138,154,3,ps10_v2_p136,0.13934801518917084,1
12056,138,155,3,ps10_v2_p136,0.13934801518917084,1
12057,138,156,3,ps10_v2_p136,0.13934801518917084,1
12058,138,157,3,ps10_v2_p136,0.13934801518917084,1
12059,138,158,3,ps10_v2_p136,0.13934801518917084,1
12060,138,159,5,ps10_v2_p252,0.11970937252044678,1
12061,138,160,5,ps10_v2_p252,0.11970937252044678,1
12062,138,161,5,ps10_v2_p252,0.11970937252044678,1
12063,138,162,5,ps10_v2_p252,0.11970937252044678,1
12064,138,164,5,ps10_v2_p252,0.11970937252044678,1
12065,138,165,5,ps10_v2_p252,0.11970937252044678,1
12066,138,166,5,ps10_v2_p252,0.11970937252044678,1
12067,138,167,5,ps10_v2_p252,0.11970937252044678,1
12068,138,168,5,ps10_v2_p252,0.11970937252044678,1
12069,138,169,5,ps10_v2_p253,0.09825775772333145,1
12070,138,171,5,ps10_v2_p253,0.09825775772333145,1
12071,138,173,5,ps10_v2_p253,0.09825775772333145,1
12072,138,174,5,ps10_v2_p253,0.09825775772333145,1
12073,138,175,5,ps10_v2_p253,0.09825775772333145,1
12074,138,176,5,ps10_v2_p253,0.09825775772333145,1
12075,138,178,5,ps10_v2_p253,0.09825775772333145,1
12076,138,179,5,ps10_v2_p254,0.127187117934227,1
12077,138,180,5,ps10_v2_p254,0.127187117934227,1
12078,138,181,5,ps10_v2_p254,0.127187117934227,1
12079,138,183,5,ps10_v2_p254,0.127187117934227,1
12080,138,184,5,ps10_v2_p254,0.127187117934227,1
12081,138,186,5,ps10_v2_p254,0.127187117934227,1
12082,138,187,5,ps10_v2_p254,0.127187117934227,1
12083,138,188,5,ps10_v2_p254,0.127187117934227,1
12084,138,189,5,ps10_v2_p255,0.08781998604536057,1
12085,138,191,5,ps10_v2_p255,0.08781998604536057,1
12086,138,192,5,ps10_v2_p255,0.08781998604536057,1
12087,138,194,5,ps10_v2_p255,0.08781998604536057,1
12088,138,195,5,ps10_v2_p255,0.08781998604536057,1
12089,138,196,5,ps10_v2_p255,0.08781998604536057,1
12090,138,197,5,ps10_v2_p255,0.08781998604536057,1
12091,138,199,5,ps10_v2_p256,0.0847746878862381,1
12092,138,200,5,ps10_v2_p256,0.0847746878862381,1
12093,138,202,5,ps10_v2_p256,0.0847746878862381,1
12094,138,203,5,ps10_v2_p256,0.0847746878862381,1
12095,139,22,2,ps10_v2_p077,0.09938186407089233,1
12096,139,49,2,ps10_v2_p078,0.13559167087078094,1
12097,139,50,2,ps10_v2_p079,0.08703242987394333,1
12098,139,54,2,ps10_v2_p079,0.08703242987394333,1
12099,139,55,2,ps10_v2_p079,0.08703242987394333,1
12100,139,59,2,ps10_v2_p079,0.08703242987394333,1
12101,139,60,2,ps10_v2_p080,0.12638431787490845,1
12102,139,61,2,ps10_v2_p080,0.12638431787490845,1
12103,139,62,2,ps10_v2_p080,0.12638431787490845,1
12104,139,63,2,ps10_v2_p080,0.12638431787490845,1
12105,139,64,2,ps10_v2_p080,0.12638431787490845,1
12106,139,65,2,ps10_v2_p080,0.12638431787490845,1
12107,139,66,2,ps10_v2_p080,0.12638431787490845,1
12108,139,67,2,ps10_v2_p080,0.12638431787490845,1
12109,139,68,2,ps10_v2_p080,0.12638431787490845,1
12110,139,69,2,ps10_v2_p080,0.12638431787490845,1
12111,139,70,2,,,0
12112,139,71,4,ps10_v2_p197,0.11663656681776047,1
12113,139,72,4,ps10_v2_p197,0.11663656681776047,1
12114,139,73,4,ps10_v2_p197,0.11663656681776047,1
12115,139,74,4,ps10_v2_p197,0.11663656681776047,1
12116,139,75,4,ps10_v2_p197,0.11663656681776047,1
12117,139,76,4,ps10_v2_p197,0.11663656681776047,1
12118,139,77,4,ps10_v2_p197,0.11663656681776047,1
12119,139,78,4,ps10_v2_p197,0.11663656681776047,1
12120,139,79,4,ps10_v2_p197,0.11663656681776047,1
12121,139,80,4,ps10_v2_p197,0.11663656681776047,1
12122,139,81,4,ps10_v2_p198,0.1211385577917099,1
12123,139,82,4,ps10_v2_p198,0.1211385577917099,1
12124,139,83,4,ps10_v2_p198,0.1211385577917099,1
12125,139,84,4,ps10_v2_p198,0.1211385577917099,1
12126,139,85,4,ps10_v2_p198,0.1211385577917099,1
12127,139,86,4,ps10_v2_p198,0.1211385577917099,1
12128,139,87,4,ps10_v2_p198,0.1211385577917099,1
12129,139,88,4,ps10_v2_p198,0.1211385577917099,1
12130,139,89,4,ps10_v2_p198,0.1211385577917099,1
12131,139,90,4,ps10_v2_p198,0.1211385577917099,1
12132,139,91,4,ps10_v2_p199,0.12470344454050064,1
12133,139,92,4,ps10_v2_p199,0.12470344454050064,1
12134,139,93,4,ps10_v2_p199,0.12470344454050064,1
12135,139,94,4,ps10_v2_p199,0.12470344454050064,1
12136,139,95,4,ps10_v2_p199,0.12470344454050064,1
12137,139,97,4,ps10_v2_p199,0.12470344454050064,1
12138,139,98,4,ps10_v2_p199,0.12470344454050064,1
12139,139,99,4,ps10_v2_p199,0.12470344454050064,1
12140,139,100,4,ps10_v2_p199,0.12470344454050064,1
12141,139,101,4,ps10_v2_p200,0.11845680326223373,1
12142,139,102,4,ps10_v2_p200,0.11845680326223373,1
12143,139,103,4,ps10_v2_p200,0.11845680326223373,1
12144,139,104,4,ps10_v2_p200,0.11845680326223373,1
12145,139,105,4,ps10_v2_p200,0.11845680326223373,1
12146,139,106,4,ps10_v2_p200,0.11845680326223373,1
12147,139,107,4,ps10_v2_p200,0.11845680326223373,1
12148,139,108,4,ps10_v2_p200,0.11845680326223373,1
12149,139,109,4,ps10_v2_p200,0.11845680326223373,1
12150,139,110,4,ps10_v2_p200,0.11845680326223373,1
12151,139,111,4,ps10_v2_p201,0.11630990356206894,1
12152,139,113,4,ps10_v2_p201,0.11630990356206894,1
12153,139,114,4,ps10_v2_p201,0.11630990356206894,1
12154,139,115,4,ps10_v2_p201,0.11630990356206894,1
12155,139,116,4,ps10_v2_p201,0.11630990356206894,1
12156,139,117,4,ps10_v2_p201,0.11630990356206894,1
12157,139,118,4,ps10_v2_p201,0.11630990356206894,1
12158,139,119,4,ps10_v2_p201,0.11630990356206894,1
12159,139,120,4,ps10_v2_p201,0.11630990356206894,1
12160,139,126,3,ps10_v2_p133,0.11476501822471619,1
12161,139,127,3,ps10_v2_p133,0.11476501822471619,1
12162,139,128,3,ps10_v2_p133,0.11476501822471619,1
12163,139,129,3,ps10_v2_p133,0.11476501822471619,1
12164,139,130,3,ps10_v2_p133,0.11476501822471619,1
12165,139,131,3,ps10_v2_p133,0.11476501822471619,1
12166,139,132,3,ps10_v2_p133,0.11476501822471619,1
12167,139,133,3,ps10_v2_p133,0.11476501822471619,1
12168,139,134,3,ps10_v2_p134,0.09930495917797089,1
12169,139,136,3,ps10_v2_p134,0.09930495917797089,1
12170,139,137,3,ps10_v2_p134,0.09930495917797089,1
12171,139,138,3,ps10_v2_p134,0.09930495917797089,1
12172,139,139,3,ps10_v2_p134,0.09930495917797089,1
12173,139,140,3,ps10_v2_p134,0.09930495917797089,1
12174,139,141,3,ps10_v2_p134,0.09930495917797089,1
12175,139,142,3,ps10_v2_p134,0.09930495917797089,1
12176,139,143,3,ps10_v2_p134,0.09930495917797089,1
12177,139,144,3,ps10_v2_p135,0.13930226862430573,1
12178,139,145,3,ps10_v2_p135,0.13930226862430573,1
12179,139,146,3,ps10_v2_p135,0.13930226862430573,1
12180,139,147,3,ps10_v2_p135,0.13930226862430573,1
12181,139,148,3,ps10_v2_p135,0.13930226862430573,1
12182,139,150,3,ps10_v2_p135,0.13930226862430573,1
12183,139,152,3,ps10_v2_p135,0.13930226862430573,1
12184,139,153,3,ps10_v2_p135,0.13930226862430573,1
12185,139,154,3,ps10_v2_p136,0.13934801518917084,1
12186,139,155,3,ps10_v2_p136,0.13934801518917084,1
12187,139,156,3,ps10_v2_p136,0.13934801518917084,1
12188,139,157,3,ps10_v2_p136,0.13934801518917084,1
12189,139,158,5,,,0
12190,139,159,5,ps10_v2_p252,0.11970937252044678,1
12191,139,160,5,ps10_v2_p252,0.11970937252044678,1
12192,139,161,5,ps10_v2_p252,0.11970937252044678,1
12193,139,163,5,ps10_v2_p252,0.11970937252044678,1
12194,139,164,5,ps10_v2_p252,0.11970937252044678,1
12195,139,165,5,ps10_v2_p252,0.11970937252044678,1
12196,139,166,5,ps10_v2_p252,0.11970937252044678,1
12197,139,167,5,ps10_v2_p252,0.11970937252044678,1
12198,139,168,5,ps10_v2_p252,0.11970937252044678,1
12199,139,170,5,ps10_v2_p253,0.09825775772333145,1
12200,139,172,5,ps10_v2_p253,0.09825775772333145,1
12201,139,173,5,ps10_v2_p253,0.09825775772333145,1
12202,139,174,5,ps10_v2_p253,0.09825775772333145,1
12203,139,175,5,ps10_v2_p253,0.09825775772333145,1
12204,139,177,5,ps10_v2_p253,0.09825775772333145,1
12205,139,178,5,ps10_v2_p253,0.09825775772333145,1
12206,139,179,5,ps10_v2_p254,0.127187117934227,1
12207,139,180,5,ps10_v2_p254,0.127187117934227,1
12208,139,182,5,ps10_v2_p254,0.127187117934227,1
12209,139,183,5,ps10_v2_p254,0.127187117934227,1
12210,139,184,5,ps10_v2_p254,0.127187117934227,1
12211,139,185,5,ps10_v2_p254,0.127187117934227,1
12212,139,187,5,ps10_v2_p254,0.127187117934227,1
12213,139,188,5,ps10_v2_p254,0.127187117934227,1
12214,139,189,5,ps10_v2_p255,0.08781998604536057,1
12215,139,190,5,ps10_v2_p255,0.08781998604536057,1
12216,139,191,5,ps10_v2_p255,0.08781998604536057,1
12217,139,193,5,ps10_v2_p255,0.08781998604536057,1
12218,139,195,5,ps10_v2_p255,0.08781998604536057,1
12219,139,196,5,ps10_v2_p255,0.08781998604536057,1
12220,139,197,5,ps10_v2_p255,0.08781998604536057,1
12221,139,198,5,ps10_v2_p255,0.08781998604536057,1
12222,139,200,5,ps10_v2_p256,0.0847746878862381,1
12223,139,201,5,ps10_v2_p256,0.0847746878862381,1
12224,139,203,5,ps10_v2_p256,0.0847746878862381,1
12225,140,21,2,ps10_v2_p077,0.09938186407089233,1
12226,140,59,2,ps10_v2_p079,0.08703242987394333,1
12227,140,60,2,ps10_v2_p080,0.12638431787490845,1
12228,140,61,2,ps10_v2_p080,0.12638431787490845,1
12229,140,62,2,ps10_v2_p080,0.12638431787490845,1
12230,140,63,2,ps10_v2_p080,0.12638431787490845,1
12231,140,64,2,ps10_v2_p080,0.12638431787490845,1
12232,140,65,2,ps10_v2_p080,0.12638431787490845,1
12233,140,66,2,ps10_v2_p080,0.12638431787490845,1
12234,140,67,2,ps10_v2_p080,0.12638431787490845,1
12235,140,68,2,ps10_v2_p080,0.12638431787490845,1
12236,140,69,2,ps10_v2_p080,0.12638431787490845,1
12237,140,70,2,,,0
12238,140,71,4,ps10_v2_p197,0.11663656681776047,1
12239,140,72,4,ps10_v2_p197,0.11663656681776047,1
12240,140,73,4,ps10_v2_p197,0.11663656681776047,1
12241,140,74,4,ps10_v2_p197,0.11663656681776047,1
12242,140,75,4,ps10_v2_p197,0.11663656681776047,1
12243,140,76,4,ps10_v2_p197,0.11663656681776047,1
12244,140,77,4,ps10_v2_p197,0.11663656681776047,1
12245,140,78,4,ps10_v2_p197,0.11663656681776047,1
12246,140,79,4,ps10_v2_p197,0.11663656681776047,1
12247,140,80,4,ps10_v2_p197,0.11663656681776047,1
12248,140,81,4,ps10_v2_p198,0.1211385577917099,1
12249,140,82,4,ps10_v2_p198,0.1211385577917099,1
12250,140,83,4,ps10_v2_p198,0.1211385577917099,1
12251,140,84,4,ps10_v2_p198,0.1211385577917099,1
12252,140,85,4,ps10_v2_p198,0.1211385577917099,1
12253,140,86,4,ps10_v2_p198,0.1211385577917099,1
12254,140,87,4,ps10_v2_p198,0.1211385577917099,1
12255,140,88,4,ps10_v2_p198,0.1211385577917099,1
12256,140,89,4,ps10_v2_p198,0.1211385577917099,1
12257,140,90,4,ps10_v2_p198,0.1211385577917099,1
12258,140,91,4,ps10_v2_p199,0.12470344454050064,1
12259,140,92,4,ps10_v2_p199,0.12470344454050064,1
12260,140,93,4,ps10_v2_p199,0.12470344454050064,1
12261,140,94,4,ps10_v2_p199,0.12470344454050064,1
12262,140,95,4,ps10_v2_p199,0.12470344454050064,1
12263,140,96,4,ps10_v2_p199,0.12470344454050064,1
12264,140,97,4,ps10_v2_p199,0.12470344454050064,1
12265,140,98,4,ps10_v2_p199,0.12470344454050064,1
12266,140,99,4,ps10_v2_p199,0.12470344454050064,1
12267,140,100,4,ps10_v2_p199,0.12470344454050064,1
12268,140,101,4,ps10_v2_p200,0.11845680326223373,1
12269,140,102,4,ps10_v2_p200,0.11845680326223373,1
12270,140,103,4,ps10_v2_p200,0.11845680326223373,1
12271,140,104,4,ps10_v2_p200,0.11845680326223373,1
12272,140,105,4,ps10_v2_p200,0.11845680326223373,1
12273,140,106,4,ps10_v2_p200,0.11845680326223373,1
12274,140,107,4,ps10_v2_p200,0.11845680326223373,1
12275,140,108,4,ps10_v2_p200,0.11845680326223373,1
12276,140,109,4,ps10_v2_p200,0.11845680326223373,1
12277,140,110,4,ps10_v2_p200,0.11845680326223373,1
12278,140,111,4,ps10_v2_p201,0.11630990356206894,1
12279,140,112,4,ps10_v2_p201,0.11630990356206894,1
12280,140,113,4,ps10_v2_p201,0.11630990356206894,1
12281,140,114,4,ps10_v2_p201,0.11630990356206894,1
12282,140,115,4,ps10_v2_p201,0.11630990356206894,1
12283,140,116,4,ps10_v2_p201,0.11630990356206894,1
12284,140,117,4,ps10_v2_p201,0.11630990356206894,1
12285,140,118,4,ps10_v2_p201,0.11630990356206894,1
12286,140,119,4,ps10_v2_p201,0.11630990356206894,1
12287,140,128,3,ps10_v2_p137,0.1081983894109726,1
12288,140,129,3,ps10_v2_p137,0.1081983894109726,1
12289,140,130,3,ps10_v2_p137,0.1081983894109726,1
12290,140,131,3,ps10_v2_p137,0.1081983894109726,1
12291,140,132,3,ps10_v2_p137,0.1081983894109726,1
12292,140,133,3,ps10_v2_p137,0.1081983894109726,1
12293,140,134,3,ps10_v2_p138,0.12549592554569244,1
12294,140,135,3,ps10_v2_p138,0.12549592554569244,1
12295,140,137,3,ps10_v2_p138,0.12549592554569244,1
12296,140,138,3,ps10_v2_p138,0.12549592554569244,1
12297,140,139,3,ps10_v2_p138,0.12549592554569244,1
12298,140,140,3,ps10_v2_p138,0.12549592554569244,1
12299,140,141,3,ps10_v2_p138,0.12549592554569244,1
12300,140,144,3,ps10_v2_p139,0.14450624585151672,1
12301,140,145,3,ps10_v2_p139,0.14450624585151672,1
12302,140,146,3,ps10_v2_p139,0.14450624585151672,1
12303,140,147,3,ps10_v2_p139,0.14450624585151672,1
12304,140,148,3,ps10_v2_p139,0.14450624585151672,1
12305,140,149,3,ps10_v2_p139,0.14450624585151672,1
12306,140,150,3,ps10_v2_p139,0.14450624585151672,1
12307,140,151,3,ps10_v2_p139,0.14450624585151672,1
12308,140,153,3,ps10_v2_p139,0.14450624585151672,1
12309,140,154,3,,,0
12310,140,155,3,,,0
12311,140,156,3,,,0
12312,140,157,5,,,0
12313,140,158,5,,,0
12314,140,159,5,ps10_v2_p252,0.11970937252044678,1
12315,140,160,5,ps10_v2_p252,0.11970937252044678,1
12316,140,161,5,ps10_v2_p252,0.11970937252044678,1
12317,140,162,5,ps10_v2_p252,0.11970937252044678,1
12318,140,164,5,ps10_v2_p252,0.11970937252044678,1
12319,140,165,5,ps10_v2_p252,0.11970937252044678,1
12320,140,166,5,ps10_v2_p252,0.11970937252044678,1
12321,140,167,5,ps10_v2_p252,0.11970937252044678,1
12322,140,169,5,ps10_v2_p253,0.09825775772333145,1
12323,140,171,5,ps10_v2_p253,0.09825775772333145,1
12324,140,172,5,ps10_v2_p253,0.09825775772333145,1
12325,140,173,5,ps10_v2_p253,0.09825775772333145,1
12326,140,174,5,ps10_v2_p253,0.09825775772333145,1
12327,140,175,5,ps10_v2_p253,0.09825775772333145,1
12328,140,176,5,ps10_v2_p253,0.09825775772333145,1
12329,140,178,5,ps10_v2_p253,0.09825775772333145,1
12330,140,179,5,ps10_v2_p254,0.127187117934227,1
12331,140,180,5,ps10_v2_p254,0.127187117934227,1
12332,140,181,5,ps10_v2_p254,0.127187117934227,1
12333,140,183,5,ps10_v2_p254,0.127187117934227,1
12334,140,184,5,ps10_v2_p254,0.127187117934227,1
12335,140,185,5,ps10_v2_p254,0.127187117934227,1
12336,140,186,5,ps10_v2_p254,0.127187117934227,1
12337,140,188,5,ps10_v2_p254,0.127187117934227,1
12338,140,191,5,ps10_v2_p255,0.08781998604536057,1
12339,140,192,5,ps10_v2_p255,0.08781998604536057,1
12340,140,193,5,ps10_v2_p255,0.08781998604536057,1
12341,140,194,5,ps10_v2_p255,0.08781998604536057,1
12342,140,196,5,ps10_v2_p255,0.08781998604536057,1
12343,140,197,5,ps10_v2_p255,0.08781998604536057,1
12344,140,199,5,ps10_v2_p256,0.0847746878862381,1
12345,140,200,5,ps10_v2_p256,0.0847746878862381,1
12346,140,202,5,ps10_v2_p256,0.0847746878862381,1
12347,141,22,2,ps10_v2_p077,0.09938186407089233,1
12348,141,23,2,ps10_v2_p077,0.09938186407089233,1
12349,141,57,2,ps10_v2_p079,0.08703242987394333,1
12350,141,59,2,ps10_v2_p079,0.08703242987394333,1
12351,141,61,2,ps10_v2_p080,0.12638431787490845,1
12352,141,62,2,ps10_v2_p080,0.12638431787490845,1
12353,141,63,2,ps10_v2_p080,0.12638431787490845,1
12354,141,64,2,ps10_v2_p080,0.12638431787490845,1
12355,141,65,2,ps10_v2_p080,0.12638431787490845,1
12356,141,66,2,ps10_v2_p080,0.12638431787490845,1
12357,141,67,2,ps10_v2_p080,0.12638431787490845,1
12358,141,68,2,ps10_v2_p080,0.12638431787490845,1
12359,141,69,2,ps10_v2_p080,0.12638431787490845,1
12360,141,70,2,,,0
12361,141,71,4,ps10_v2_p197,0.11663656681776047,1
12362,141,72,4,ps10_v2_p197,0.11663656681776047,1
12363,141,73,4,ps10_v2_p197,0.11663656681776047,1
12364,141,74,4,ps10_v2_p197,0.11663656681776047,1
12365,141,75,4,ps10_v2_p197,0.11663656681776047,1
12366,141,76,4,ps10_v2_p197,0.11663656681776047,1
12367,141,77,4,ps10_v2_p197,0.11663656681776047,1
12368,141,78,4,ps10_v2_p197,0.11663656681776047,1
12369,141,79,4,ps10_v2_p197,0.11663656681776047,1
12370,141,80,4,ps10_v2_p197,0.11663656681776047,1
12371,141,81,4,ps10_v2_p198,0.1211385577917099,1
12372,141,82,4,ps10_v2_p198,0.1211385577917099,1
12373,141,83,4,ps10_v2_p198,0.1211385577917099,1
12374,141,84,4,ps10_v2_p198,0.1211385577917099,1
12375,141,85,4,ps10_v2_p198,0.1211385577917099,1
12376,141,86,4,ps10_v2_p198,0.1211385577917099,1
12377,141,87,4,ps10_v2_p198,0.1211385577917099,1
12378,141,88,4,ps10_v2_p198,0.1211385577917099,1
12379,141,89,4,ps10_v2_p198,0.1211385577917099,1
12380,141,90,4,ps10_v2_p198,0.1211385577917099,1
12381,141,91,4,ps10_v2_p199,0.12470344454050064,1
12382,141,92,4,ps10_v2_p199,0.12470344454050064,1
12383,141,93,4,ps10_v2_p199,0.12470344454050064,1
12384,141,94,4,ps10_v2_p199,0.12470344454050064,1
12385,141,95,4,ps10_v2_p199,0.12470344454050064,1
12386,141,96,4,ps10_v2_p199,0.12470344454050064,1
12387,141,97,4,ps10_v2_p199,0.12470344454050064,1
12388,141,98,4,ps10_v2_p199,0.12470344454050064,1
12389,141,99,4,ps10_v2_p199,0.12470344454050064,1
12390,141,100,4,ps10_v2_p199,0.12470344454050064,1
12391,141,101,4,ps10_v2_p200,0.11845680326223373,1
12392,141,102,4,ps10_v2_p200,0.11845680326223373,1
12393,141,103,4,ps10_v2_p200,0.11845680326223373,1
12394,141,104,4,ps10_v2_p200,0.11845680326223373,1
12395,141,105,4,ps10_v2_p200,0.11845680326223373,1
12396,141,106,4,ps10_v2_p200,0.11845680326223373,1
12397,141,107,4,ps10_v2_p200,0.11845680326223373,1
12398,141,108,4,ps10_v2_p200,0.11845680326223373,1
12399,141,109,4,ps10_v2_p200,0.11845680326223373,1
12400,141,110,4,ps10_v2_p200,0.11845680326223373,1
12401,141,111,4,ps10_v2_p201,0.11630990356206894,1
12402,141,112,4,ps10_v2_p201,0.11630990356206894,1
12403,141,113,4,ps10_v2_p201,0.11630990356206894,1
12404,141,114,4,ps10_v2_p201,0.11630990356206894,1
12405,141,115,4,ps10_v2_p201,0.11630990356206894,1
12406,141,116,4,ps10_v2_p201,0.11630990356206894,1
12407,141,117,4,ps10_v2_p201,0.11630990356206894,1
12408,141,118,4,ps10_v2_p201,0.11630990356206894,1
12409,141,128,3,ps10_v2_p137,0.1081983894109726,1
12410,141,129,3,ps10_v2_p137,0.1081983894109726,1
12411,141,130,3,ps10_v2_p137,0.1081983894109726,1
12412,141,131,3,ps10_v2_p137,0.1081983894109726,1
12413,141,132,3,ps10_v2_p137,0.1081983894109726,1
12414,141,133,3,ps10_v2_p137,0.1081983894109726,1
12415,141,134,3,ps10_v2_p138,0.12549592554569244,1
12416,141,136,3,ps10_v2_p138,0.12549592554569244,1
12417,141,137,3,ps10_v2_p138,0.12549592554569244,1
12418,141,138,3,ps10_v2_p138,0.12549592554569244,1
12419,141,139,3,ps10_v2_p138,0.12549592554569244,1
12420,141,140,3,ps10_v2_p138,0.12549592554569244,1
12421,141,144,3,ps10_v2_p139,0.14450624585151672,1
12422,141,146,3,ps10_v2_p139,0.14450624585151672,1
12423,141,147,3,ps10_v2_p139,0.14450624585151672,1
12424,141,148,3,ps10_v2_p139,0.14450624585151672,1
12425,141,149,3,ps10_v2_p139,0.14450624585151672,1
12426,141,150,3,ps10_v2_p139,0.14450624585151672,1
12427,141,152,3,ps10_v2_p139,0.14450624585151672,1
12428,141,154,3,,,0
12429,141,155,3,,,0
12430,141,156,3,,,0
12431,141,157,5,,,0
12432,141,158,5,,,0
12433,141,159,5,ps10_v2_p252,0.11970937252044678,1
12434,141,160,5,ps10_v2_p252,0.11970937252044678,1
12435,141,161,5,ps10_v2_p252,0.11970937252044678,1
12436,141,163,5,ps10_v2_p252,0.11970937252044678,1
12437,141,165,5,ps10_v2_p252,0.11970937252044678,1
12438,141,166,5,ps10_v2_p252,0.11970937252044678,1
12439,141,168,5,ps10_v2_p252,0.11970937252044678,1
12440,141,169,5,ps10_v2_p253,0.09825775772333145,1
12441,141,170,5,ps10_v2_p253,0.09825775772333145,1
12442,141,172,5,ps10_v2_p253,0.09825775772333145,1
12443,141,173,5,ps10_v2_p253,0.09825775772333145,1
12444,141,174,5,ps10_v2_p253,0.09825775772333145,1
12445,141,175,5,ps10_v2_p253,0.09825775772333145,1
12446,141,177,5,ps10_v2_p253,0.09825775772333145,1
12447,141,178,5,ps10_v2_p253,0.09825775772333145,1
12448,141,179,5,ps10_v2_p254,0.127187117934227,1
12449,141,180,5,ps10_v2_p254,0.127187117934227,1
12450,141,182,5,ps10_v2_p254,0.127187117934227,1
12451,141,183,5,ps10_v2_p254,0.127187117934227,1
12452,141,184,5,ps10_v2_p254,0.127187117934227,1
12453,141,185,5,ps10_v2_p254,0.127187117934227,1
12454,141,187,5,ps10_v2_p254,0.127187117934227,1
12455,141,189,5,ps10_v2_p255,0.08781998604536057,1
12456,141,190,5,ps10_v2_p255,0.08781998604536057,1
12457,141,192,5,ps10_v2_p255,0.08781998604536057,1
12458,141,193,5,ps10_v2_p255,0.08781998604536057,1
12459,141,195,5,ps10_v2_p255,0.08781998604536057,1
12460,141,196,5,ps10_v2_p255,0.08781998604536057,1
12461,141,197,5,ps10_v2_p255,0.08781998604536057,1
12462,141,198,5,ps10_v2_p255,0.08781998604536057,1
12463,141,200,5,ps10_v2_p256,0.0847746878862381,1
12464,142,22,2,ps10_v2_p077,0.09938186407089233,1
12465,142,29,2,ps10_v2_p077,0.09938186407089233,1
12466,142,30,2,,,0
12467,142,57,2,ps10_v2_p079,0.08703242987394333,1
12468,142,58,2,ps10_v2_p079,0.08703242987394333,1
12469,142,59,2,ps10_v2_p079,0.08703242987394333,1
12470,142,60,2,ps10_v2_p080,0.12638431787490845,1
12471,142,61,2,ps10_v2_p080,0.12638431787490845,1
12472,142,62,2,ps10_v2_p080,0.12638431787490845,1
12473,142,63,2,ps10_v2_p080,0.12638431787490845,1
12474,142,64,2,ps10_v2_p080,0.12638431787490845,1
12475,142,65,2,ps10_v2_p080,0.12638431787490845,1
12476,142,66,2,ps10_v2_p080,0.12638431787490845,1
12477,142,67,2,ps10_v2_p080,0.12638431787490845,1
12478,142,68,2,ps10_v2_p080,0.12638431787490845,1
12479,142,69,2,ps10_v2_p080,0.12638431787490845,1
12480,142,70,2,,,0
12481,142,71,4,ps10_v2_p197,0.11663656681776047,1
12482,142,72,4,ps10_v2_p197,0.11663656681776047,1
12483,142,73,4,ps10_v2_p197,0.11663656681776047,1
12484,142,74,4,ps10_v2_p197,0.11663656681776047,1
12485,142,75,4,ps10_v2_p197,0.11663656681776047,1
12486,142,76,4,ps10_v2_p197,0.11663656681776047,1
12487,142,77,4,ps10_v2_p197,0.11663656681776047,1
12488,142,78,4,ps10_v2_p197,0.11663656681776047,1
12489,142,79,4,ps10_v2_p197,0.11663656681776047,1
12490,142,80,4,ps10_v2_p197,0.11663656681776047,1
12491,142,81,4,ps10_v2_p198,0.1211385577917099,1
12492,142,82,4,ps10_v2_p198,0.1211385577917099,1
12493,142,83,4,ps10_v2_p198,0.1211385577917099,1
12494,142,84,4,ps10_v2_p198,0.1211385577917099,1
12495,142,85,4,ps10_v2_p198,0.1211385577917099,1
12496,142,86,4,ps10_v2_p198,0.1211385577917099,1
12497,142,87,4,ps10_v2_p198,0.1211385577917099,1
12498,142,88,4,ps10_v2_p198,0.1211385577917099,1
12499,142,89,4,ps10_v2_p198,0.1211385577917099,1
12500,142,90,4,ps10_v2_p198,0.1211385577917099,1
12501,142,91,4,ps10_v2_p199,0.12470344454050064,1
12502,142,92,4,ps10_v2_p199,0.12470344454050064,1
12503,142,93,4,ps10_v2_p199,0.12470344454050064,1
12504,142,94,4,ps10_v2_p199,0.12470344454050064,1
12505,142,95,4,ps10_v2_p199,0.12470344454050064,1
12506,142,96,4,ps10_v2_p199,0.12470344454050064,1
12507,142,97,4,ps10_v2_p199,0.12470344454050064,1
12508,142,98,4,ps10_v2_p199,0.12470344454050064,1
12509,142,99,4,ps10_v2_p199,0.12470344454050064,1
12510,142,100,4,ps10_v2_p199,0.12470344454050064,1
12511,142,101,4,ps10_v2_p200,0.11845680326223373,1
12512,142,102,4,ps10_v2_p200,0.11845680326223373,1
12513,142,103,4,ps10_v2_p200,0.11845680326223373,1
12514,142,104,4,ps10_v2_p200,0.11845680326223373,1
12515,142,105,4,ps10_v2_p200,0.11845680326223373,1
12516,142,106,4,ps10_v2_p200,0.11845680326223373,1
12517,142,107,4,ps10_v2_p200,0.11845680326223373,1
12518,142,108,4,ps10_v2_p200,0.11845680326223373,1
12519,142,109,4,ps10_v2_p200,0.11845680326223373,1
12520,142,112,4,ps10_v2_p201,0.11630990356206894,1
12521,142,113,4,ps10_v2_p201,0.11630990356206894,1
12522,142,114,4,ps10_v2_p201,0.11630990356206894,1
12523,142,115,4,ps10_v2_p201,0.11630990356206894,1
12524,142,116,4,ps10_v2_p201,0.11630990356206894,1
12525,142,117,4,ps10_v2_p201,0.11630990356206894,1
12526,142,129,3,ps10_v2_p137,0.1081983894109726,1
12527,142,130,3,ps10_v2_p137,0.1081983894109726,1
12528,142,131,3,ps10_v2_p137,0.1081983894109726,1
12529,142,132,3,ps10_v2_p137,0.1081983894109726,1
12530,142,133,3,ps10_v2_p137,0.1081983894109726,1
12531,142,135,3,ps10_v2_p138,0.12549592554569244,1
12532,142,136,3,ps10_v2_p138,0.12549592554569244,1
12533,142,137,3,ps10_v2_p138,0.12549592554569244,1
12534,142,138,3,ps10_v2_p138,0.12549592554569244,1
12535,142,139,3,ps10_v2_p138,0.12549592554569244,1
12536,142,140,3,ps10_v2_p138,0.12549592554569244,1
12537,142,143,3,ps10_v2_p138,0.12549592554569244,1
12538,142,145,3,ps10_v2_p139,0.14450624585151672,1
12539,142,146,3,ps10_v2_p139,0.14450624585151672,1
12540,142,147,3,ps10_v2_p139,0.14450624585151672,1
12541,142,148,3,ps10_v2_p139,0.14450624585151672,1
12542,142,149,3,ps10_v2_p139,0.14450624585151672,1
12543,142,150,3,ps10_v2_p139,0.14450624585151672,1
12544,142,151,3,ps10_v2_p139,0.14450624585151672,1
12545,142,153,3,ps10_v2_p139,0.14450624585151672,1
12546,142,154,3,,,0
12547,142,155,3,,,0
12548,142,156,5,,,0
12549,142,157,5,,,0
12550,142,158,5,,,0
12551,142,159,5,ps10_v2_p252,0.11970937252044678,1
12552,142,160,5,ps10_v2_p252,0.11970937252044678,1
12553,142,161,5,ps10_v2_p252,0.11970937252044678,1
12554,142,162,5,ps10_v2_p252,0.11970937252044678,1
12555,142,164,5,ps10_v2_p252,0.11970937252044678,1
12556,142,165,5,ps10_v2_p252,0.11970937252044678,1
12557,142,168,5,ps10_v2_p252,0.11970937252044678,1
12558,142,169,5,ps10_v2_p253,0.09825775772333145,1
12559,142,170,5,ps10_v2_p253,0.09825775772333145,1
12560,142,171,5,ps10_v2_p253,0.09825775772333145,1
12561,142,173,5,ps10_v2_p253,0.09825775772333145,1
12562,142,174,5,ps10_v2_p253,0.09825775772333145,1
12563,142,175,5,ps10_v2_p253,0.09825775772333145,1
12564,142,176,5,ps10_v2_p253,0.09825775772333145,1
12565,142,178,5,ps10_v2_p253,0.09825775772333145,1
12566,142,179,5,ps10_v2_p254,0.127187117934227,1
12567,142,180,5,ps10_v2_p254,0.127187117934227,1
12568,142,181,5,ps10_v2_p254,0.127187117934227,1
12569,142,183,5,ps10_v2_p254,0.127187117934227,1
12570,142,184,5,ps10_v2_p254,0.127187117934227,1
12571,142,185,5,ps10_v2_p254,0.127187117934227,1
12572,142,186,5,ps10_v2_p254,0.127187117934227,1
12573,142,188,5,ps10_v2_p254,0.127187117934227,1
12574,142,189,5,ps10_v2_p255,0.08781998604536057,1
12575,142,190,5,ps10_v2_p255,0.08781998604536057,1
12576,142,191,5,ps10_v2_p255,0.08781998604536057,1
12577,142,193,5,ps10_v2_p255,0.08781998604536057,1
12578,142,194,5,ps10_v2_p255,0.08781998604536057,1
12579,142,196,5,ps10_v2_p255,0.08781998604536057,1
12580,142,197,5,ps10_v2_p255,0.08781998604536057,1
12581,142,198,5,ps10_v2_p255,0.08781998604536057,1
12582,142,199,5,ps10_v2_p256,0.0847746878862381,1
12583,142,200,5,ps10_v2_p256,0.0847746878862381,1
12584,143,28,2,ps10_v2_p077,0.09938186407089233,1
12585,143,43,2,ps10_v2_p078,0.13559167087078094,1
12586,143,44,2,ps10_v2_p078,0.13559167087078094,1
12587,143,45,2,ps10_v2_p078,0.13559167087078094,1
12588,143,46,2,ps10_v2_p078,0.13559167087078094,1
12589,143,58,2,ps10_v2_p079,0.08703242987394333,1
12590,143,60,2,ps10_v2_p080,0.12638431787490845,1
12591,143,62,2,ps10_v2_p080,0.12638431787490845,1
12592,143,64,2,ps10_v2_p080,0.12638431787490845,1
12593,143,65,2,ps10_v2_p080,0.12638431787490845,1
12594,143,66,2,ps10_v2_p080,0.12638431787490845,1
12595,143,67,2,ps10_v2_p080,0.12638431787490845,1
12596,143,68,2,ps10_v2_p080,0.12638431787490845,1
12597,143,69,2,ps10_v2_p080,0.12638431787490845,1
12598,143,70,2,,,0
12599,143,71,4,ps10_v2_p197,0.11663656681776047,1
12600,143,72,4,ps10_v2_p197,0.11663656681776047,1
12601,143,73,4,ps10_v2_p197,0.11663656681776047,1
12602,143,74,4,ps10_v2_p197,0.11663656681776047,1
12603,143,75,4,ps10_v2_p197,0.11663656681776047,1
12604,143,76,4,ps10_v2_p197,0.11663656681776047,1
12605,143,77,4,ps10_v2_p197,0.11663656681776047,1
12606,143,78,4,ps10_v2_p197,0.11663656681776047,1
12607,143,79,4,ps10_v2_p197,0.11663656681776047,1
12608,143,80,4,ps10_v2_p197,0.11663656681776047,1
12609,143,81,4,ps10_v2_p198,0.1211385577917099,1
12610,143,82,4,ps10_v2_p198,0.1211385577917099,1
12611,143,83,4,ps10_v2_p198,0.1211385577917099,1
12612,143,84,4,ps10_v2_p198,0.1211385577917099,1
12613,143,85,4,ps10_v2_p198,0.1211385577917099,1
12614,143,86,4,ps10_v2_p198,0.1211385577917099,1
12615,143,87,4,ps10_v2_p198,0.1211385577917099,1
12616,143,88,4,ps10_v2_p198,0.1211385577917099,1
12617,143,89,4,ps10_v2_p198,0.1211385577917099,1
12618,143,90,4,ps10_v2_p198,0.1211385577917099,1
12619,143,91,4,ps10_v2_p199,0.12470344454050064,1
12620,143,92,4,ps10_v2_p199,0.12470344454050064,1
12621,143,93,4,ps10_v2_p199,0.12470344454050064,1
12622,143,94,4,ps10_v2_p199,0.12470344454050064,1
12623,143,95,4,ps10_v2_p199,0.12470344454050064,1
12624,143,96,4,ps10_v2_p199,0.12470344454050064,1
12625,143,97,4,ps10_v2_p199,0.12470344454050064,1
12626,143,98,4,ps10_v2_p199,0.12470344454050064,1
12627,143,99,4,ps10_v2_p199,0.12470344454050064,1
12628,143,100,4,ps10_v2_p199,0.12470344454050064,1
12629,143,101,4,ps10_v2_p200,0.11845680326223373,1
12630,143,102,4,ps10_v2_p200,0.11845680326223373,1
12631,143,103,4,ps10_v2_p200,0.11845680326223373,1
12632,143,104,4,ps10_v2_p200,0.11845680326223373,1
12633,143,105,4,ps10_v2_p200,0.11845680326223373,1
12634,143,106,4,ps10_v2_p200,0.11845680326223373,1
12635,143,107,4,ps10_v2_p200,0.11845680326223373,1
12636,143,108,4,ps10_v2_p200,0.11845680326223373,1
12637,143,109,4,ps10_v2_p200,0.11845680326223373,1
12638,143,110,4,ps10_v2_p200,0.11845680326223373,1
12639,143,111,4,ps10_v2_p201,0.11630990356206894,1
12640,143,112,4,ps10_v2_p201,0.11630990356206894,1
12641,143,113,4,ps10_v2_p201,0.11630990356206894,1
12642,143,114,4,ps10_v2_p201,0.11630990356206894,1
12643,143,115,4,ps10_v2_p201,0.11630990356206894,1
12644,143,116,4,ps10_v2_p201,0.11630990356206894,1
12645,143,129,3,ps10_v2_p137,0.1081983894109726,1
12646,143,130,3,ps10_v2_p137,0.1081983894109726,1
12647,143,131,3,ps10_v2_p137,0.1081983894109726,1
12648,143,132,3,ps10_v2_p137,0.1081983894109726,1
12649,143,133,3,ps10_v2_p137,0.1081983894109726,1
12650,143,134,3,ps10_v2_p138,0.12549592554569244,1
12651,143,136,3,ps10_v2_p138,0.12549592554569244,1
12652,143,137,3,ps10_v2_p138,0.12549592554569244,1
12653,143,138,3,ps10_v2_p138,0.12549592554569244,1
12654,143,139,3,ps10_v2_p138,0.12549592554569244,1
12655,143,144,3,ps10_v2_p139,0.14450624585151672,1
12656,143,145,3,ps10_v2_p139,0.14450624585151672,1
12657,143,146,3,ps10_v2_p139,0.14450624585151672,1
12658,143,147,3,ps10_v2_p139,0.14450624585151672,1
12659,143,148,3,ps10_v2_p139,0.14450624585151672,1
12660,143,149,3,ps10_v2_p139,0.14450624585151672,1
12661,143,150,3,ps10_v2_p139,0.14450624585151672,1
12662,143,151,3,ps10_v2_p139,0.14450624585151672,1
12663,143,152,3,ps10_v2_p139,0.14450624585151672,1
12664,143,154,3,,,0
12665,143,156,5,ps10_v2_p257,0.11348703503608704,1
12666,143,157,5,ps10_v2_p257,0.11348703503608704,1
12667,143,158,5,ps10_v2_p257,0.11348703503608704,1
12668,143,159,5,ps10_v2_p258,0.10201417654752731,1
12669,143,161,5,ps10_v2_p258,0.10201417654752731,1
12670,143,162,5,ps10_v2_p258,0.10201417654752731,1
12671,143,163,5,ps10_v2_p258,0.10201417654752731,1
12672,143,165,5,ps10_v2_p258,0.10201417654752731,1
12673,143,166,5,ps10_v2_p258,0.10201417654752731,1
12674,143,168,5,ps10_v2_p258,0.10201417654752731,1
12675,143,169,5,ps10_v2_p259,0.14600932598114014,1
12676,143,170,5,ps10_v2_p259,0.14600932598114014,1
12677,143,172,5,ps10_v2_p259,0.14600932598114014,1
12678,143,173,5,ps10_v2_p259,0.14600932598114014,1
12679,143,174,5,ps10_v2_p259,0.14600932598114014,1
12680,143,175,5,ps10_v2_p259,0.14600932598114014,1
12681,143,176,5,ps10_v2_p259,0.14600932598114014,1
12682,143,177,5,ps10_v2_p259,0.14600932598114014,1
12683,143,179,5,ps10_v2_p260,0.11249744147062302,1
12684,143,180,5,ps10_v2_p260,0.11249744147062302,1
12685,143,181,5,ps10_v2_p260,0.11249744147062302,1
12686,143,182,5,ps10_v2_p260,0.11249744147062302,1
12687,143,184,5,ps10_v2_p260,0.11249744147062302,1
12688,143,185,5,ps10_v2_p260,0.11249744147062302,1
12689,143,186,5,ps10_v2_p260,0.11249744147062302,1
12690,143,187,5,ps10_v2_p260,0.11249744147062302,1
12691,143,189,5,ps10_v2_p261,0.1070314273238182,1
12692,143,190,5,ps10_v2_p261,0.1070314273238182,1
12693,143,192,5,ps10_v2_p261,0.1070314273238182,1
12694,143,193,5,ps10_v2_p261,0.1070314273238182,1
12695,143,194,5,ps10_v2_p261,0.1070314273238182,1
12696,143,195,5,ps10_v2_p261,0.1070314273238182,1
12697,143,197,5,ps10_v2_p261,0.1070314273238182,1
12698,143,198,5,ps10_v2_p261,0.1070314273238182,1
12699,144,19,2,,,0
12700,144,27,2,ps10_v2_p081,0.10466063022613525,1
12701,144,28,2,ps10_v2_p081,0.10466063022613525,1
12702,144,41,2,ps10_v2_p082,0.11407768726348877,1
12703,144,43,2,ps10_v2_p082,0.11407768726348877,1
12704,144,44,2,ps10_v2_p082,0.11407768726348877,1
12705,144,45,2,ps10_v2_p082,0.11407768726348877,1
12706,144,48,2,ps10_v2_p082,0.11407768726348877,1
12707,144,50,2,ps10_v2_p083,0.12563325464725494,1
12708,144,51,2,ps10_v2_p083,0.12563325464725494,1
12709,144,59,2,ps10_v2_p083,0.12563325464725494,1
12710,144,60,2,ps10_v2_p084,0.09380504488945007,1
12711,144,62,2,ps10_v2_p084,0.09380504488945007,1
12712,144,64,2,ps10_v2_p084,0.09380504488945007,1
12713,144,65,2,ps10_v2_p084,0.09380504488945007,1
12714,144,67,2,ps10_v2_p084,0.09380504488945007,1
12715,144,68,2,ps10_v2_p084,0.09380504488945007,1
12716,144,69,2,ps10_v2_p084,0.09380504488945007,1
12717,144,70,2,,,0
12718,144,71,4,ps10_v2_p197,0.11663656681776047,1
12719,144,72,4,ps10_v2_p197,0.11663656681776047,1
12720,144,73,4,ps10_v2_p197,0.11663656681776047,1
12721,144,74,4,ps10_v2_p197,0.11663656681776047,1
12722,144,75,4,ps10_v2_p197,0.11663656681776047,1
12723,144,76,4,ps10_v2_p197,0.11663656681776047,1
12724,144,77,4,ps10_v2_p197,0.11663656681776047,1
12725,144,78,4,ps10_v2_p197,0.11663656681776047,1
12726,144,79,4,ps10_v2_p197,0.11663656681776047,1
12727,144,80,4,ps10_v2_p197,0.11663656681776047,1
12728,144,81,4,ps10_v2_p198,0.1211385577917099,1
12729,144,82,4,ps10_v2_p198,0.1211385577917099,1
12730,144,83,4,ps10_v2_p198,0.1211385577917099,1
12731,144,84,4,ps10_v2_p198,0.1211385577917099,1
12732,144,85,4,ps10_v2_p198,0.1211385577917099,1
12733,144,86,4,ps10_v2_p198,0.1211385577917099,1
12734,144,87,4,ps10_v2_p198,0.1211385577917099,1
12735,144,88,4,ps10_v2_p198,0.1211385577917099,1
12736,144,89,4,ps10_v2_p198,0.1211385577917099,1
12737,144,90,4,ps10_v2_p198,0.1211385577917099,1
12738,144,91,4,ps10_v2_p199,0.12470344454050064,1
12739,144,92,4,ps10_v2_p199,0.12470344454050064,1
12740,144,93,4,ps10_v2_p199,0.12470344454050064,1
12741,144,94,4,ps10_v2_p199,0.12470344454050064,1
12742,144,95,4,ps10_v2_p199,0.12470344454050064,1
12743,144,96,4,ps10_v2_p199,0.12470344454050064,1
12744,144,97,4,ps10_v2_p199,0.12470344454050064,1
12745,144,98,4,ps10_v2_p199,0.12470344454050064,1
12746,144,99,4,ps10_v2_p199,0.12470344454050064,1
12747,144,100,4,ps10_v2_p199,0.12470344454050064,1
12748,144,101,4,ps10_v2_p200,0.11845680326223373,1
12749,144,102,4,ps10_v2_p200,0.11845680326223373,1
12750,144,103,4,ps10_v2_p200,0.11845680326223373,1
12751,144,104,4,ps10_v2_p200,0.11845680326223373,1
12752,144,105,4,ps10_v2_p200,0.11845680326223373,1
12753,144,106,4,ps10_v2_p200,0.11845680326223373,1
12754,144,107,4,ps10_v2_p200,0.11845680326223373,1
12755,144,108,4,ps10_v2_p200,0.11845680326223373,1
12756,144,109,4,ps10_v2_p200,0.11845680326223373,1
12757,144,110,4,ps10_v2_p200,0.11845680326223373,1
12758,144,112,4,ps10_v2_p201,0.11630990356206894,1
12759,144,113,4,ps10_v2_p201,0.11630990356206894,1
12760,144,114,4,ps10_v2_p201,0.11630990356206894,1
12761,144,115,4,ps10_v2_p201,0.11630990356206894,1
12762,144,129,3,ps10_v2_p137,0.1081983894109726,1
12763,144,130,3,ps10_v2_p137,0.1081983894109726,1
12764,144,131,3,ps10_v2_p137,0.1081983894109726,1
12765,144,132,3,ps10_v2_p137,0.1081983894109726,1
12766,144,133,3,ps10_v2_p137,0.1081983894109726,1
12767,144,135,3,ps10_v2_p138,0.12549592554569244,1
12768,144,136,3,ps10_v2_p138,0.12549592554569244,1
12769,144,137,3,ps10_v2_p138,0.12549592554569244,1
12770,144,138,3,ps10_v2_p138,0.12549592554569244,1
12771,144,139,3,ps10_v2_p138,0.12549592554569244,1
12772,144,143,3,ps10_v2_p138,0.12549592554569244,1
12773,144,144,3,ps10_v2_p139,0.14450624585151672,1
12774,144,145,3,ps10_v2_p139,0.14450624585151672,1
12775,144,146,3,ps10_v2_p139,0.14450624585151672,1
12776,144,147,3,ps10_v2_p139,0.14450624585151672,1
12777,144,148,3,ps10_v2_p139,0.14450624585151672,1
12778,144,149,3,ps10_v2_p139,0.14450624585151672,1
12779,144,150,3,ps10_v2_p139,0.14450624585151672,1
12780,144,151,3,ps10_v2_p139,0.14450624585151672,1
12781,144,153,3,ps10_v2_p139,0.14450624585151672,1
12782,144,155,5,ps10_v2_p257,0.11348703503608704,1
12783,144,156,5,ps10_v2_p257,0.11348703503608704,1
12784,144,157,5,ps10_v2_p257,0.11348703503608704,1
12785,144,158,5,ps10_v2_p257,0.11348703503608704,1
12786,144,159,5,ps10_v2_p258,0.10201417654752731,1
12787,144,160,5,ps10_v2_p258,0.10201417654752731,1
12788,144,161,5,ps10_v2_p258,0.10201417654752731,1
12789,144,162,5,ps10_v2_p258,0.10201417654752731,1
12790,144,163,5,ps10_v2_p258,0.10201417654752731,1
12791,144,164,5,ps10_v2_p258,0.10201417654752731,1
12792,144,167,5,ps10_v2_p258,0.10201417654752731,1
12793,144,168,5,ps10_v2_p258,0.10201417654752731,1
12794,144,169,5,ps10_v2_p259,0.14600932598114014,1
12795,144,170,5,ps10_v2_p259,0.14600932598114014,1
12796,144,171,5,ps10_v2_p259,0.14600932598114014,1
12797,144,173,5,ps10_v2_p259,0.14600932598114014,1
12798,144,174,5,ps10_v2_p259,0.14600932598114014,1
12799,144,175,5,ps10_v2_p259,0.14600932598114014,1
12800,144,176,5,ps10_v2_p259,0.14600932598114014,1
12801,144,178,5,ps10_v2_p259,0.14600932598114014,1
12802,144,179,5,ps10_v2_p260,0.11249744147062302,1
12803,144,180,5,ps10_v2_p260,0.11249744147062302,1
12804,144,181,5,ps10_v2_p260,0.11249744147062302,1
12805,144,182,5,ps10_v2_p260,0.11249744147062302,1
12806,144,183,5,ps10_v2_p260,0.11249744147062302,1
12807,144,184,5,ps10_v2_p260,0.11249744147062302,1
12808,144,185,5,ps10_v2_p260,0.11249744147062302,1
12809,144,186,5,ps10_v2_p260,0.11249744147062302,1
12810,144,188,5,ps10_v2_p260,0.11249744147062302,1
12811,144,189,5,ps10_v2_p261,0.1070314273238182,1
12812,144,190,5,ps10_v2_p261,0.1070314273238182,1
12813,144,191,5,ps10_v2_p261,0.1070314273238182,1
12814,144,193,5,ps10_v2_p261,0.1070314273238182,1
12815,144,194,5,ps10_v2_p261,0.1070314273238182,1
12816,144,196,5,ps10_v2_p261,0.1070314273238182,1
12817,144,197,5,ps10_v2_p261,0.1070314273238182,1
12818,144,199,5,,,0
12819,145,25,2,ps10_v2_p081,0.10466063022613525,1
12820,145,26,2,ps10_v2_p081,0.10466063022613525,1
12821,145,27,2,ps10_v2_p081,0.10466063022613525,1
12822,145,31,2,,,0
12823,145,32,2,,,0
12824,145,40,2,ps10_v2_p082,0.11407768726348877,1
12825,145,41,2,ps10_v2_p082,0.11407768726348877,1
12826,145,42,2,ps10_v2_p082,0.11407768726348877,1
12827,145,43,2,ps10_v2_p082,0.11407768726348877,1
12828,145,45,2,ps10_v2_p082,0.11407768726348877,1
12829,145,49,2,ps10_v2_p082,0.11407768726348877,1
12830,145,50,2,ps10_v2_p083,0.12563325464725494,1
12831,145,51,2,ps10_v2_p083,0.12563325464725494,1
12832,145,52,2,ps10_v2_p083,0.12563325464725494,1
12833,145,58,2,ps10_v2_p083,0.12563325464725494,1
12834,145,59,2,ps10_v2_p083,0.12563325464725494,1
12835,145,61,2,ps10_v2_p084,0.09380504488945007,1
12836,145,64,2,ps10_v2_p084,0.09380504488945007,1
12837,145,65,2,ps10_v2_p084,0.09380504488945007,1
12838,145,67,2,ps10_v2_p084,0.09380504488945007,1
12839,145,68,2,ps10_v2_p084,0.09380504488945007,1
12840,145,69,2,ps10_v2_p084,0.09380504488945007,1
12841,145,70,2,,,0
12842,145,71,4,ps10_v2_p197,0.11663656681776047,1
12843,145,72,4,ps10_v2_p197,0.11663656681776047,1
12844,145,73,4,ps10_v2_p197,0.11663656681776047,1
12845,145,74,4,ps10_v2_p197,0.11663656681776047,1
12846,145,75,4,ps10_v2_p197,0.11663656681776047,1
12847,145,76,4,ps10_v2_p197,0.11663656681776047,1
12848,145,77,4,ps10_v2_p197,0.11663656681776047,1
12849,145,78,4,ps10_v2_p197,0.11663656681776047,1
12850,145,79,4,ps10_v2_p197,0.11663656681776047,1
12851,145,80,4,ps10_v2_p197,0.11663656681776047,1
12852,145,81,4,ps10_v2_p198,0.1211385577917099,1
12853,145,82,4,ps10_v2_p198,0.1211385577917099,1
12854,145,83,4,ps10_v2_p198,0.1211385577917099,1
12855,145,84,4,ps10_v2_p198,0.1211385577917099,1
12856,145,85,4,ps10_v2_p198,0.1211385577917099,1
12857,145,86,4,ps10_v2_p198,0.1211385577917099,1
12858,145,87,4,ps10_v2_p198,0.1211385577917099,1
12859,145,88,4,ps10_v2_p198,0.1211385577917099,1
12860,145,89,4,ps10_v2_p198,0.1211385577917099,1
12861,145,90,4,ps10_v2_p198,0.1211385577917099,1
12862,145,91,4,ps10_v2_p199,0.12470344454050064,1
12863,145,92,4,ps10_v2_p199,0.12470344454050064,1
12864,145,93,4,ps10_v2_p199,0.12470344454050064,1
12865,145,94,4,ps10_v2_p199,0.12470344454050064,1
12866,145,95,4,ps10_v2_p199,0.12470344454050064,1
12867,145,96,4,ps10_v2_p199,0.12470344454050064,1
12868,145,97,4,ps10_v2_p199,0.12470344454050064,1
12869,145,98,4,ps10_v2_p199,0.12470344454050064,1
12870,145,99,4,ps10_v2_p199,0.12470344454050064,1
12871,145,100,4,ps10_v2_p199,0.12470344454050064,1
12872,145,101,4,ps10_v2_p200,0.11845680326223373,1
12873,145,102,4,ps10_v2_p200,0.11845680326223373,1
12874,145,103,4,ps10_v2_p200,0.11845680326223373,1
12875,145,104,4,ps10_v2_p200,0.11845680326223373,1
12876,145,105,4,ps10_v2_p200,0.11845680326223373,1
12877,145,106,4,ps10_v2_p200,0.11845680326223373,1
12878,145,107,4,ps10_v2_p200,0.11845680326223373,1
12879,145,108,4,ps10_v2_p200,0.11845680326223373,1
12880,145,109,4,ps10_v2_p200,0.11845680326223373,1
12881,145,110,4,ps10_v2_p200,0.11845680326223373,1
12882,145,111,4,ps10_v2_p201,0.11630990356206894,1
12883,145,112,4,ps10_v2_p201,0.11630990356206894,1
12884,145,113,4,ps10_v2_p201,0.11630990356206894,1
12885,145,114,4,ps10_v2_p201,0.11630990356206894,1
12886,145,115,4,ps10_v2_p201,0.11630990356206894,1
12887,145,130,3,ps10_v2_p137,0.1081983894109726,1
12888,145,131,3,ps10_v2_p137,0.1081983894109726,1
12889,145,132,3,ps10_v2_p137,0.1081983894109726,1
12890,145,133,3,ps10_v2_p137,0.1081983894109726,1
12891,145,134,3,ps10_v2_p138,0.12549592554569244,1
12892,145,135,3,ps10_v2_p138,0.12549592554569244,1
12893,145,136,3,ps10_v2_p138,0.12549592554569244,1
12894,145,137,3,ps10_v2_p138,0.12549592554569244,1
12895,145,138,3,ps10_v2_p138,0.12549592554569244,1
12896,145,140,3,ps10_v2_p138,0.12549592554569244,1
12897,145,142,3,ps10_v2_p138,0.12549592554569244,1
12898,145,143,3,ps10_v2_p138,0.12549592554569244,1
12899,145,144,3,ps10_v2_p139,0.14450624585151672,1
12900,145,145,3,ps10_v2_p139,0.14450624585151672,1
12901,145,146,3,ps10_v2_p139,0.14450624585151672,1
12902,145,147,3,ps10_v2_p139,0.14450624585151672,1
12903,145,148,3,ps10_v2_p139,0.14450624585151672,1
12904,145,149,3,ps10_v2_p139,0.14450624585151672,1
12905,145,150,3,ps10_v2_p139,0.14450624585151672,1
12906,145,151,3,ps10_v2_p139,0.14450624585151672,1
12907,145,152,3,ps10_v2_p139,0.14450624585151672,1
12908,145,154,5,ps10_v2_p257,0.11348703503608704,1
12909,145,156,5,ps10_v2_p257,0.11348703503608704,1
12910,145,157,5,ps10_v2_p257,0.11348703503608704,1
12911,145,158,5,ps10_v2_p257,0.11348703503608704,1
12912,145,159,5,ps10_v2_p258,0.10201417654752731,1
12913,145,160,5,ps10_v2_p258,0.10201417654752731,1
12914,145,161,5,ps10_v2_p258,0.10201417654752731,1
12915,145,162,5,ps10_v2_p258,0.10201417654752731,1
12916,145,163,5,ps10_v2_p258,0.10201417654752731,1
12917,145,165,5,ps10_v2_p258,0.10201417654752731,1
12918,145,166,5,ps10_v2_p258,0.10201417654752731,1
12919,145,167,5,ps10_v2_p258,0.10201417654752731,1
12920,145,168,5,ps10_v2_p258,0.10201417654752731,1
12921,145,169,5,ps10_v2_p259,0.14600932598114014,1
12922,145,170,5,ps10_v2_p259,0.14600932598114014,1
12923,145,171,5,ps10_v2_p259,0.14600932598114014,1
12924,145,172,5,ps10_v2_p259,0.14600932598114014,1
12925,145,174,5,ps10_v2_p259,0.14600932598114014,1
12926,145,175,5,ps10_v2_p259,0.14600932598114014,1
12927,145,176,5,ps10_v2_p259,0.14600932598114014,1
12928,145,177,5,ps10_v2_p259,0.14600932598114014,1
12929,145,179,5,ps10_v2_p260,0.11249744147062302,1
12930,145,180,5,ps10_v2_p260,0.11249744147062302,1
12931,145,181,5,ps10_v2_p260,0.11249744147062302,1
12932,145,182,5,ps10_v2_p260,0.11249744147062302,1
12933,145,184,5,ps10_v2_p260,0.11249744147062302,1
12934,145,185,5,ps10_v2_p260,0.11249744147062302,1
12935,145,186,5,ps10_v2_p260,0.11249744147062302,1
12936,145,187,5,ps10_v2_p260,0.11249744147062302,1
12937,145,189,5,ps10_v2_p261,0.1070314273238182,1
12938,145,190,5,ps10_v2_p261,0.1070314273238182,1
12939,145,191,5,ps10_v2_p261,0.1070314273238182,1
12940,145,192,5,ps10_v2_p261,0.1070314273238182,1
12941,145,194,5,ps10_v2_p261,0.1070314273238182,1
12942,145,195,5,ps10_v2_p261,0.1070314273238182,1
12943,145,197,5,ps10_v2_p261,0.1070314273238182,1
12944,146,22,2,ps10_v2_p081,0.10466063022613525,1
12945,146,23,2,ps10_v2_p081,0.10466063022613525,1
12946,146,24,2,ps10_v2_p081,0.10466063022613525,1
12947,146,25,2,ps10_v2_p081,0.10466063022613525,1
12948,146,41,2,ps10_v2_p082,0.11407768726348877,1
12949,146,42,2,ps10_v2_p082,0.11407768726348877,1
12950,146,48,2,ps10_v2_p082,0.11407768726348877,1
12951,146,51,2,ps10_v2_p083,0.12563325464725494,1
12952,146,52,2,ps10_v2_p083,0.12563325464725494,1
12953,146,54,2,ps10_v2_p083,0.12563325464725494,1
12954,146,57,2,ps10_v2_p083,0.12563325464725494,1
12955,146,58,2,ps10_v2_p083,0.12563325464725494,1
12956,146,61,2,ps10_v2_p084,0.09380504488945007,1
12957,146,64,2,ps10_v2_p084,0.09380504488945007,1
12958,146,66,2,ps10_v2_p084,0.09380504488945007,1
12959,146,67,2,ps10_v2_p084,0.09380504488945007,1
12960,146,68,2,ps10_v2_p084,0.09380504488945007,1
12961,146,69,2,ps10_v2_p084,0.09380504488945007,1
12962,146,70,2,,,0
12963,146,71,4,ps10_v2_p202,0.11741180717945099,1
12964,146,72,4,ps10_v2_p202,0.11741180717945099,1
12965,146,73,4,ps10_v2_p202,0.11741180717945099,1
12966,146,74,4,ps10_v2_p202,0.11741180717945099,1
12967,146,75,4,ps10_v2_p202,0.11741180717945099,1
12968,146,76,4,ps10_v2_p202,0.11741180717945099,1
12969,146,77,4,ps10_v2_p202,0.11741180717945099,1
12970,146,78,4,ps10_v2_p202,0.11741180717945099,1
12971,146,79,4,ps10_v2_p202,0.11741180717945099,1
12972,146,80,4,ps10_v2_p202,0.11741180717945099,1
12973,146,81,4,ps10_v2_p203,0.11591265350580215,1
12974,146,82,4,ps10_v2_p203,0.11591265350580215,1
12975,146,83,4,ps10_v2_p203,0.11591265350580215,1
12976,146,84,4,ps10_v2_p203,0.11591265350580215,1
12977,146,85,4,ps10_v2_p203,0.11591265350580215,1
12978,146,86,4,ps10_v2_p203,0.11591265350580215,1
12979,146,87,4,ps10_v2_p203,0.11591265350580215,1
12980,146,88,4,ps10_v2_p203,0.11591265350580215,1
12981,146,89,4,ps10_v2_p203,0.11591265350580215,1
12982,146,90,4,ps10_v2_p203,0.11591265350580215,1
12983,146,91,4,ps10_v2_p204,0.11107409745454788,1
12984,146,92,4,ps10_v2_p204,0.11107409745454788,1
12985,146,93,4,ps10_v2_p204,0.11107409745454788,1
12986,146,94,4,ps10_v2_p204,0.11107409745454788,1
12987,146,95,4,ps10_v2_p204,0.11107409745454788,1
12988,146,96,4,ps10_v2_p204,0.11107409745454788,1
12989,146,97,4,ps10_v2_p204,0.11107409745454788,1
12990,146,98,4,ps10_v2_p204,0.11107409745454788,1
12991,146,99,4,ps10_v2_p204,0.11107409745454788,1
12992,146,100,4,ps10_v2_p204,0.11107409745454788,1
12993,146,101,4,ps10_v2_p205,0.10889334976673126,1
12994,146,102,4,ps10_v2_p205,0.10889334976673126,1
12995,146,103,4,ps10_v2_p205,0.10889334976673126,1
12996,146,104,4,ps10_v2_p205,0.10889334976673126,1
12997,146,105,4,ps10_v2_p205,0.10889334976673126,1
12998,146,106,4,ps10_v2_p205,0.10889334976673126,1
12999,146,107,4,ps10_v2_p205,0.10889334976673126,1
13000,146,108,4,ps10_v2_p205,0.10889334976673126,1
13001,146,109,4,ps10_v2_p205,0.10889334976673126,1
13002,146,110,4,ps10_v2_p205,0.10889334976673126,1
13003,146,112,4,ps10_v2_p206,0.12204767763614655,1
13004,146,113,4,ps10_v2_p206,0.12204767763614655,1
13005,146,114,4,ps10_v2_p206,0.12204767763614655,1
13006,146,131,3,ps10_v2_p137,0.1081983894109726,1
13007,146,133,3,ps10_v2_p137,0.1081983894109726,1
13008,146,134,3,ps10_v2_p138,0.12549592554569244,1
13009,146,135,3,ps10_v2_p138,0.12549592554569244,1
13010,146,136,3,ps10_v2_p138,0.12549592554569244,1
13011,146,137,3,ps10_v2_p138,0.12549592554569244,1
13012,146,142,3,ps10_v2_p138,0.12549592554569244,1
13013,146,143,3,ps10_v2_p138,0.12549592554569244,1
13014,146,144,3,ps10_v2_p139,0.14450624585151672,1
13015,146,145,3,ps10_v2_p139,0.14450624585151672,1
13016,146,146,3,ps10_v2_p139,0.14450624585151672,1
13017,146,147,3,ps10_v2_p139,0.14450624585151672,1
13018,146,148,3,ps10_v2_p139,0.14450624585151672,1
13019,146,149,3,ps10_v2_p139,0.14450624585151672,1
13020,146,150,3,ps10_v2_p139,0.14450624585151672,1
13021,146,151,3,ps10_v2_p139,0.14450624585151672,1
13022,146,152,3,ps10_v2_p139,0.14450624585151672,1
13023,146,153,5,ps10_v2_p257,0.11348703503608704,1
13024,146,155,5,ps10_v2_p257,0.11348703503608704,1
13025,146,157,5,ps10_v2_p257,0.11348703503608704,1
13026,146,158,5,ps10_v2_p257,0.11348703503608704,1
13027,146,159,5,ps10_v2_p258,0.10201417654752731,1
13028,146,160,5,ps10_v2_p258,0.10201417654752731,1
13029,146,161,5,ps10_v2_p258,0.10201417654752731,1
13030,146,164,5,ps10_v2_p258,0.10201417654752731,1
13031,146,166,5,ps10_v2_p258,0.10201417654752731,1
13032,146,167,5,ps10_v2_p258,0.10201417654752731,1
13033,146,168,5,ps10_v2_p258,0.10201417654752731,1
13034,146,169,5,ps10_v2_p259,0.14600932598114014,1
13035,146,170,5,ps10_v2_p259,0.14600932598114014,1
13036,146,171,5,ps10_v2_p259,0.14600932598114014,1
13037,146,173,5,ps10_v2_p259,0.14600932598114014,1
13038,146,174,5,ps10_v2_p259,0.14600932598114014,1
13039,146,175,5,ps10_v2_p259,0.14600932598114014,1
13040,146,176,5,ps10_v2_p259,0.14600932598114014,1
13041,146,177,5,ps10_v2_p259,0.14600932598114014,1
13042,146,178,5,ps10_v2_p259,0.14600932598114014,1
13043,146,180,5,ps10_v2_p260,0.11249744147062302,1
13044,146,181,5,ps10_v2_p260,0.11249744147062302,1
13045,146,182,5,ps10_v2_p260,0.11249744147062302,1
13046,146,183,5,ps10_v2_p260,0.11249744147062302,1
13047,146,185,5,ps10_v2_p260,0.11249744147062302,1
13048,146,186,5,ps10_v2_p260,0.11249744147062302,1
13049,146,187,5,ps10_v2_p260,0.11249744147062302,1
13050,146,188,5,ps10_v2_p260,0.11249744147062302,1
13051,146,190,5,ps10_v2_p261,0.1070314273238182,1
13052,146,191,5,ps10_v2_p261,0.1070314273238182,1
13053,146,193,5,ps10_v2_p261,0.1070314273238182,1
13054,146,194,5,ps10_v2_p261,0.1070314273238182,1
13055,146,195,5,ps10_v2_p261,0.1070314273238182,1
13056,146,196,5,ps10_v2_p261,0.1070314273238182,1
13057,147,21,2,ps10_v2_p081,0.10466063022613525,1
13058,147,22,2,ps10_v2_p081,0.10466063022613525,1
13059,147,23,2,ps10_v2_p081,0.10466063022613525,1
13060,147,24,2,ps10_v2_p081,0.10466063022613525,1
13061,147,30,2,,,0
13062,147,39,2,,,0
13063,147,40,2,ps10_v2_p082,0.11407768726348877,1
13064,147,51,2,ps10_v2_p083,0.12563325464725494,1
13065,147,53,2,ps10_v2_p083,0.12563325464725494,1
13066,147,54,2,ps10_v2_p083,0.12563325464725494,1
13067,147,56,2,ps10_v2_p083,0.12563325464725494,1
13068,147,57,2,ps10_v2_p083,0.12563325464725494,1
13069,147,58,2,ps10_v2_p083,0.12563325464725494,1
13070,147,64,2,ps10_v2_p084,0.09380504488945007,1
13071,147,67,2,ps10_v2_p084,0.09380504488945007,1
13072,147,68,2,ps10_v2_p084,0.09380504488945007,1
13073,147,69,2,ps10_v2_p084,0.09380504488945007,1
13074,147,70,2,,,0
13075,147,71,4,ps10_v2_p202,0.11741180717945099,1
13076,147,72,4,ps10_v2_p202,0.11741180717945099,1
13077,147,73,4,ps10_v2_p202,0.11741180717945099,1
13078,147,74,4,ps10_v2_p202,0.11741180717945099,1
13079,147,75,4,ps10_v2_p202,0.11741180717945099,1
13080,147,76,4,ps10_v2_p202,0.11741180717945099,1
13081,147,77,4,ps10_v2_p202,0.11741180717945099,1
13082,147,78,4,ps10_v2_p202,0.11741180717945099,1
13083,147,79,4,ps10_v2_p202,0.11741180717945099,1
13084,147,80,4,ps10_v2_p202,0.11741180717945099,1
13085,147,81,4,ps10_v2_p203,0.11591265350580215,1
13086,147,82,4,ps10_v2_p203,0.11591265350580215,1
13087,147,83,4,ps10_v2_p203,0.11591265350580215,1
13088,147,84,4,ps10_v2_p203,0.11591265350580215,1
13089,147,85,4,ps10_v2_p203,0.11591265350580215,1
13090,147,86,4,ps10_v2_p203,0.11591265350580215,1
13091,147,87,4,ps10_v2_p203,0.11591265350580215,1
13092,147,88,4,ps10_v2_p203,0.11591265350580215,1
13093,147,89,4,ps10_v2_p203,0.11591265350580215,1
13094,147,90,4,ps10_v2_p203,0.11591265350580215,1
13095,147,91,4,ps10_v2_p204,0.11107409745454788,1
13096,147,92,4,ps10_v2_p204,0.11107409745454788,1
13097,147,93,4,ps10_v2_p204,0.11107409745454788,1
13098,147,94,4,ps10_v2_p204,0.11107409745454788,1
13099,147,95,4,ps10_v2_p204,0.11107409745454788,1
13100,147,96,4,ps10_v2_p204,0.11107409745454788,1
13101,147,97,4,ps10_v2_p204,0.11107409745454788,1
13102,147,98,4,ps10_v2_p204,0.11107409745454788,1
13103,147,99,4,ps10_v2_p204,0.11107409745454788,1
13104,147,100,4,ps10_v2_p204,0.11107409745454788,1
13105,147,102,4,ps10_v2_p205,0.10889334976673126,1
13106,147,103,4,ps10_v2_p205,0.10889334976673126,1
13107,147,104,4,ps10_v2_p205,0.10889334976673126,1
13108,147,105,4,ps10_v2_p205,0.10889334976673126,1
13109,147,106,4,ps10_v2_p205,0.10889334976673126,1
13110,147,107,4,ps10_v2_p205,0.10889334976673126,1
13111,147,108,4,ps10_v2_p205,0.10889334976673126,1
13112,147,110,4,ps10_v2_p205,0.10889334976673126,1
13113,147,111,4,ps10_v2_p206,0.12204767763614655,1
13114,147,112,4,ps10_v2_p206,0.12204767763614655,1
13115,147,113,4,ps10_v2_p206,0.12204767763614655,1
13116,147,132,3,ps10_v2_p137,0.1081983894109726,1
13117,147,133,3,ps10_v2_p137,0.1081983894109726,1
13118,147,134,3,ps10_v2_p138,0.12549592554569244,1
13119,147,135,3,ps10_v2_p138,0.12549592554569244,1
13120,147,136,3,ps10_v2_p138,0.12549592554569244,1
13121,147,141,3,ps10_v2_p138,0.12549592554569244,1
13122,147,142,3,ps10_v2_p138,0.12549592554569244,1
13123,147,143,3,ps10_v2_p138,0.12549592554569244,1
13124,147,144,3,ps10_v2_p139,0.14450624585151672,1
13125,147,145,3,ps10_v2_p139,0.14450624585151672,1
13126,147,146,3,ps10_v2_p139,0.14450624585151672,1
13127,147,147,3,ps10_v2_p139,0.14450624585151672,1
13128,147,148,3,ps10_v2_p139,0.14450624585151672,1
13129,147,149,3,ps10_v2_p139,0.14450624585151672,1
13130,147,150,3,ps10_v2_p139,0.14450624585151672,1
13131,147,151,3,ps10_v2_p139,0.14450624585151672,1
13132,147,152,3,ps10_v2_p139,0.14450624585151672,1
13133,147,153,5,ps10_v2_p257,0.11348703503608704,1
13134,147,154,5,ps10_v2_p257,0.11348703503608704,1
13135,147,156,5,ps10_v2_p257,0.11348703503608704,1
13136,147,158,5,ps10_v2_p257,0.11348703503608704,1
13137,147,159,5,ps10_v2_p258,0.10201417654752731,1
13138,147,160,5,ps10_v2_p258,0.10201417654752731,1
13139,147,162,5,ps10_v2_p258,0.10201417654752731,1
13140,147,165,5,ps10_v2_p258,0.10201417654752731,1
13141,147,167,5,ps10_v2_p258,0.10201417654752731,1
13142,147,168,5,ps10_v2_p258,0.10201417654752731,1
13143,147,169,5,ps10_v2_p259,0.14600932598114014,1
13144,147,170,5,ps10_v2_p259,0.14600932598114014,1
13145,147,171,5,ps10_v2_p259,0.14600932598114014,1
13146,147,172,5,ps10_v2_p259,0.14600932598114014,1
13147,147,174,5,ps10_v2_p259,0.14600932598114014,1
13148,147,175,5,ps10_v2_p259,0.14600932598114014,1
13149,147,176,5,ps10_v2_p259,0.14600932598114014,1
13150,147,177,5,ps10_v2_p259,0.14600932598114014,1
13151,147,178,5,ps10_v2_p259,0.14600932598114014,1
13152,147,179,5,ps10_v2_p260,0.11249744147062302,1
13153,147,181,5,ps10_v2_p260,0.11249744147062302,1
13154,147,182,5,ps10_v2_p260,0.11249744147062302,1
13155,147,184,5,ps10_v2_p260,0.11249744147062302,1
13156,147,186,5,ps10_v2_p260,0.11249744147062302,1
13157,147,187,5,ps10_v2_p260,0.11249744147062302,1
13158,147,189,5,ps10_v2_p261,0.1070314273238182,1
13159,147,190,5,ps10_v2_p261,0.1070314273238182,1
13160,147,191,5,ps10_v2_p261,0.1070314273238182,1
13161,147,192,5,ps10_v2_p261,0.1070314273238182,1
13162,147,194,5,ps10_v2_p261,0.1070314273238182,1
13163,147,195,5,ps10_v2_p261,0.1070314273238182,1
13164,147,197,5,ps10_v2_p261,0.1070314273238182,1
13165,148,46,2,ps10_v2_p082,0.11407768726348877,1
13166,148,47,2,ps10_v2_p082,0.11407768726348877,1
13167,148,48,2,ps10_v2_p082,0.11407768726348877,1
13168,148,49,2,ps10_v2_p082,0.11407768726348877,1
13169,148,50,2,ps10_v2_p083,0.12563325464725494,1
13170,148,51,2,ps10_v2_p083,0.12563325464725494,1
13171,148,52,2,ps10_v2_p083,0.12563325464725494,1
13172,148,55,2,ps10_v2_p083,0.12563325464725494,1
13173,148,56,2,ps10_v2_p083,0.12563325464725494,1
13174,148,57,2,ps10_v2_p083,0.12563325464725494,1
13175,148,58,2,ps10_v2_p083,0.12563325464725494,1
13176,148,66,2,ps10_v2_p084,0.09380504488945007,1
13177,148,67,2,ps10_v2_p084,0.09380504488945007,1
13178,148,68,2,ps10_v2_p084,0.09380504488945007,1
13179,148,69,2,ps10_v2_p084,0.09380504488945007,1
13180,148,70,2,,,0
13181,148,71,4,ps10_v2_p202,0.11741180717945099,1
13182,148,72,4,ps10_v2_p202,0.11741180717945099,1
13183,148,73,4,ps10_v2_p202,0.11741180717945099,1
13184,148,74,4,ps10_v2_p202,0.11741180717945099,1
13185,148,75,4,ps10_v2_p202,0.11741180717945099,1
13186,148,76,4,ps10_v2_p202,0.11741180717945099,1
13187,148,77,4,ps10_v2_p202,0.11741180717945099,1
13188,148,78,4,ps10_v2_p202,0.11741180717945099,1
13189,148,79,4,ps10_v2_p202,0.11741180717945099,1
13190,148,80,4,ps10_v2_p202,0.11741180717945099,1
13191,148,81,4,ps10_v2_p203,0.11591265350580215,1
13192,148,82,4,ps10_v2_p203,0.11591265350580215,1
13193,148,83,4,ps10_v2_p203,0.11591265350580215,1
13194,148,84,4,ps10_v2_p203,0.11591265350580215,1
13195,148,85,4,ps10_v2_p203,0.11591265350580215,1
13196,148,86,4,ps10_v2_p203,0.11591265350580215,1
13197,148,87,4,ps10_v2_p203,0.11591265350580215,1
13198,148,88,4,ps10_v2_p203,0.11591265350580215,1
13199,148,89,4,ps10_v2_p203,0.11591265350580215,1
13200,148,90,4,ps10_v2_p203,0.11591265350580215,1
13201,148,91,4,ps10_v2_p204,0.11107409745454788,1
13202,148,92,4,ps10_v2_p204,0.11107409745454788,1
13203,148,93,4,ps10_v2_p204,0.11107409745454788,1
13204,148,95,4,ps10_v2_p204,0.11107409745454788,1
13205,148,96,4,ps10_v2_p204,0.11107409745454788,1
13206,148,97,4,ps10_v2_p204,0.11107409745454788,1
13207,148,98,4,ps10_v2_p204,0.11107409745454788,1
13208,148,99,4,ps10_v2_p204,0.11107409745454788,1
13209,148,100,4,ps10_v2_p204,0.11107409745454788,1
13210,148,101,4,ps10_v2_p205,0.10889334976673126,1
13211,148,102,4,ps10_v2_p205,0.10889334976673126,1
13212,148,103,4,ps10_v2_p205,0.10889334976673126,1
13213,148,104,4,ps10_v2_p205,0.10889334976673126,1
13214,148,105,4,ps10_v2_p205,0.10889334976673126,1
13215,148,106,4,ps10_v2_p205,0.10889334976673126,1
13216,148,107,4,ps10_v2_p205,0.10889334976673126,1
13217,148,108,4,ps10_v2_p205,0.10889334976673126,1
13218,148,109,4,ps10_v2_p205,0.10889334976673126,1
13219,148,110,4,ps10_v2_p205,0.10889334976673126,1
13220,148,111,4,ps10_v2_p206,0.12204767763614655,1
13221,148,112,4,ps10_v2_p206,0.12204767763614655,1
13222,148,131,3,ps10_v2_p137,0.1081983894109726,1
13223,148,132,3,ps10_v2_p137,0.1081983894109726,1
13224,148,133,3,ps10_v2_p137,0.1081983894109726,1
13225,148,134,3,ps10_v2_p138,0.12549592554569244,1
13226,148,135,3,ps10_v2_p138,0.12549592554569244,1
13227,148,139,3,ps10_v2_p138,0.12549592554569244,1
13228,148,140,3,ps10_v2_p138,0.12549592554569244,1
13229,148,141,3,ps10_v2_p138,0.12549592554569244,1
13230,148,142,3,ps10_v2_p138,0.12549592554569244,1
13231,148,143,3,ps10_v2_p138,0.12549592554569244,1
13232,148,144,3,ps10_v2_p139,0.14450624585151672,1
13233,148,145,3,ps10_v2_p139,0.14450624585151672,1
13234,148,146,3,ps10_v2_p139,0.14450624585151672,1
13235,148,147,3,ps10_v2_p139,0.14450624585151672,1
13236,148,148,3,ps10_v2_p139,0.14450624585151672,1
13237,148,149,3,ps10_v2_p139,0.14450624585151672,1
13238,148,150,3,ps10_v2_p139,0.14450624585151672,1
13239,148,151,3,ps10_v2_p139,0.14450624585151672,1
13240,148,152,5,ps10_v2_p257,0.11348703503608704,1
13241,148,153,5,ps10_v2_p257,0.11348703503608704,1
13242,148,154,5,ps10_v2_p257,0.11348703503608704,1
13243,148,155,5,ps10_v2_p257,0.11348703503608704,1
13244,148,157,5,ps10_v2_p257,0.11348703503608704,1
13245,148,158,5,ps10_v2_p257,0.11348703503608704,1
13246,148,159,5,ps10_v2_p258,0.10201417654752731,1
13247,148,160,5,ps10_v2_p258,0.10201417654752731,1
13248,148,162,5,ps10_v2_p258,0.10201417654752731,1
13249,148,163,5,ps10_v2_p258,0.10201417654752731,1
13250,148,164,5,ps10_v2_p258,0.10201417654752731,1
13251,148,166,5,ps10_v2_p258,0.10201417654752731,1
13252,148,168,5,ps10_v2_p258,0.10201417654752731,1
13253,148,169,5,ps10_v2_p259,0.14600932598114014,1
13254,148,170,5,ps10_v2_p259,0.14600932598114014,1
13255,148,171,5,ps10_v2_p259,0.14600932598114014,1
13256,148,172,5,ps10_v2_p259,0.14600932598114014,1
13257,148,173,5,ps10_v2_p259,0.14600932598114014,1
13258,148,175,5,ps10_v2_p259,0.14600932598114014,1
13259,148,176,5,ps10_v2_p259,0.14600932598114014,1
13260,148,177,5,ps10_v2_p259,0.14600932598114014,1
13261,148,178,5,ps10_v2_p259,0.14600932598114014,1
13262,148,180,5,ps10_v2_p260,0.11249744147062302,1
13263,148,181,5,ps10_v2_p260,0.11249744147062302,1
13264,148,182,5,ps10_v2_p260,0.11249744147062302,1
13265,148,183,5,ps10_v2_p260,0.11249744147062302,1
13266,148,185,5,ps10_v2_p260,0.11249744147062302,1
13267,148,186,5,ps10_v2_p260,0.11249744147062302,1
13268,148,187,5,ps10_v2_p260,0.11249744147062302,1
13269,148,188,5,ps10_v2_p260,0.11249744147062302,1
13270,148,190,5,ps10_v2_p261,0.1070314273238182,1
13271,148,191,5,ps10_v2_p261,0.1070314273238182,1
13272,148,192,5,ps10_v2_p261,0.1070314273238182,1
13273,148,193,5,ps10_v2_p261,0.1070314273238182,1
13274,149,28,2,ps10_v2_p081,0.10466063022613525,1
13275,149,39,2,,,0
13276,149,40,2,ps10_v2_p082,0.11407768726348877,1
13277,149,46,2,ps10_v2_p082,0.11407768726348877,1
13278,149,47,2,ps10_v2_p082,0.11407768726348877,1
13279,149,48,2,ps10_v2_p082,0.11407768726348877,1
13280,149,49,2,ps10_v2_p082,0.11407768726348877,1
13281,149,51,2,ps10_v2_p083,0.12563325464725494,1
13282,149,55,2,ps10_v2_p083,0.12563325464725494,1
13283,149,56,2,ps10_v2_p083,0.12563325464725494,1
13284,149,57,2,ps10_v2_p083,0.12563325464725494,1
13285,149,67,2,ps10_v2_p084,0.09380504488945007,1
13286,149,68,2,ps10_v2_p084,0.09380504488945007,1
13287,149,69,2,ps10_v2_p084,0.09380504488945007,1
13288,149,70,2,,,0
13289,149,71,4,ps10_v2_p202,0.11741180717945099,1
13290,149,72,4,ps10_v2_p202,0.11741180717945099,1
13291,149,73,4,ps10_v2_p202,0.11741180717945099,1
13292,149,74,4,ps10_v2_p202,0.11741180717945099,1
13293,149,75,4,ps10_v2_p202,0.11741180717945099,1
13294,149,76,4,ps10_v2_p202,0.11741180717945099,1
13295,149,77,4,ps10_v2_p202,0.11741180717945099,1
13296,149,78,4,ps10_v2_p202,0.11741180717945099,1
13297,149,79,4,ps10_v2_p202,0.11741180717945099,1
13298,149,80,4,ps10_v2_p202,0.11741180717945099,1
13299,149,81,4,ps10_v2_p203,0.11591265350580215,1
13300,149,82,4,ps10_v2_p203,0.11591265350580215,1
13301,149,83,4,ps10_v2_p203,0.11591265350580215,1
13302,149,84,4,ps10_v2_p203,0.11591265350580215,1
13303,149,85,4,ps10_v2_p203,0.11591265350580215,1
13304,149,86,4,ps10_v2_p203,0.11591265350580215,1
13305,149,87,4,ps10_v2_p203,0.11591265350580215,1
13306,149,88,4,ps10_v2_p203,0.11591265350580215,1
13307,149,89,4,ps10_v2_p203,0.11591265350580215,1
13308,149,90,4,ps10_v2_p203,0.11591265350580215,1
13309,149,91,4,ps10_v2_p204,0.11107409745454788,1
13310,149,92,4,ps10_v2_p204,0.11107409745454788,1
13311,149,93,4,ps10_v2_p204,0.11107409745454788,1
13312,149,94,4,ps10_v2_p204,0.11107409745454788,1
13313,149,95,4,ps10_v2_p204,0.11107409745454788,1
13314,149,96,4,ps10_v2_p204,0.11107409745454788,1
13315,149,97,4,ps10_v2_p204,0.11107409745454788,1
13316,149,98,4,ps10_v2_p204,0.11107409745454788,1
13317,149,99,4,ps10_v2_p204,0.11107409745454788,1
13318,149,100,4,ps10_v2_p204,0.11107409745454788,1
13319,149,101,4,ps10_v2_p205,0.10889334976673126,1
13320,149,102,4,ps10_v2_p205,0.10889334976673126,1
13321,149,103,4,ps10_v2_p205,0.10889334976673126,1
13322,149,104,4,ps10_v2_p205,0.10889334976673126,1
13323,149,105,4,ps10_v2_p205,0.10889334976673126,1
13324,149,106,4,ps10_v2_p205,0.10889334976673126,1
13325,149,107,4,ps10_v2_p205,0.10889334976673126,1
13326,149,108,4,ps10_v2_p205,0.10889334976673126,1
13327,149,109,4,ps10_v2_p205,0.10889334976673126,1
13328,149,110,4,ps10_v2_p205,0.10889334976673126,1
13329,149,111,4,ps10_v2_p206,0.12204767763614655,1
13330,149,132,3,ps10_v2_p137,0.1081983894109726,1
13331,149,134,3,ps10_v2_p138,0.12549592554569244,1
13332,149,140,3,ps10_v2_p138,0.12549592554569244,1
13333,149,141,3,ps10_v2_p138,0.12549592554569244,1
13334,149,142,3,ps10_v2_p138,0.12549592554569244,1
13335,149,143,3,ps10_v2_p138,0.12549592554569244,1
13336,149,144,3,ps10_v2_p139,0.14450624585151672,1
13337,149,145,3,ps10_v2_p139,0.14450624585151672,1
13338,149,146,3,ps10_v2_p139,0.14450624585151672,1
13339,149,147,3,ps10_v2_p139,0.14450624585151672,1
13340,149,148,3,ps10_v2_p139,0.14450624585151672,1
13341,149,149,3,ps10_v2_p139,0.14450624585151672,1
13342,149,150,3,ps10_v2_p139,0.14450624585151672,1
13343,149,151,5,ps10_v2_p257,0.11348703503608704,1
13344,149,152,5,ps10_v2_p257,0.11348703503608704,1
13345,149,153,5,ps10_v2_p257,0.11348703503608704,1
13346,149,154,5,ps10_v2_p257,0.11348703503608704,1
13347,149,156,5,ps10_v2_p257,0.11348703503608704,1
13348,149,158,5,ps10_v2_p257,0.11348703503608704,1
13349,149,160,5,ps10_v2_p258,0.10201417654752731,1
13350,149,161,5,ps10_v2_p258,0.10201417654752731,1
13351,149,162,5,ps10_v2_p258,0.10201417654752731,1
13352,149,163,5,ps10_v2_p258,0.10201417654752731,1
13353,149,164,5,ps10_v2_p258,0.10201417654752731,1
13354,149,165,5,ps10_v2_p258,0.10201417654752731,1
13355,149,166,5,ps10_v2_p258,0.10201417654752731,1
13356,149,167,5,ps10_v2_p258,0.10201417654752731,1
13357,149,169,5,ps10_v2_p259,0.14600932598114014,1
13358,149,170,5,ps10_v2_p259,0.14600932598114014,1
13359,149,171,5,ps10_v2_p259,0.14600932598114014,1
13360,149,172,5,ps10_v2_p259,0.14600932598114014,1
13361,149,173,5,ps10_v2_p259,0.14600932598114014,1
13362,149,174,5,ps10_v2_p259,0.14600932598114014,1
13363,149,176,5,ps10_v2_p259,0.14600932598114014,1
13364,149,177,5,ps10_v2_p259,0.14600932598114014,1
13365,149,178,5,ps10_v2_p259,0.14600932598114014,1
13366,149,179,5,ps10_v2_p260,0.11249744147062302,1
13367,149,181,5,ps10_v2_p260,0.11249744147062302,1
13368,149,182,5,ps10_v2_p260,0.11249744147062302,1
13369,149,183,5,ps10_v2_p260,0.11249744147062302,1
13370,149,184,5,ps10_v2_p260,0.11249744147062302,1
13371,149,186,5,ps10_v2_p260,0.11249744147062302,1
13372,149,187,5,ps10_v2_p260,0.11249744147062302,1
13373,149,188,5,ps10_v2_p260,0.11249744147062302,1
13374,149,189,5,ps10_v2_p261,0.1070314273238182,1
13375,149,191,5,ps10_v2_p261,0.1070314273238182,1
13376,149,192,5,ps10_v2_p261,0.1070314273238182,1
13377,149,193,5,ps10_v2_p261,0.1070314273238182,1
13378,149,194,5,ps10_v2_p261,0.1070314273238182,1
13379,150,17,2,,,0
13380,150,30,2,,,0
13381,150,40,2,ps10_v2_p082,0.11407768726348877,1
13382,150,47,2,ps10_v2_p082,0.11407768726348877,1
13383,150,53,2,ps10_v2_p083,0.12563325464725494,1
13384,150,54,2,ps10_v2_p083,0.12563325464725494,1
13385,150,66,2,ps10_v2_p084,0.09380504488945007,1
13386,150,68,2,ps10_v2_p084,0.09380504488945007,1
13387,150,69,2,ps10_v2_p084,0.09380504488945007,1
13388,150,70,2,,,0
13389,150,71,4,ps10_v2_p202,0.11741180717945099,1
13390,150,72,4,ps10_v2_p202,0.11741180717945099,1
13391,150,73,4,ps10_v2_p202,0.11741180717945099,1
13392,150,74,4,ps10_v2_p202,0.11741180717945099,1
13393,150,75,4,ps10_v2_p202,0.11741180717945099,1
13394,150,76,4,ps10_v2_p202,0.11741180717945099,1
13395,150,77,4,ps10_v2_p202,0.11741180717945099,1
13396,150,78,4,ps10_v2_p202,0.11741180717945099,1
13397,150,79,4,ps10_v2_p202,0.11741180717945099,1
13398,150,80,4,ps10_v2_p202,0.11741180717945099,1
13399,150,81,4,ps10_v2_p203,0.11591265350580215,1
13400,150,82,4,ps10_v2_p203,0.11591265350580215,1
13401,150,83,4,ps10_v2_p203,0.11591265350580215,1
13402,150,84,4,ps10_v2_p203,0.11591265350580215,1
13403,150,85,4,ps10_v2_p203,0.11591265350580215,1
13404,150,86,4,ps10_v2_p203,0.11591265350580215,1
13405,150,87,4,ps10_v2_p203,0.11591265350580215,1
13406,150,88,4,ps10_v2_p203,0.11591265350580215,1
13407,150,89,4,ps10_v2_p203,0.11591265350580215,1
13408,150,90,4,ps10_v2_p203,0.11591265350580215,1
13409,150,91,4,ps10_v2_p204,0.11107409745454788,1
13410,150,92,4,ps10_v2_p204,0.11107409745454788,1
13411,150,93,4,ps10_v2_p204,0.11107409745454788,1
13412,150,94,4,ps10_v2_p204,0.11107409745454788,1
13413,150,95,4,ps10_v2_p204,0.11107409745454788,1
13414,150,96,4,ps10_v2_p204,0.11107409745454788,1
13415,150,97,4,ps10_v2_p204,0.11107409745454788,1
13416,150,98,4,ps10_v2_p204,0.11107409745454788,1
13417,150,99,4,ps10_v2_p204,0.11107409745454788,1
13418,150,100,4,ps10_v2_p204,0.11107409745454788,1
13419,150,101,4,ps10_v2_p205,0.10889334976673126,1
13420,150,102,4,ps10_v2_p205,0.10889334976673126,1
13421,150,103,4,ps10_v2_p205,0.10889334976673126,1
13422,150,104,4,ps10_v2_p205,0.10889334976673126,1
13423,150,105,4,ps10_v2_p205,0.10889334976673126,1
13424,150,106,4,ps10_v2_p205,0.10889334976673126,1
13425,150,107,4,ps10_v2_p205,0.10889334976673126,1
13426,150,108,4,ps10_v2_p205,0.10889334976673126,1
13427,150,109,4,ps10_v2_p205,0.10889334976673126,1
13428,150,110,4,ps10_v2_p205,0.10889334976673126,1
13429,150,133,3,ps10_v2_p140,0.1315254420042038,1
13430,150,134,3,ps10_v2_p141,0.1344156116247177,1
13431,150,138,3,ps10_v2_p141,0.1344156116247177,1
13432,150,139,3,ps10_v2_p141,0.1344156116247177,1
13433,150,140,3,ps10_v2_p141,0.1344156116247177,1
13434,150,141,3,ps10_v2_p141,0.1344156116247177,1
13435,150,142,3,ps10_v2_p141,0.1344156116247177,1
13436,150,143,3,ps10_v2_p141,0.1344156116247177,1
13437,150,144,3,ps10_v2_p142,0.1405973881483078,1
13438,150,145,3,ps10_v2_p142,0.1405973881483078,1
13439,150,146,3,ps10_v2_p142,0.1405973881483078,1
13440,150,147,3,ps10_v2_p142,0.1405973881483078,1
13441,150,148,3,ps10_v2_p142,0.1405973881483078,1
13442,150,149,3,ps10_v2_p142,0.1405973881483078,1
13443,150,150,3,ps10_v2_p142,0.1405973881483078,1
13444,150,151,5,ps10_v2_p257,0.11348703503608704,1
13445,150,152,5,ps10_v2_p257,0.11348703503608704,1
13446,150,153,5,ps10_v2_p257,0.11348703503608704,1
13447,150,154,5,ps10_v2_p257,0.11348703503608704,1
13448,150,155,5,ps10_v2_p257,0.11348703503608704,1
13449,150,157,5,ps10_v2_p257,0.11348703503608704,1
13450,150,161,5,ps10_v2_p258,0.10201417654752731,1
13451,150,162,5,ps10_v2_p258,0.10201417654752731,1
13452,150,163,5,ps10_v2_p258,0.10201417654752731,1
13453,150,164,5,ps10_v2_p258,0.10201417654752731,1
13454,150,165,5,ps10_v2_p258,0.10201417654752731,1
13455,150,166,5,ps10_v2_p258,0.10201417654752731,1
13456,150,168,5,ps10_v2_p258,0.10201417654752731,1
13457,150,169,5,ps10_v2_p259,0.14600932598114014,1
13458,150,170,5,ps10_v2_p259,0.14600932598114014,1
13459,150,171,5,ps10_v2_p259,0.14600932598114014,1
13460,150,172,5,ps10_v2_p259,0.14600932598114014,1
13461,150,173,5,ps10_v2_p259,0.14600932598114014,1
13462,150,175,5,ps10_v2_p259,0.14600932598114014,1
13463,150,176,5,ps10_v2_p259,0.14600932598114014,1
13464,150,177,5,ps10_v2_p259,0.14600932598114014,1
13465,150,178,5,ps10_v2_p259,0.14600932598114014,1
13466,150,179,5,ps10_v2_p260,0.11249744147062302,1
13467,150,180,5,ps10_v2_p260,0.11249744147062302,1
13468,150,182,5,ps10_v2_p260,0.11249744147062302,1
13469,150,183,5,ps10_v2_p260,0.11249744147062302,1
13470,150,184,5,ps10_v2_p260,0.11249744147062302,1
13471,150,185,5,ps10_v2_p260,0.11249744147062302,1
13472,150,187,5,ps10_v2_p260,0.11249744147062302,1
13473,150,188,5,ps10_v2_p260,0.11249744147062302,1
13474,150,189,5,ps10_v2_p261,0.1070314273238182,1
13475,150,190,5,ps10_v2_p261,0.1070314273238182,1
13476,150,191,5,ps10_v2_p261,0.1070314273238182,1
13477,150,192,5,ps10_v2_p261,0.1070314273238182,1
13478,150,193,5,ps10_v2_p261,0.1070314273238182,1
13479,151,29,2,ps10_v2_p081,0.10466063022613525,1
13480,151,49,2,ps10_v2_p082,0.11407768726348877,1
13481,151,52,2,ps10_v2_p083,0.12563325464725494,1
13482,151,53,2,ps10_v2_p083,0.12563325464725494,1
13483,151,55,2,ps10_v2_p083,0.12563325464725494,1
13484,151,56,2,ps10_v2_p083,0.12563325464725494,1
13485,151,57,2,ps10_v2_p083,0.12563325464725494,1
13486,151,58,2,ps10_v2_p083,0.12563325464725494,1
13487,151,59,2,ps10_v2_p083,0.12563325464725494,1
13488,151,66,2,ps10_v2_p084,0.09380504488945007,1
13489,151,68,2,ps10_v2_p084,0.09380504488945007,1
13490,151,69,2,ps10_v2_p084,0.09380504488945007,1
13491,151,70,2,,,0
13492,151,71,4,ps10_v2_p202,0.11741180717945099,1
13493,151,72,4,ps10_v2_p202,0.11741180717945099,1
13494,151,73,4,ps10_v2_p202,0.11741180717945099,1
13495,151,74,4,ps10_v2_p202,0.11741180717945099,1
13496,151,75,4,ps10_v2_p202,0.11741180717945099,1
13497,151,76,4,ps10_v2_p202,0.11741180717945099,1
13498,151,77,4,ps10_v2_p202,0.11741180717945099,1
13499,151,78,4,ps10_v2_p202,0.11741180717945099,1
13500,151,79,4,ps10_v2_p202,0.11741180717945099,1
13501,151,80,4,ps10_v2_p202,0.11741180717945099,1
13502,151,81,4,ps10_v2_p203,0.11591265350580215,1
13503,151,82,4,ps10_v2_p203,0.11591265350580215,1
13504,151,83,4,ps10_v2_p203,0.11591265350580215,1
13505,151,84,4,ps10_v2_p203,0.11591265350580215,1
13506,151,85,4,ps10_v2_p203,0.11591265350580215,1
13507,151,86,4,ps10_v2_p203,0.11591265350580215,1
13508,151,87,4,ps10_v2_p203,0.11591265350580215,1
13509,151,88,4,ps10_v2_p203,0.11591265350580215,1
13510,151,89,4,ps10_v2_p203,0.11591265350580215,1
13511,151,90,4,ps10_v2_p203,0.11591265350580215,1
13512,151,91,4,ps10_v2_p204,0.11107409745454788,1
13513,151,92,4,ps10_v2_p204,0.11107409745454788,1
13514,151,93,4,ps10_v2_p204,0.11107409745454788,1
13515,151,94,4,ps10_v2_p204,0.11107409745454788,1
13516,151,95,4,ps10_v2_p204,0.11107409745454788,1
13517,151,96,4,ps10_v2_p204,0.11107409745454788,1
13518,151,97,4,ps10_v2_p204,0.11107409745454788,1
13519,151,98,4,ps10_v2_p204,0.11107409745454788,1
13520,151,99,4,ps10_v2_p204,0.11107409745454788,1
13521,151,100,4,ps10_v2_p204,0.11107409745454788,1
13522,151,101,4,ps10_v2_p205,0.10889334976673126,1
13523,151,102,4,ps10_v2_p205,0.10889334976673126,1
13524,151,103,4,ps10_v2_p205,0.10889334976673126,1
13525,151,104,4,ps10_v2_p205,0.10889334976673126,1
13526,151,105,4,ps10_v2_p205,0.10889334976673126,1
13527,151,106,4,ps10_v2_p205,0.10889334976673126,1
13528,151,107,4,ps10_v2_p205,0.10889334976673126,1
13529,151,108,4,ps10_v2_p205,0.10889334976673126,1
13530,151,109,4,ps10_v2_p205,0.10889334976673126,1
13531,151,132,3,ps10_v2_p140,0.1315254420042038,1
13532,151,133,3,ps10_v2_p140,0.1315254420042038,1
13533,151,137,3,ps10_v2_p141,0.1344156116247177,1
13534,151,138,3,ps10_v2_p141,0.1344156116247177,1
13535,151,139,3,ps10_v2_p141,0.1344156116247177,1
13536,151,140,3,ps10_v2_p141,0.1344156116247177,1
13537,151,141,3,ps10_v2_p141,0.1344156116247177,1
13538,151,142,3,ps10_v2_p141,0.1344156116247177,1
13539,151,143,3,ps10_v2_p141,0.1344156116247177,1
13540,151,144,3,ps10_v2_p142,0.1405973881483078,1
13541,151,145,3,ps10_v2_p142,0.1405973881483078,1
13542,151,146,3,ps10_v2_p142,0.1405973881483078,1
13543,151,147,3,ps10_v2_p142,0.1405973881483078,1
13544,151,148,3,ps10_v2_p142,0.1405973881483078,1
13545,151,149,3,ps10_v2_p142,0.1405973881483078,1
13546,151,150,5,ps10_v2_p257,0.11348703503608704,1
13547,151,151,5,ps10_v2_p257,0.11348703503608704,1
13548,151,152,5,ps10_v2_p257,0.11348703503608704,1
13549,151,153,5,ps10_v2_p257,0.11348703503608704,1
13550,151,154,5,ps10_v2_p257,0.11348703503608704,1
13551,151,155,5,ps10_v2_p257,0.11348703503608704,1
13552,151,156,5,ps10_v2_p257,0.11348703503608704,1
13553,151,158,5,ps10_v2_p257,0.11348703503608704,1
13554,151,160,5,ps10_v2_p258,0.10201417654752731,1
13555,151,161,5,ps10_v2_p258,0.10201417654752731,1
13556,151,162,5,ps10_v2_p258,0.10201417654752731,1
13557,151,163,5,ps10_v2_p258,0.10201417654752731,1
13558,151,164,5,ps10_v2_p258,0.10201417654752731,1
13559,151,165,5,ps10_v2_p258,0.10201417654752731,1
13560,151,166,5,ps10_v2_p258,0.10201417654752731,1
13561,151,167,5,ps10_v2_p258,0.10201417654752731,1
13562,151,169,5,ps10_v2_p259,0.14600932598114014,1
13563,151,170,5,ps10_v2_p259,0.14600932598114014,1
13564,151,171,5,ps10_v2_p259,0.14600932598114014,1
13565,151,172,5,ps10_v2_p259,0.14600932598114014,1
13566,151,173,5,ps10_v2_p259,0.14600932598114014,1
13567,151,174,5,ps10_v2_p259,0.14600932598114014,1
13568,151,176,5,ps10_v2_p259,0.14600932598114014,1
13569,151,177,5,ps10_v2_p259,0.14600932598114014,1
13570,151,178,5,ps10_v2_p259,0.14600932598114014,1
13571,151,179,5,ps10_v2_p260,0.11249744147062302,1
13572,151,181,5,ps10_v2_p260,0.11249744147062302,1
13573,151,182,5,ps10_v2_p260,0.11249744147062302,1
13574,151,183,5,ps10_v2_p260,0.11249744147062302,1
13575,151,184,5,ps10_v2_p260,0.11249744147062302,1
13576,151,185,5,ps10_v2_p260,0.11249744147062302,1
13577,151,186,5,ps10_v2_p260,0.11249744147062302,1
13578,151,188,5,ps10_v2_p260,0.11249744147062302,1
13579,151,189,5,ps10_v2_p261,0.1070314273238182,1
13580,151,191,5,ps10_v2_p261,0.1070314273238182,1
13581,151,192,5,ps10_v2_p261,0.1070314273238182,1
13582,152,53,2,ps10_v2_p083,0.12563325464725494,1
13583,152,54,2,ps10_v2_p083,0.12563325464725494,1
13584,152,55,2,ps10_v2_p083,0.12563325464725494,1
13585,152,56,2,ps10_v2_p083,0.12563325464725494,1
13586,152,57,2,ps10_v2_p083,0.12563325464725494,1
13587,152,58,2,ps10_v2_p083,0.12563325464725494,1
13588,152,59,2,ps10_v2_p083,0.12563325464725494,1
13589,152,65,2,ps10_v2_p084,0.09380504488945007,1
13590,152,66,2,ps10_v2_p084,0.09380504488945007,1
13591,152,68,2,ps10_v2_p084,0.09380504488945007,1
13592,152,70,2,,,0
13593,152,71,4,ps10_v2_p202,0.11741180717945099,1
13594,152,72,4,ps10_v2_p202,0.11741180717945099,1
13595,152,73,4,ps10_v2_p202,0.11741180717945099,1
13596,152,74,4,ps10_v2_p202,0.11741180717945099,1
13597,152,75,4,ps10_v2_p202,0.11741180717945099,1
13598,152,76,4,ps10_v2_p202,0.11741180717945099,1
13599,152,77,4,ps10_v2_p202,0.11741180717945099,1
13600,152,78,4,ps10_v2_p202,0.11741180717945099,1
13601,152,79,4,ps10_v2_p202,0.11741180717945099,1
13602,152,80,4,ps10_v2_p202,0.11741180717945099,1
13603,152,81,4,ps10_v2_p203,0.11591265350580215,1
13604,152,82,4,ps10_v2_p203,0.11591265350580215,1
13605,152,83,4,ps10_v2_p203,0.11591265350580215,1
13606,152,84,4,ps10_v2_p203,0.11591265350580215,1
13607,152,85,4,ps10_v2_p203,0.11591265350580215,1
13608,152,86,4,ps10_v2_p203,0.11591265350580215,1
13609,152,87,4,ps10_v2_p203,0.11591265350580215,1
13610,152,88,4,ps10_v2_p203,0.11591265350580215,1
13611,152,89,4,ps10_v2_p203,0.11591265350580215,1
13612,152,90,4,ps10_v2_p203,0.11591265350580215,1
13613,152,91,4,ps10_v2_p204,0.11107409745454788,1
13614,152,92,4,ps10_v2_p204,0.11107409745454788,1
13615,152,93,4,ps10_v2_p204,0.11107409745454788,1
13616,152,94,4,ps10_v2_p204,0.11107409745454788,1
13617,152,95,4,ps10_v2_p204,0.11107409745454788,1
13618,152,96,4,ps10_v2_p204,0.11107409745454788,1
13619,152,97,4,ps10_v2_p204,0.11107409745454788,1
13620,152,98,4,ps10_v2_p204,0.11107409745454788,1
13621,152,99,4,ps10_v2_p204,0.11107409745454788,1
13622,152,100,4,ps10_v2_p204,0.11107409745454788,1
13623,152,101,4,ps10_v2_p205,0.10889334976673126,1
13624,152,102,4,ps10_v2_p205,0.10889334976673126,1
13625,152,103,4,ps10_v2_p205,0.10889334976673126,1
13626,152,104,4,ps10_v2_p205,0.10889334976673126,1
13627,152,105,4,ps10_v2_p205,0.10889334976673126,1
13628,152,106,4,ps10_v2_p205,0.10889334976673126,1
13629,152,107,4,ps10_v2_p205,0.10889334976673126,1
13630,152,108,4,ps10_v2_p205,0.10889334976673126,1
13631,152,109,4,ps10_v2_p205,0.10889334976673126,1
13632,152,131,3,ps10_v2_p140,0.1315254420042038,1
13633,152,132,3,ps10_v2_p140,0.1315254420042038,1
13634,152,136,3,ps10_v2_p141,0.1344156116247177,1
13635,152,137,3,ps10_v2_p141,0.1344156116247177,1
13636,152,138,3,ps10_v2_p141,0.1344156116247177,1
13637,152,139,3,ps10_v2_p141,0.1344156116247177,1
13638,152,140,3,ps10_v2_p141,0.1344156116247177,1
13639,152,141,3,ps10_v2_p141,0.1344156116247177,1
13640,152,142,3,ps10_v2_p141,0.1344156116247177,1
13641,152,143,3,ps10_v2_p141,0.1344156116247177,1
13642,152,144,3,ps10_v2_p142,0.1405973881483078,1
13643,152,145,3,ps10_v2_p142,0.1405973881483078,1
13644,152,146,3,ps10_v2_p142,0.1405973881483078,1
13645,152,147,3,ps10_v2_p142,0.1405973881483078,1
13646,152,148,3,ps10_v2_p142,0.1405973881483078,1
13647,152,149,5,ps10_v2_p257,0.11348703503608704,1
13648,152,150,5,ps10_v2_p257,0.11348703503608704,1
13649,152,151,5,ps10_v2_p257,0.11348703503608704,1
13650,152,152,5,ps10_v2_p257,0.11348703503608704,1
13651,152,153,5,ps10_v2_p257,0.11348703503608704,1
13652,152,154,5,ps10_v2_p257,0.11348703503608704,1
13653,152,155,5,ps10_v2_p257,0.11348703503608704,1
13654,152,156,5,ps10_v2_p257,0.11348703503608704,1
13655,152,157,5,ps10_v2_p257,0.11348703503608704,1
13656,152,159,5,ps10_v2_p258,0.10201417654752731,1
13657,152,161,5,ps10_v2_p258,0.10201417654752731,1
13658,152,162,5,ps10_v2_p258,0.10201417654752731,1
13659,152,163,5,ps10_v2_p258,0.10201417654752731,1
13660,152,164,5,ps10_v2_p258,0.10201417654752731,1
13661,152,165,5,ps10_v2_p258,0.10201417654752731,1
13662,152,166,5,ps10_v2_p258,0.10201417654752731,1
13663,152,167,5,ps10_v2_p258,0.10201417654752731,1
13664,152,168,5,ps10_v2_p258,0.10201417654752731,1
13665,152,170,5,ps10_v2_p259,0.14600932598114014,1
13666,152,171,5,ps10_v2_p259,0.14600932598114014,1
13667,152,172,5,ps10_v2_p259,0.14600932598114014,1
13668,152,173,5,ps10_v2_p259,0.14600932598114014,1
13669,152,174,5,ps10_v2_p259,0.14600932598114014,1
13670,152,175,5,ps10_v2_p259,0.14600932598114014,1
13671,152,177,5,ps10_v2_p259,0.14600932598114014,1
13672,152,178,5,ps10_v2_p259,0.14600932598114014,1
13673,152,179,5,ps10_v2_p260,0.11249744147062302,1
13674,152,180,5,ps10_v2_p260,0.11249744147062302,1
13675,152,182,5,ps10_v2_p260,0.11249744147062302,1
13676,152,183,5,ps10_v2_p260,0.11249744147062302,1
13677,152,184,5,ps10_v2_p260,0.11249744147062302,1
13678,152,185,5,ps10_v2_p260,0.11249744147062302,1
13679,152,187,5,ps10_v2_p260,0.11249744147062302,1
13680,152,188,5,ps10_v2_p260,0.11249744147062302,1
13681,152,189,5,ps10_v2_p261,0.1070314273238182,1
13682,152,190,5,ps10_v2_p261,0.1070314273238182,1
13683,153,41,2,ps10_v2_p082,0.11407768726348877,1
13684,153,52,2,ps10_v2_p083,0.12563325464725494,1
13685,153,53,2,ps10_v2_p083,0.12563325464725494,1
13686,153,56,2,ps10_v2_p083,0.12563325464725494,1
13687,153,57,2,ps10_v2_p083,0.12563325464725494,1
13688,153,59,2,ps10_v2_p083,0.12563325464725494,1
13689,153,60,2,ps10_v2_p084,0.09380504488945007,1
13690,153,62,2,ps10_v2_p084,0.09380504488945007,1
13691,153,63,2,ps10_v2_p084,0.09380504488945007,1
13692,153,72,4,ps10_v2_p202,0.11741180717945099,1
13693,153,73,4,ps10_v2_p202,0.11741180717945099,1
13694,153,74,4,ps10_v2_p202,0.11741180717945099,1
13695,153,75,4,ps10_v2_p202,0.11741180717945099,1
13696,153,76,4,ps10_v2_p202,0.11741180717945099,1
13697,153,77,4,ps10_v2_p202,0.11741180717945099,1
13698,153,78,4,ps10_v2_p202,0.11741180717945099,1
13699,153,79,4,ps10_v2_p202,0.11741180717945099,1
13700,153,80,4,ps10_v2_p202,0.11741180717945099,1
13701,153,81,4,ps10_v2_p203,0.11591265350580215,1
13702,153,82,4,ps10_v2_p203,0.11591265350580215,1
13703,153,83,4,ps10_v2_p203,0.11591265350580215,1
13704,153,84,4,ps10_v2_p203,0.11591265350580215,1
13705,153,85,4,ps10_v2_p203,0.11591265350580215,1
13706,153,86,4,ps10_v2_p203,0.11591265350580215,1
13707,153,87,4,ps10_v2_p203,0.11591265350580215,1
13708,153,88,4,ps10_v2_p203,0.11591265350580215,1
13709,153,89,4,ps10_v2_p203,0.11591265350580215,1
13710,153,90,4,ps10_v2_p203,0.11591265350580215,1
13711,153,91,4,ps10_v2_p204,0.11107409745454788,1
13712,153,92,4,ps10_v2_p204,0.11107409745454788,1
13713,153,93,4,ps10_v2_p204,0.11107409745454788,1
13714,153,94,4,ps10_v2_p204,0.11107409745454788,1
13715,153,95,4,ps10_v2_p204,0.11107409745454788,1
13716,153,96,4,ps10_v2_p204,0.11107409745454788,1
13717,153,97,4,ps10_v2_p204,0.11107409745454788,1
13718,153,98,4,ps10_v2_p204,0.11107409745454788,1
13719,153,99,4,ps10_v2_p204,0.11107409745454788,1
13720,153,100,4,ps10_v2_p204,0.11107409745454788,1
13721,153,101,4,ps10_v2_p205,0.10889334976673126,1
13722,153,102,4,ps10_v2_p205,0.10889334976673126,1
13723,153,103,4,ps10_v2_p205,0.10889334976673126,1
13724,153,104,4,ps10_v2_p205,0.10889334976673126,1
13725,153,105,4,ps10_v2_p205,0.10889334976673126,1
13726,153,106,4,ps10_v2_p205,0.10889334976673126,1
13727,153,107,4,ps10_v2_p205,0.10889334976673126,1
13728,153,108,4,ps10_v2_p205,0.10889334976673126,1
13729,153,131,3,ps10_v2_p140,0.1315254420042038,1
13730,153,136,3,ps10_v2_p141,0.1344156116247177,1
13731,153,137,3,ps10_v2_p141,0.1344156116247177,1
13732,153,138,3,ps10_v2_p141,0.1344156116247177,1
13733,153,139,3,ps10_v2_p141,0.1344156116247177,1
13734,153,140,3,ps10_v2_p141,0.1344156116247177,1
13735,153,141,3,ps10_v2_p141,0.1344156116247177,1
13736,153,142,3,ps10_v2_p141,0.1344156116247177,1
13737,153,143,3,ps10_v2_p141,0.1344156116247177,1
13738,153,144,3,ps10_v2_p142,0.1405973881483078,1
13739,153,145,3,ps10_v2_p142,0.1405973881483078,1
13740,153,146,3,ps10_v2_p142,0.1405973881483078,1
13741,153,147,3,ps10_v2_p142,0.1405973881483078,1
13742,153,148,3,ps10_v2_p142,0.1405973881483078,1
13743,153,149,5,ps10_v2_p263,0.10257381945848465,1
13744,153,150,5,ps10_v2_p263,0.10257381945848465,1
13745,153,151,5,ps10_v2_p263,0.10257381945848465,1
13746,153,152,5,ps10_v2_p263,0.10257381945848465,1
13747,153,153,5,ps10_v2_p263,0.10257381945848465,1
13748,153,154,5,ps10_v2_p263,0.10257381945848465,1
13749,153,155,5,ps10_v2_p263,0.10257381945848465,1
13750,153,156,5,ps10_v2_p263,0.10257381945848465,1
13751,153,158,5,ps10_v2_p263,0.10257381945848465,1
13752,153,160,5,ps10_v2_p264,0.153509721159935,1
13753,153,162,5,ps10_v2_p264,0.153509721159935,1
13754,153,163,5,ps10_v2_p264,0.153509721159935,1
13755,153,164,5,ps10_v2_p264,0.153509721159935,1
13756,153,165,5,ps10_v2_p264,0.153509721159935,1
13757,153,166,5,ps10_v2_p264,0.153509721159935,1
13758,153,167,5,ps10_v2_p264,0.153509721159935,1
13759,153,168,5,ps10_v2_p264,0.153509721159935,1
13760,153,169,5,ps10_v2_p265,0.14682887494564056,1
13761,153,171,5,ps10_v2_p265,0.14682887494564056,1
13762,153,172,5,ps10_v2_p265,0.14682887494564056,1
13763,153,173,5,ps10_v2_p265,0.14682887494564056,1
13764,153,174,5,ps10_v2_p265,0.14682887494564056,1
13765,153,176,5,ps10_v2_p265,0.14682887494564056,1
13766,153,178,5,ps10_v2_p265,0.14682887494564056,1
13767,153,179,5,ps10_v2_p266,0.1144523173570633,1
13768,153,180,5,ps10_v2_p266,0.1144523173570633,1
13769,153,181,5,ps10_v2_p266,0.1144523173570633,1
13770,153,183,5,ps10_v2_p266,0.1144523173570633,1
13771,153,184,5,ps10_v2_p266,0.1144523173570633,1
13772,153,185,5,ps10_v2_p266,0.1144523173570633,1
13773,153,186,5,ps10_v2_p266,0.1144523173570633,1
13774,153,188,5,ps10_v2_p266,0.1144523173570633,1
13775,153,189,5,,,0
13776,153,190,5,,,0
13777,153,191,5,,,0
13778,154,43,2,ps10_v2_p085,0.12134002894163132,1
13779,154,44,2,ps10_v2_p085,0.12134002894163132,1
13780,154,49,2,ps10_v2_p085,0.12134002894163132,1
13781,154,50,2,ps10_v2_p086,0.11237417906522751,1
13782,154,53,2,ps10_v2_p086,0.11237417906522751,1
13783,154,54,2,ps10_v2_p086,0.11237417906522751,1
13784,154,57,2,ps10_v2_p086,0.11237417906522751,1
13785,154,59,2,ps10_v2_p086,0.11237417906522751,1
13786,154,60,2,ps10_v2_p087,0.11521477997303009,1
13787,154,61,2,ps10_v2_p087,0.11521477997303009,1
13788,154,62,2,ps10_v2_p087,0.11521477997303009,1
13789,154,63,2,ps10_v2_p087,0.11521477997303009,1
13790,154,71,4,ps10_v2_p202,0.11741180717945099,1
13791,154,72,4,ps10_v2_p202,0.11741180717945099,1
13792,154,73,4,ps10_v2_p202,0.11741180717945099,1
13793,154,74,4,ps10_v2_p202,0.11741180717945099,1
13794,154,75,4,ps10_v2_p202,0.11741180717945099,1
13795,154,76,4,ps10_v2_p202,0.11741180717945099,1
13796,154,77,4,ps10_v2_p202,0.11741180717945099,1
13797,154,78,4,ps10_v2_p202,0.11741180717945099,1
13798,154,79,4,ps10_v2_p202,0.11741180717945099,1
13799,154,80,4,ps10_v2_p202,0.11741180717945099,1
13800,154,81,4,ps10_v2_p203,0.11591265350580215,1
13801,154,82,4,ps10_v2_p203,0.11591265350580215,1
13802,154,83,4,ps10_v2_p203,0.11591265350580215,1
13803,154,84,4,ps10_v2_p203,0.11591265350580215,1
13804,154,85,4,ps10_v2_p203,0.11591265350580215,1
13805,154,86,4,ps10_v2_p203,0.11591265350580215,1
13806,154,87,4,ps10_v2_p203,0.11591265350580215,1
13807,154,88,4,ps10_v2_p203,0.11591265350580215,1
13808,154,89,4,ps10_v2_p203,0.11591265350580215,1
13809,154,90,4,ps10_v2_p203,0.11591265350580215,1
13810,154,91,4,ps10_v2_p204,0.11107409745454788,1
13811,154,92,4,ps10_v2_p204,0.11107409745454788,1
13812,154,93,4,ps10_v2_p204,0.11107409745454788,1
13813,154,94,4,ps10_v2_p204,0.11107409745454788,1
13814,154,95,4,ps10_v2_p204,0.11107409745454788,1
13815,154,96,4,ps10_v2_p204,0.11107409745454788,1
13816,154,97,4,ps10_v2_p204,0.11107409745454788,1
13817,154,98,4,ps10_v2_p204,0.11107409745454788,1
13818,154,99,4,ps10_v2_p204,0.11107409745454788,1
13819,154,100,4,ps10_v2_p204,0.11107409745454788,1
13820,154,101,4,ps10_v2_p205,0.10889334976673126,1
13821,154,102,4,ps10_v2_p205,0.10889334976673126,1
13822,154,103,4,ps10_v2_p205,0.10889334976673126,1
13823,154,104,4,ps10_v2_p205,0.10889334976673126,1
13824,154,105,4,ps10_v2_p205,0.10889334976673126,1
13825,154,106,4,ps10_v2_p205,0.10889334976673126,1
13826,154,107,4,ps10_v2_p205,0.10889334976673126,1
13827,154,110,4,ps10_v2_p205,0.10889334976673126,1
13828,154,111,4,ps10_v2_p206,0.12204767763614655,1
13829,154,112,4,ps10_v2_p206,0.12204767763614655,1
13830,154,135,3,ps10_v2_p141,0.1344156116247177,1
13831,154,136,3,ps10_v2_p141,0.1344156116247177,1
13832,154,137,3,ps10_v2_p141,0.1344156116247177,1
13833,154,138,3,ps10_v2_p141,0.1344156116247177,1
13834,154,139,3,ps10_v2_p141,0.1344156116247177,1
13835,154,140,3,ps10_v2_p141,0.1344156116247177,1
13836,154,141,3,ps10_v2_p141,0.1344156116247177,1
13837,154,142,3,ps10_v2_p141,0.1344156116247177,1
13838,154,143,3,ps10_v2_p141,0.1344156116247177,1
13839,154,144,3,ps10_v2_p142,0.1405973881483078,1
13840,154,145,3,ps10_v2_p142,0.1405973881483078,1
13841,154,146,3,ps10_v2_p142,0.1405973881483078,1
13842,154,147,3,ps10_v2_p142,0.1405973881483078,1
13843,154,148,5,ps10_v2_p262,0.10295268893241882,1
13844,154,149,5,ps10_v2_p263,0.10257381945848465,1
13845,154,150,5,ps10_v2_p263,0.10257381945848465,1
13846,154,151,5,ps10_v2_p263,0.10257381945848465,1
13847,154,152,5,ps10_v2_p263,0.10257381945848465,1
13848,154,153,5,ps10_v2_p263,0.10257381945848465,1
13849,154,154,5,ps10_v2_p263,0.10257381945848465,1
13850,154,159,5,ps10_v2_p264,0.153509721159935,1
13851,154,161,5,ps10_v2_p264,0.153509721159935,1
13852,154,163,5,ps10_v2_p264,0.153509721159935,1
13853,154,164,5,ps10_v2_p264,0.153509721159935,1
13854,154,165,5,ps10_v2_p264,0.153509721159935,1
13855,154,166,5,ps10_v2_p264,0.153509721159935,1
13856,154,167,5,ps10_v2_p264,0.153509721159935,1
13857,154,168,5,ps10_v2_p264,0.153509721159935,1
13858,154,170,5,ps10_v2_p265,0.14682887494564056,1
13859,154,172,5,ps10_v2_p265,0.14682887494564056,1
13860,154,173,5,ps10_v2_p265,0.14682887494564056,1
13861,154,174,5,ps10_v2_p265,0.14682887494564056,1
13862,154,175,5,ps10_v2_p265,0.14682887494564056,1
13863,154,177,5,ps10_v2_p265,0.14682887494564056,1
13864,154,178,5,ps10_v2_p265,0.14682887494564056,1
13865,154,179,5,ps10_v2_p266,0.1144523173570633,1
13866,154,180,5,ps10_v2_p266,0.1144523173570633,1
13867,154,182,5,ps10_v2_p266,0.1144523173570633,1
13868,154,184,5,ps10_v2_p266,0.1144523173570633,1
13869,154,185,5,ps10_v2_p266,0.1144523173570633,1
13870,154,186,5,ps10_v2_p266,0.1144523173570633,1
13871,154,187,5,ps10_v2_p266,0.1144523173570633,1
13872,154,189,5,,,0
13873,154,190,5,,,0
13874,154,192,5,,,0
13875,155,43,2,ps10_v2_p085,0.12134002894163132,1
13876,155,44,2,ps10_v2_p085,0.12134002894163132,1
13877,155,50,2,ps10_v2_p086,0.11237417906522751,1
13878,155,52,2,ps10_v2_p086,0.11237417906522751,1
13879,155,55,2,ps10_v2_p086,0.11237417906522751,1
13880,155,57,2,ps10_v2_p086,0.11237417906522751,1
13881,155,58,2,ps10_v2_p086,0.11237417906522751,1
13882,155,59,2,ps10_v2_p086,0.11237417906522751,1
13883,155,60,2,ps10_v2_p087,0.11521477997303009,1
13884,155,61,2,ps10_v2_p087,0.11521477997303009,1
13885,155,62,2,ps10_v2_p087,0.11521477997303009,1
13886,155,63,2,ps10_v2_p087,0.11521477997303009,1
13887,155,68,2,ps10_v2_p087,0.11521477997303009,1
13888,155,71,4,ps10_v2_p202,0.11741180717945099,1
13889,155,72,4,ps10_v2_p202,0.11741180717945099,1
13890,155,73,4,ps10_v2_p202,0.11741180717945099,1
13891,155,74,4,ps10_v2_p202,0.11741180717945099,1
13892,155,75,4,ps10_v2_p202,0.11741180717945099,1
13893,155,76,4,ps10_v2_p202,0.11741180717945099,1
13894,155,77,4,ps10_v2_p202,0.11741180717945099,1
13895,155,78,4,ps10_v2_p202,0.11741180717945099,1
13896,155,79,4,ps10_v2_p202,0.11741180717945099,1
13897,155,80,4,ps10_v2_p202,0.11741180717945099,1
13898,155,81,4,ps10_v2_p203,0.11591265350580215,1
13899,155,82,4,ps10_v2_p203,0.11591265350580215,1
13900,155,83,4,ps10_v2_p203,0.11591265350580215,1
13901,155,84,4,ps10_v2_p203,0.11591265350580215,1
13902,155,85,4,ps10_v2_p203,0.11591265350580215,1
13903,155,86,4,ps10_v2_p203,0.11591265350580215,1
13904,155,87,4,ps10_v2_p203,0.11591265350580215,1
13905,155,88,4,ps10_v2_p203,0.11591265350580215,1
13906,155,89,4,ps10_v2_p203,0.11591265350580215,1
13907,155,90,4,ps10_v2_p203,0.11591265350580215,1
13908,155,91,4,ps10_v2_p204,0.11107409745454788,1
13909,155,92,4,ps10_v2_p204,0.11107409745454788,1
13910,155,93,4,ps10_v2_p204,0.11107409745454788,1
13911,155,94,4,ps10_v2_p204,0.11107409745454788,1
13912,155,95,4,ps10_v2_p204,0.11107409745454788,1
13913,155,96,4,ps10_v2_p204,0.11107409745454788,1
13914,155,97,4,ps10_v2_p204,0.11107409745454788,1
13915,155,98,4,ps10_v2_p204,0.11107409745454788,1
13916,155,99,4,ps10_v2_p204,0.11107409745454788,1
13917,155,100,4,ps10_v2_p204,0.11107409745454788,1
13918,155,101,4,ps10_v2_p205,0.10889334976673126,1
13919,155,102,4,ps10_v2_p205,0.10889334976673126,1
13920,155,103,4,ps10_v2_p205,0.10889334976673126,1
13921,155,104,4,ps10_v2_p205,0.10889334976673126,1
13922,155,105,4,ps10_v2_p205,0.10889334976673126,1
13923,155,106,4,ps10_v2_p205,0.10889334976673126,1
13924,155,109,4,ps10_v2_p205,0.10889334976673126,1
13925,155,111,4,ps10_v2_p206,0.12204767763614655,1
13926,155,113,4,ps10_v2_p206,0.12204767763614655,1
13927,155,114,4,ps10_v2_p206,0.12204767763614655,1
13928,155,134,3,ps10_v2_p141,0.1344156116247177,1
13929,155,135,3,ps10_v2_p141,0.1344156116247177,1
13930,155,136,3,ps10_v2_p141,0.1344156116247177,1
13931,155,137,3,ps10_v2_p141,0.1344156116247177,1
13932,155,138,3,ps10_v2_p141,0.1344156116247177,1
13933,155,139,3,ps10_v2_p141,0.1344156116247177,1
13934,155,140,3,ps10_v2_p141,0.1344156116247177,1
13935,155,141,3,ps10_v2_p141,0.1344156116247177,1
13936,155,142,3,ps10_v2_p141,0.1344156116247177,1
13937,155,143,3,ps10_v2_p141,0.1344156116247177,1
13938,155,144,3,ps10_v2_p142,0.1405973881483078,1
13939,155,145,3,ps10_v2_p142,0.1405973881483078,1
13940,155,146,3,ps10_v2_p142,0.1405973881483078,1
13941,155,147,5,ps10_v2_p262,0.10295268893241882,1
13942,155,148,5,ps10_v2_p262,0.10295268893241882,1
13943,155,149,5,ps10_v2_p263,0.10257381945848465,1
13944,155,151,5,ps10_v2_p263,0.10257381945848465,1
13945,155,152,5,ps10_v2_p263,0.10257381945848465,1
13946,155,153,5,ps10_v2_p263,0.10257381945848465,1
13947,155,154,5,ps10_v2_p263,0.10257381945848465,1
13948,155,157,5,ps10_v2_p263,0.10257381945848465,1
13949,155,158,5,ps10_v2_p263,0.10257381945848465,1
13950,155,159,5,ps10_v2_p264,0.153509721159935,1
13951,155,160,5,ps10_v2_p264,0.153509721159935,1
13952,155,162,5,ps10_v2_p264,0.153509721159935,1
13953,155,163,5,ps10_v2_p264,0.153509721159935,1
13954,155,164,5,ps10_v2_p264,0.153509721159935,1
13955,155,165,5,ps10_v2_p264,0.153509721159935,1
13956,155,166,5,ps10_v2_p264,0.153509721159935,1
13957,155,167,5,ps10_v2_p264,0.153509721159935,1
13958,155,168,5,ps10_v2_p264,0.153509721159935,1
13959,155,169,5,ps10_v2_p265,0.14682887494564056,1
13960,155,171,5,ps10_v2_p265,0.14682887494564056,1
13961,155,172,5,ps10_v2_p265,0.14682887494564056,1
13962,155,173,5,ps10_v2_p265,0.14682887494564056,1
13963,155,174,5,ps10_v2_p265,0.14682887494564056,1
13964,155,175,5,ps10_v2_p265,0.14682887494564056,1
13965,155,176,5,ps10_v2_p265,0.14682887494564056,1
13966,155,178,5,ps10_v2_p265,0.14682887494564056,1
13967,155,179,5,ps10_v2_p266,0.1144523173570633,1
13968,155,180,5,ps10_v2_p266,0.1144523173570633,1
13969,155,181,5,ps10_v2_p266,0.1144523173570633,1
13970,155,183,5,ps10_v2_p266,0.1144523173570633,1
13971,155,184,5,ps10_v2_p266,0.1144523173570633,1
13972,155,185,5,ps10_v2_p266,0.1144523173570633,1
13973,155,186,5,ps10_v2_p266,0.1144523173570633,1
13974,155,187,5,ps10_v2_p266,0.1144523173570633,1
13975,155,188,5,ps10_v2_p266,0.1144523173570633,1
13976,155,190,5,,,0
13977,156,34,2,,,0
13978,156,50,2,ps10_v2_p086,0.11237417906522751,1
13979,156,51,2,ps10_v2_p086,0.11237417906522751,1
13980,156,54,2,ps10_v2_p086,0.11237417906522751,1
13981,156,55,2,ps10_v2_p086,0.11237417906522751,1
13982,156,57,2,ps10_v2_p086,0.11237417906522751,1
13983,156,58,2,ps10_v2_p086,0.11237417906522751,1
13984,156,60,2,ps10_v2_p087,0.11521477997303009,1
13985,156,61,2,ps10_v2_p087,0.11521477997303009,1
13986,156,62,2,ps10_v2_p087,0.11521477997303009,1
13987,156,64,2,ps10_v2_p087,0.11521477997303009,1
13988,156,65,2,ps10_v2_p087,0.11521477997303009,1
13989,156,67,2,ps10_v2_p087,0.11521477997303009,1
13990,156,68,2,ps10_v2_p087,0.11521477997303009,1
13991,156,71,4,ps10_v2_p207,0.1020393818616867,1
13992,156,72,4,ps10_v2_p207,0.1020393818616867,1
13993,156,73,4,ps10_v2_p207,0.1020393818616867,1
13994,156,74,4,ps10_v2_p207,0.1020393818616867,1
13995,156,75,4,ps10_v2_p207,0.1020393818616867,1
13996,156,76,4,ps10_v2_p207,0.1020393818616867,1
13997,156,77,4,ps10_v2_p207,0.1020393818616867,1
13998,156,78,4,ps10_v2_p207,0.1020393818616867,1
13999,156,79,4,ps10_v2_p207,0.1020393818616867,1
14000,156,80,4,ps10_v2_p207,0.1020393818616867,1
14001,156,81,4,ps10_v2_p208,0.1004611924290657,1
14002,156,82,4,ps10_v2_p208,0.1004611924290657,1
14003,156,83,4,ps10_v2_p208,0.1004611924290657,1
14004,156,84,4,ps10_v2_p208,0.1004611924290657,1
14005,156,85,4,ps10_v2_p208,0.1004611924290657,1
14006,156,86,4,ps10_v2_p208,0.1004611924290657,1
14007,156,87,4,ps10_v2_p208,0.1004611924290657,1
14008,156,88,4,ps10_v2_p208,0.1004611924290657,1
14009,156,89,4,ps10_v2_p208,0.1004611924290657,1
14010,156,90,4,ps10_v2_p208,0.1004611924290657,1
14011,156,91,4,ps10_v2_p209,0.11511945724487305,1
14012,156,92,4,ps10_v2_p209,0.11511945724487305,1
14013,156,93,4,ps10_v2_p209,0.11511945724487305,1
14014,156,94,4,ps10_v2_p209,0.11511945724487305,1
14015,156,95,4,ps10_v2_p209,0.11511945724487305,1
14016,156,96,4,ps10_v2_p209,0.11511945724487305,1
14017,156,97,4,ps10_v2_p209,0.11511945724487305,1
14018,156,98,4,ps10_v2_p209,0.11511945724487305,1
14019,156,99,4,ps10_v2_p209,0.11511945724487305,1
14020,156,100,4,ps10_v2_p209,0.11511945724487305,1
14021,156,101,4,ps10_v2_p210,0.11185917258262634,1
14022,156,102,4,ps10_v2_p210,0.11185917258262634,1
14023,156,103,4,ps10_v2_p210,0.11185917258262634,1
14024,156,104,4,ps10_v2_p210,0.11185917258262634,1
14025,156,105,4,ps10_v2_p210,0.11185917258262634,1
14026,156,110,4,ps10_v2_p210,0.11185917258262634,1
14027,156,111,4,ps10_v2_p211,0.12520228326320648,1
14028,156,112,4,ps10_v2_p211,0.12520228326320648,1
14029,156,113,4,ps10_v2_p211,0.12520228326320648,1
14030,156,114,4,ps10_v2_p211,0.12520228326320648,1
14031,156,115,4,ps10_v2_p211,0.12520228326320648,1
14032,156,133,3,ps10_v2_p140,0.1315254420042038,1
14033,156,134,3,ps10_v2_p141,0.1344156116247177,1
14034,156,135,3,ps10_v2_p141,0.1344156116247177,1
14035,156,136,3,ps10_v2_p141,0.1344156116247177,1
14036,156,137,3,ps10_v2_p141,0.1344156116247177,1
14037,156,138,3,ps10_v2_p141,0.1344156116247177,1
14038,156,139,3,ps10_v2_p141,0.1344156116247177,1
14039,156,140,3,ps10_v2_p141,0.1344156116247177,1
14040,156,141,3,ps10_v2_p141,0.1344156116247177,1
14041,156,142,3,ps10_v2_p141,0.1344156116247177,1
14042,156,143,3,ps10_v2_p141,0.1344156116247177,1
14043,156,144,3,ps10_v2_p142,0.1405973881483078,1
14044,156,145,3,ps10_v2_p142,0.1405973881483078,1
14045,156,146,3,ps10_v2_p142,0.1405973881483078,1
14046,156,147,5,ps10_v2_p262,0.10295268893241882,1
14047,156,148,5,ps10_v2_p262,0.10295268893241882,1
14048,156,149,5,ps10_v2_p263,0.10257381945848465,1
14049,156,151,5,ps10_v2_p263,0.10257381945848465,1
14050,156,152,5,ps10_v2_p263,0.10257381945848465,1
14051,156,153,5,ps10_v2_p263,0.10257381945848465,1
14052,156,154,5,ps10_v2_p263,0.10257381945848465,1
14053,156,155,5,ps10_v2_p263,0.10257381945848465,1
14054,156,157,5,ps10_v2_p263,0.10257381945848465,1
14055,156,158,5,ps10_v2_p263,0.10257381945848465,1
14056,156,159,5,ps10_v2_p264,0.153509721159935,1
14057,156,160,5,ps10_v2_p264,0.153509721159935,1
14058,156,161,5,ps10_v2_p264,0.153509721159935,1
14059,156,163,5,ps10_v2_p264,0.153509721159935,1
14060,156,165,5,ps10_v2_p264,0.153509721159935,1
14061,156,166,5,ps10_v2_p264,0.153509721159935,1
14062,156,167,5,ps10_v2_p264,0.153509721159935,1
14063,156,168,5,ps10_v2_p264,0.153509721159935,1
14064,156,169,5,ps10_v2_p265,0.14682887494564056,1
14065,156,170,5,ps10_v2_p265,0.14682887494564056,1
14066,156,172,5,ps10_v2_p265,0.14682887494564056,1
14067,156,173,5,ps10_v2_p265,0.14682887494564056,1
14068,156,174,5,ps10_v2_p265,0.14682887494564056,1
14069,156,175,5,ps10_v2_p265,0.14682887494564056,1
14070,156,176,5,ps10_v2_p265,0.14682887494564056,1
14071,156,177,5,ps10_v2_p265,0.14682887494564056,1
14072,156,179,5,ps10_v2_p266,0.1144523173570633,1
14073,156,180,5,ps10_v2_p266,0.1144523173570633,1
14074,156,181,5,ps10_v2_p266,0.1144523173570633,1
14075,156,182,5,ps10_v2_p266,0.1144523173570633,1
14076,156,184,5,ps10_v2_p266,0.1144523173570633,1
14077,156,185,5,ps10_v2_p266,0.1144523173570633,1
14078,156,186,5,ps10_v2_p266,0.1144523173570633,1
14079,156,187,5,ps10_v2_p266,0.1144523173570633,1
14080,156,189,5,,,0
14081,156,191,5,,,0
14082,157,32,2,,,0
14083,157,33,2,,,0
14084,157,36,2,,,0
14085,157,50,2,ps10_v2_p086,0.11237417906522751,1
14086,157,57,2,ps10_v2_p086,0.11237417906522751,1
14087,157,63,2,ps10_v2_p087,0.11521477997303009,1
14088,157,64,2,ps10_v2_p087,0.11521477997303009,1
14089,157,65,2,ps10_v2_p087,0.11521477997303009,1
14090,157,67,2,ps10_v2_p087,0.11521477997303009,1
14091,157,72,4,ps10_v2_p207,0.1020393818616867,1
14092,157,73,4,ps10_v2_p207,0.1020393818616867,1
14093,157,74,4,ps10_v2_p207,0.1020393818616867,1
14094,157,75,4,ps10_v2_p207,0.1020393818616867,1
14095,157,76,4,ps10_v2_p207,0.1020393818616867,1
14096,157,77,4,ps10_v2_p207,0.1020393818616867,1
14097,157,78,4,ps10_v2_p207,0.1020393818616867,1
14098,157,79,4,ps10_v2_p207,0.1020393818616867,1
14099,157,80,4,ps10_v2_p207,0.1020393818616867,1
14100,157,81,4,ps10_v2_p208,0.1004611924290657,1
14101,157,82,4,ps10_v2_p208,0.1004611924290657,1
14102,157,83,4,ps10_v2_p208,0.1004611924290657,1
14103,157,84,4,ps10_v2_p208,0.1004611924290657,1
14104,157,85,4,ps10_v2_p208,0.1004611924290657,1
14105,157,86,4,ps10_v2_p208,0.1004611924290657,1
14106,157,87,4,ps10_v2_p208,0.1004611924290657,1
14107,157,88,4,ps10_v2_p208,0.1004611924290657,1
14108,157,89,4,ps10_v2_p208,0.1004611924290657,1
14109,157,90,4,ps10_v2_p208,0.1004611924290657,1
14110,157,91,4,ps10_v2_p209,0.11511945724487305,1
14111,157,92,4,ps10_v2_p209,0.11511945724487305,1
14112,157,93,4,ps10_v2_p209,0.11511945724487305,1
14113,157,94,4,ps10_v2_p209,0.11511945724487305,1
14114,157,95,4,ps10_v2_p209,0.11511945724487305,1
14115,157,96,4,ps10_v2_p209,0.11511945724487305,1
14116,157,97,4,ps10_v2_p209,0.11511945724487305,1
14117,157,98,4,ps10_v2_p209,0.11511945724487305,1
14118,157,99,4,ps10_v2_p209,0.11511945724487305,1
14119,157,100,4,ps10_v2_p209,0.11511945724487305,1
14120,157,101,4,ps10_v2_p210,0.11185917258262634,1
14121,157,102,4,ps10_v2_p210,0.11185917258262634,1
14122,157,103,4,ps10_v2_p210,0.11185917258262634,1
14123,157,104,4,ps10_v2_p210,0.11185917258262634,1
14124,157,109,4,ps10_v2_p210,0.11185917258262634,1
14125,157,110,4,ps10_v2_p210,0.11185917258262634,1
14126,157,111,4,ps10_v2_p211,0.12520228326320648,1
14127,157,112,4,ps10_v2_p211,0.12520228326320648,1
14128,157,113,4,ps10_v2_p211,0.12520228326320648,1
14129,157,114,4,ps10_v2_p211,0.12520228326320648,1
14130,157,115,4,ps10_v2_p211,0.12520228326320648,1
14131,157,116,4,ps10_v2_p211,0.12520228326320648,1
14132,157,133,3,ps10_v2_p140,0.1315254420042038,1
14133,157,134,3,ps10_v2_p141,0.1344156116247177,1
14134,157,135,3,ps10_v2_p141,0.1344156116247177,1
14135,157,136,3,ps10_v2_p141,0.1344156116247177,1
14136,157,137,3,ps10_v2_p141,0.1344156116247177,1
14137,157,138,3,ps10_v2_p141,0.1344156116247177,1
14138,157,139,3,ps10_v2_p141,0.1344156116247177,1
14139,157,140,3,ps10_v2_p141,0.1344156116247177,1
14140,157,141,3,ps10_v2_p141,0.1344156116247177,1
14141,157,142,3,ps10_v2_p141,0.1344156116247177,1
14142,157,143,3,ps10_v2_p141,0.1344156116247177,1
14143,157,144,3,ps10_v2_p142,0.1405973881483078,1
14144,157,145,3,ps10_v2_p142,0.1405973881483078,1
14145,157,146,5,ps10_v2_p262,0.10295268893241882,1
14146,157,147,5,ps10_v2_p262,0.10295268893241882,1
14147,157,151,5,ps10_v2_p263,0.10257381945848465,1
14148,157,152,5,ps10_v2_p263,0.10257381945848465,1
14149,157,154,5,ps10_v2_p263,0.10257381945848465,1
14150,157,155,5,ps10_v2_p263,0.10257381945848465,1
14151,157,156,5,ps10_v2_p263,0.10257381945848465,1
14152,157,157,5,ps10_v2_p263,0.10257381945848465,1
14153,157,158,5,ps10_v2_p263,0.10257381945848465,1
14154,157,159,5,ps10_v2_p264,0.153509721159935,1
14155,157,160,5,ps10_v2_p264,0.153509721159935,1
14156,157,161,5,ps10_v2_p264,0.153509721159935,1
14157,157,162,5,ps10_v2_p264,0.153509721159935,1
14158,157,164,5,ps10_v2_p264,0.153509721159935,1
14159,157,165,5,ps10_v2_p264,0.153509721159935,1
14160,157,166,5,ps10_v2_p264,0.153509721159935,1
14161,157,167,5,ps10_v2_p264,0.153509721159935,1
14162,157,168,5,ps10_v2_p264,0.153509721159935,1
14163,157,169,5,ps10_v2_p265,0.14682887494564056,1
14164,157,170,5,ps10_v2_p265,0.14682887494564056,1
14165,157,171,5,ps10_v2_p265,0.14682887494564056,1
14166,157,173,5,ps10_v2_p265,0.14682887494564056,1
14167,157,174,5,ps10_v2_p265,0.14682887494564056,1
14168,157,175,5,ps10_v2_p265,0.14682887494564056,1
14169,157,176,5,ps10_v2_p265,0.14682887494564056,1
14170,157,177,5,ps10_v2_p265,0.14682887494564056,1
14171,157,178,5,ps10_v2_p265,0.14682887494564056,1
14172,157,180,5,ps10_v2_p266,0.1144523173570633,1
14173,157,181,5,ps10_v2_p266,0.1144523173570633,1
14174,157,182,5,ps10_v2_p266,0.1144523173570633,1
14175,157,183,5,ps10_v2_p266,0.1144523173570633,1
14176,157,185,5,ps10_v2_p266,0.1144523173570633,1
14177,157,186,5,ps10_v2_p266,0.1144523173570633,1
14178,157,187,5,ps10_v2_p266,0.1144523173570633,1
14179,157,188,5,ps10_v2_p266,0.1144523173570633,1
14180,158,32,2,,,0
14181,158,33,2,,,0
14182,158,36,2,,,0
14183,158,44,2,ps10_v2_p085,0.12134002894163132,1
14184,158,45,2,ps10_v2_p085,0.12134002894163132,1
14185,158,49,2,ps10_v2_p085,0.12134002894163132,1
14186,158,50,2,ps10_v2_p086,0.11237417906522751,1
14187,158,53,2,ps10_v2_p086,0.11237417906522751,1
14188,158,64,2,ps10_v2_p087,0.11521477997303009,1
14189,158,66,2,ps10_v2_p087,0.11521477997303009,1
14190,158,67,2,ps10_v2_p087,0.11521477997303009,1
14191,158,73,4,ps10_v2_p207,0.1020393818616867,1
14192,158,74,4,ps10_v2_p207,0.1020393818616867,1
14193,158,75,4,ps10_v2_p207,0.1020393818616867,1
14194,158,76,4,ps10_v2_p207,0.1020393818616867,1
14195,158,77,4,ps10_v2_p207,0.1020393818616867,1
14196,158,78,4,ps10_v2_p207,0.1020393818616867,1
14197,158,79,4,ps10_v2_p207,0.1020393818616867,1
14198,158,80,4,ps10_v2_p207,0.1020393818616867,1
14199,158,81,4,ps10_v2_p208,0.1004611924290657,1
14200,158,82,4,ps10_v2_p208,0.1004611924290657,1
14201,158,83,4,ps10_v2_p208,0.1004611924290657,1
14202,158,84,4,ps10_v2_p208,0.1004611924290657,1
14203,158,85,4,ps10_v2_p208,0.1004611924290657,1
14204,158,86,4,ps10_v2_p208,0.1004611924290657,1
14205,158,87,4,ps10_v2_p208,0.1004611924290657,1
14206,158,88,4,ps10_v2_p208,0.1004611924290657,1
14207,158,89,4,ps10_v2_p208,0.1004611924290657,1
14208,158,90,4,ps10_v2_p208,0.1004611924290657,1
14209,158,91,4,ps10_v2_p209,0.11511945724487305,1
14210,158,92,4,ps10_v2_p209,0.11511945724487305,1
14211,158,93,4,ps10_v2_p209,0.11511945724487305,1
14212,158,94,4,ps10_v2_p209,0.11511945724487305,1
14213,158,95,4,ps10_v2_p209,0.11511945724487305,1
14214,158,96,4,ps10_v2_p209,0.11511945724487305,1
14215,158,97,4,ps10_v2_p209,0.11511945724487305,1
14216,158,98,4,ps10_v2_p209,0.11511945724487305,1
14217,158,99,4,ps10_v2_p209,0.11511945724487305,1
14218,158,100,4,ps10_v2_p209,0.11511945724487305,1
14219,158,101,4,ps10_v2_p210,0.11185917258262634,1
14220,158,102,4,ps10_v2_p210,0.11185917258262634,1
14221,158,103,4,ps10_v2_p210,0.11185917258262634,1
14222,158,104,4,ps10_v2_p210,0.11185917258262634,1
14223,158,109,4,ps10_v2_p210,0.11185917258262634,1
14224,158,110,4,ps10_v2_p210,0.11185917258262634,1
14225,158,111,4,ps10_v2_p211,0.12520228326320648,1
14226,158,112,4,ps10_v2_p211,0.12520228326320648,1
14227,158,113,4,ps10_v2_p211,0.12520228326320648,1
14228,158,114,4,ps10_v2_p211,0.12520228326320648,1
14229,158,115,4,ps10_v2_p211,0.12520228326320648,1
14230,158,117,4,ps10_v2_p211,0.12520228326320648,1
14231,158,131,3,ps10_v2_p140,0.1315254420042038,1
14232,158,132,3,ps10_v2_p140,0.1315254420042038,1
14233,158,133,3,ps10_v2_p140,0.1315254420042038,1
14234,158,134,3,ps10_v2_p141,0.1344156116247177,1
14235,158,135,3,ps10_v2_p141,0.1344156116247177,1
14236,158,136,3,ps10_v2_p141,0.1344156116247177,1
14237,158,137,3,ps10_v2_p141,0.1344156116247177,1
14238,158,138,3,ps10_v2_p141,0.1344156116247177,1
14239,158,139,3,ps10_v2_p141,0.1344156116247177,1
14240,158,140,3,ps10_v2_p141,0.1344156116247177,1
14241,158,141,3,ps10_v2_p141,0.1344156116247177,1
14242,158,142,3,ps10_v2_p141,0.1344156116247177,1
14243,158,143,3,ps10_v2_p141,0.1344156116247177,1
14244,158,144,3,ps10_v2_p142,0.1405973881483078,1
14245,158,146,5,ps10_v2_p262,0.10295268893241882,1
14246,158,148,5,ps10_v2_p262,0.10295268893241882,1
14247,158,150,5,ps10_v2_p263,0.10257381945848465,1
14248,158,151,5,ps10_v2_p263,0.10257381945848465,1
14249,158,154,5,ps10_v2_p263,0.10257381945848465,1
14250,158,155,5,ps10_v2_p263,0.10257381945848465,1
14251,158,156,5,ps10_v2_p263,0.10257381945848465,1
14252,158,157,5,ps10_v2_p263,0.10257381945848465,1
14253,158,158,5,ps10_v2_p263,0.10257381945848465,1
14254,158,159,5,ps10_v2_p264,0.153509721159935,1
14255,158,160,5,ps10_v2_p264,0.153509721159935,1
14256,158,161,5,ps10_v2_p264,0.153509721159935,1
14257,158,162,5,ps10_v2_p264,0.153509721159935,1
14258,158,163,5,ps10_v2_p264,0.153509721159935,1
14259,158,165,5,ps10_v2_p264,0.153509721159935,1
14260,158,166,5,ps10_v2_p264,0.153509721159935,1
14261,158,167,5,ps10_v2_p264,0.153509721159935,1
14262,158,168,5,ps10_v2_p264,0.153509721159935,1
14263,158,169,5,ps10_v2_p265,0.14682887494564056,1
14264,158,170,5,ps10_v2_p265,0.14682887494564056,1
14265,158,171,5,ps10_v2_p265,0.14682887494564056,1
14266,158,172,5,ps10_v2_p265,0.14682887494564056,1
14267,158,174,5,ps10_v2_p265,0.14682887494564056,1
14268,158,175,5,ps10_v2_p265,0.14682887494564056,1
14269,158,176,5,ps10_v2_p265,0.14682887494564056,1
14270,158,177,5,ps10_v2_p265,0.14682887494564056,1
14271,158,178,5,ps10_v2_p265,0.14682887494564056,1
14272,158,179,5,ps10_v2_p266,0.1144523173570633,1
14273,158,181,5,ps10_v2_p266,0.1144523173570633,1
14274,158,182,5,ps10_v2_p266,0.1144523173570633,1
14275,158,183,5,ps10_v2_p266,0.1144523173570633,1
14276,158,184,5,ps10_v2_p266,0.1144523173570633,1
14277,158,186,5,ps10_v2_p266,0.1144523173570633,1
14278,158,187,5,ps10_v2_p266,0.1144523173570633,1
14279,159,35,2,,,0
14280,159,37,2,,,0
14281,159,44,2,ps10_v2_p085,0.12134002894163132,1
14282,159,48,2,ps10_v2_p085,0.12134002894163132,1
14283,159,50,2,ps10_v2_p086,0.11237417906522751,1
14284,159,52,2,ps10_v2_p086,0.11237417906522751,1
14285,159,53,2,ps10_v2_p086,0.11237417906522751,1
14286,159,54,2,ps10_v2_p086,0.11237417906522751,1
14287,159,58,2,ps10_v2_p086,0.11237417906522751,1
14288,159,59,2,ps10_v2_p086,0.11237417906522751,1
14289,159,64,2,ps10_v2_p087,0.11521477997303009,1
14290,159,65,2,ps10_v2_p087,0.11521477997303009,1
14291,159,66,2,ps10_v2_p087,0.11521477997303009,1
14292,159,74,4,ps10_v2_p207,0.1020393818616867,1
14293,159,75,4,ps10_v2_p207,0.1020393818616867,1
14294,159,76,4,ps10_v2_p207,0.1020393818616867,1
14295,159,77,4,ps10_v2_p207,0.1020393818616867,1
14296,159,78,4,ps10_v2_p207,0.1020393818616867,1
14297,159,79,4,ps10_v2_p207,0.1020393818616867,1
14298,159,80,4,ps10_v2_p207,0.1020393818616867,1
14299,159,81,4,ps10_v2_p208,0.1004611924290657,1
14300,159,82,4,ps10_v2_p208,0.1004611924290657,1
14301,159,83,4,ps10_v2_p208,0.1004611924290657,1
14302,159,84,4,ps10_v2_p208,0.1004611924290657,1
14303,159,85,4,ps10_v2_p208,0.1004611924290657,1
14304,159,86,4,ps10_v2_p208,0.1004611924290657,1
14305,159,87,4,ps10_v2_p208,0.1004611924290657,1
14306,159,88,4,ps10_v2_p208,0.1004611924290657,1
14307,159,89,4,ps10_v2_p208,0.1004611924290657,1
14308,159,90,4,ps10_v2_p208,0.1004611924290657,1
14309,159,91,4,ps10_v2_p209,0.11511945724487305,1
14310,159,92,4,ps10_v2_p209,0.11511945724487305,1
14311,159,93,4,ps10_v2_p209,0.11511945724487305,1
14312,159,94,4,ps10_v2_p209,0.11511945724487305,1
14313,159,95,4,ps10_v2_p209,0.11511945724487305,1
14314,159,96,4,ps10_v2_p209,0.11511945724487305,1
14315,159,97,4,ps10_v2_p209,0.11511945724487305,1
14316,159,98,4,ps10_v2_p209,0.11511945724487305,1
14317,159,99,4,ps10_v2_p209,0.11511945724487305,1
14318,159,100,4,ps10_v2_p209,0.11511945724487305,1
14319,159,101,4,ps10_v2_p210,0.11185917258262634,1
14320,159,102,4,ps10_v2_p210,0.11185917258262634,1
14321,159,103,4,ps10_v2_p210,0.11185917258262634,1
14322,159,104,4,ps10_v2_p210,0.11185917258262634,1
14323,159,106,4,ps10_v2_p210,0.11185917258262634,1
14324,159,109,4,ps10_v2_p210,0.11185917258262634,1
14325,159,110,4,ps10_v2_p210,0.11185917258262634,1
14326,159,111,4,ps10_v2_p211,0.12520228326320648,1
14327,159,112,4,ps10_v2_p211,0.12520228326320648,1
14328,159,113,4,ps10_v2_p211,0.12520228326320648,1
14329,159,114,4,ps10_v2_p211,0.12520228326320648,1
14330,159,115,4,ps10_v2_p211,0.12520228326320648,1
14331,159,116,4,ps10_v2_p211,0.12520228326320648,1
14332,159,117,4,ps10_v2_p211,0.12520228326320648,1
14333,159,118,4,ps10_v2_p211,0.12520228326320648,1
14334,159,130,3,ps10_v2_p140,0.1315254420042038,1
14335,159,131,3,ps10_v2_p140,0.1315254420042038,1
14336,159,132,3,ps10_v2_p140,0.1315254420042038,1
14337,159,133,3,ps10_v2_p140,0.1315254420042038,1
14338,159,134,3,ps10_v2_p141,0.1344156116247177,1
14339,159,135,3,ps10_v2_p141,0.1344156116247177,1
14340,159,136,3,ps10_v2_p141,0.1344156116247177,1
14341,159,137,3,ps10_v2_p141,0.1344156116247177,1
14342,159,138,3,ps10_v2_p141,0.1344156116247177,1
14343,159,139,3,ps10_v2_p141,0.1344156116247177,1
14344,159,140,3,ps10_v2_p141,0.1344156116247177,1
14345,159,141,3,ps10_v2_p141,0.1344156116247177,1
14346,159,143,3,ps10_v2_p141,0.1344156116247177,1
14347,159,145,5,ps10_v2_p262,0.10295268893241882,1
14348,159,149,5,ps10_v2_p263,0.10257381945848465,1
14349,159,155,5,ps10_v2_p263,0.10257381945848465,1
14350,159,156,5,ps10_v2_p263,0.10257381945848465,1
14351,159,157,5,ps10_v2_p263,0.10257381945848465,1
14352,159,158,5,ps10_v2_p263,0.10257381945848465,1
14353,159,159,5,ps10_v2_p264,0.153509721159935,1
14354,159,160,5,ps10_v2_p264,0.153509721159935,1
14355,159,161,5,ps10_v2_p264,0.153509721159935,1
14356,159,162,5,ps10_v2_p264,0.153509721159935,1
14357,159,163,5,ps10_v2_p264,0.153509721159935,1
14358,159,164,5,ps10_v2_p264,0.153509721159935,1
14359,159,166,5,ps10_v2_p264,0.153509721159935,1
14360,159,168,5,ps10_v2_p264,0.153509721159935,1
14361,159,169,5,ps10_v2_p265,0.14682887494564056,1
14362,159,170,5,ps10_v2_p265,0.14682887494564056,1
14363,159,171,5,ps10_v2_p265,0.14682887494564056,1
14364,159,173,5,ps10_v2_p265,0.14682887494564056,1
14365,159,175,5,ps10_v2_p265,0.14682887494564056,1
14366,159,176,5,ps10_v2_p265,0.14682887494564056,1
14367,159,177,5,ps10_v2_p265,0.14682887494564056,1
14368,159,178,5,ps10_v2_p265,0.14682887494564056,1
14369,159,180,5,ps10_v2_p266,0.1144523173570633,1
14370,159,181,5,ps10_v2_p266,0.1144523173570633,1
14371,159,182,5,ps10_v2_p266,0.1144523173570633,1
14372,159,183,5,ps10_v2_p266,0.1144523173570633,1
14373,159,185,5,ps10_v2_p266,0.1144523173570633,1
14374,159,187,5,ps10_v2_p266,0.1144523173570633,1
14375,160,35,2,,,0
14376,160,43,2,ps10_v2_p085,0.12134002894163132,1
14377,160,51,2,ps10_v2_p086,0.11237417906522751,1
14378,160,52,2,ps10_v2_p086,0.11237417906522751,1
14379,160,56,2,ps10_v2_p086,0.11237417906522751,1
14380,160,58,2,ps10_v2_p086,0.11237417906522751,1
14381,160,63,2,ps10_v2_p087,0.11521477997303009,1
14382,160,64,2,ps10_v2_p087,0.11521477997303009,1
14383,160,65,2,ps10_v2_p087,0.11521477997303009,1
14384,160,66,2,ps10_v2_p087,0.11521477997303009,1
14385,160,67,2,ps10_v2_p087,0.11521477997303009,1
14386,160,68,2,ps10_v2_p087,0.11521477997303009,1
14387,160,71,4,ps10_v2_p207,0.1020393818616867,1
14388,160,72,4,ps10_v2_p207,0.1020393818616867,1
14389,160,73,4,ps10_v2_p207,0.1020393818616867,1
14390,160,74,4,ps10_v2_p207,0.1020393818616867,1
14391,160,75,4,ps10_v2_p207,0.1020393818616867,1
14392,160,76,4,ps10_v2_p207,0.1020393818616867,1
14393,160,77,4,ps10_v2_p207,0.1020393818616867,1
14394,160,78,4,ps10_v2_p207,0.1020393818616867,1
14395,160,79,4,ps10_v2_p207,0.1020393818616867,1
14396,160,80,4,ps10_v2_p207,0.1020393818616867,1
14397,160,81,4,ps10_v2_p208,0.1004611924290657,1
14398,160,82,4,ps10_v2_p208,0.1004611924290657,1
14399,160,83,4,ps10_v2_p208,0.1004611924290657,1
14400,160,84,4,ps10_v2_p208,0.1004611924290657,1
14401,160,85,4,ps10_v2_p208,0.1004611924290657,1
14402,160,86,4,ps10_v2_p208,0.1004611924290657,1
14403,160,87,4,ps10_v2_p208,0.1004611924290657,1
14404,160,88,4,ps10_v2_p208,0.1004611924290657,1
14405,160,89,4,ps10_v2_p208,0.1004611924290657,1
14406,160,90,4,ps10_v2_p208,0.1004611924290657,1
14407,160,91,4,ps10_v2_p209,0.11511945724487305,1
14408,160,92,4,ps10_v2_p209,0.11511945724487305,1
14409,160,93,4,ps10_v2_p209,0.11511945724487305,1
14410,160,94,4,ps10_v2_p209,0.11511945724487305,1
14411,160,96,4,ps10_v2_p209,0.11511945724487305,1
14412,160,97,4,ps10_v2_p209,0.11511945724487305,1
14413,160,98,4,ps10_v2_p209,0.11511945724487305,1
14414,160,99,4,ps10_v2_p209,0.11511945724487305,1
14415,160,100,4,ps10_v2_p209,0.11511945724487305,1
14416,160,101,4,ps10_v2_p210,0.11185917258262634,1
14417,160,102,4,ps10_v2_p210,0.11185917258262634,1
14418,160,103,4,ps10_v2_p210,0.11185917258262634,1
14419,160,104,4,ps10_v2_p210,0.11185917258262634,1
14420,160,105,4,ps10_v2_p210,0.11185917258262634,1
14421,160,107,4,ps10_v2_p210,0.11185917258262634,1
14422,160,108,4,ps10_v2_p210,0.11185917258262634,1
14423,160,109,4,ps10_v2_p210,0.11185917258262634,1
14424,160,110,4,ps10_v2_p210,0.11185917258262634,1
14425,160,111,4,ps10_v2_p211,0.12520228326320648,1
14426,160,112,4,ps10_v2_p211,0.12520228326320648,1
14427,160,113,4,ps10_v2_p211,0.12520228326320648,1
14428,160,114,4,ps10_v2_p211,0.12520228326320648,1
14429,160,115,4,ps10_v2_p211,0.12520228326320648,1
14430,160,116,4,ps10_v2_p211,0.12520228326320648,1
14431,160,117,4,ps10_v2_p211,0.12520228326320648,1
14432,160,130,3,ps10_v2_p143,0.1530493199825287,1
14433,160,131,3,ps10_v2_p143,0.1530493199825287,1
14434,160,132,3,ps10_v2_p143,0.1530493199825287,1
14435,160,133,3,ps10_v2_p143,0.1530493199825287,1
14436,160,134,3,ps10_v2_p144,0.1343381255865097,1
14437,160,135,3,ps10_v2_p144,0.1343381255865097,1
14438,160,136,3,ps10_v2_p144,0.1343381255865097,1
14439,160,137,3,ps10_v2_p144,0.1343381255865097,1
14440,160,138,3,ps10_v2_p144,0.1343381255865097,1
14441,160,139,3,ps10_v2_p144,0.1343381255865097,1
14442,160,140,3,ps10_v2_p144,0.1343381255865097,1
14443,160,142,3,ps10_v2_p144,0.1343381255865097,1
14444,160,144,5,ps10_v2_p262,0.10295268893241882,1
14445,160,146,5,ps10_v2_p262,0.10295268893241882,1
14446,160,148,5,ps10_v2_p262,0.10295268893241882,1
14447,160,150,5,ps10_v2_p263,0.10257381945848465,1
14448,160,154,5,ps10_v2_p263,0.10257381945848465,1
14449,160,155,5,ps10_v2_p263,0.10257381945848465,1
14450,160,156,5,ps10_v2_p263,0.10257381945848465,1
14451,160,157,5,ps10_v2_p263,0.10257381945848465,1
14452,160,158,5,ps10_v2_p263,0.10257381945848465,1
14453,160,159,5,ps10_v2_p264,0.153509721159935,1
14454,160,160,5,ps10_v2_p264,0.153509721159935,1
14455,160,161,5,ps10_v2_p264,0.153509721159935,1
14456,160,162,5,ps10_v2_p264,0.153509721159935,1
14457,160,163,5,ps10_v2_p264,0.153509721159935,1
14458,160,164,5,ps10_v2_p264,0.153509721159935,1
14459,160,165,5,ps10_v2_p264,0.153509721159935,1
14460,160,167,5,ps10_v2_p264,0.153509721159935,1
14461,160,168,5,ps10_v2_p264,0.153509721159935,1
14462,160,169,5,ps10_v2_p265,0.14682887494564056,1
14463,160,170,5,ps10_v2_p265,0.14682887494564056,1
14464,160,171,5,ps10_v2_p265,0.14682887494564056,1
14465,160,172,5,ps10_v2_p265,0.14682887494564056,1
14466,160,173,5,ps10_v2_p265,0.14682887494564056,1
14467,160,174,5,ps10_v2_p265,0.14682887494564056,1
14468,160,176,5,ps10_v2_p265,0.14682887494564056,1
14469,160,177,5,ps10_v2_p265,0.14682887494564056,1
14470,160,178,5,ps10_v2_p265,0.14682887494564056,1
14471,160,179,5,ps10_v2_p266,0.1144523173570633,1
14472,160,181,5,ps10_v2_p266,0.1144523173570633,1
14473,160,182,5,ps10_v2_p266,0.1144523173570633,1
14474,160,183,5,ps10_v2_p266,0.1144523173570633,1
14475,160,184,5,ps10_v2_p266,0.1144523173570633,1
14476,160,186,5,ps10_v2_p266,0.1144523173570633,1
14477,161,49,2,ps10_v2_p085,0.12134002894163132,1
14478,161,50,2,ps10_v2_p086,0.11237417906522751,1
14479,161,55,2,ps10_v2_p086,0.11237417906522751,1
14480,161,62,2,ps10_v2_p087,0.11521477997303009,1
14481,161,63,2,ps10_v2_p087,0.11521477997303009,1
14482,161,64,2,ps10_v2_p087,0.11521477997303009,1
14483,161,65,2,ps10_v2_p087,0.11521477997303009,1
14484,161,66,2,ps10_v2_p087,0.11521477997303009,1
14485,161,67,2,ps10_v2_p087,0.11521477997303009,1
14486,161,72,4,ps10_v2_p207,0.1020393818616867,1
14487,161,73,4,ps10_v2_p207,0.1020393818616867,1
14488,161,74,4,ps10_v2_p207,0.1020393818616867,1
14489,161,75,4,ps10_v2_p207,0.1020393818616867,1
14490,161,76,4,ps10_v2_p207,0.1020393818616867,1
14491,161,77,4,ps10_v2_p207,0.1020393818616867,1
14492,161,78,4,ps10_v2_p207,0.1020393818616867,1
14493,161,79,4,ps10_v2_p207,0.1020393818616867,1
14494,161,80,4,ps10_v2_p207,0.1020393818616867,1
14495,161,81,4,ps10_v2_p208,0.1004611924290657,1
14496,161,82,4,ps10_v2_p208,0.1004611924290657,1
14497,161,83,4,ps10_v2_p208,0.1004611924290657,1
14498,161,84,4,ps10_v2_p208,0.1004611924290657,1
14499,161,85,4,ps10_v2_p208,0.1004611924290657,1
14500,161,86,4,ps10_v2_p208,0.1004611924290657,1
14501,161,87,4,ps10_v2_p208,0.1004611924290657,1
14502,161,88,4,ps10_v2_p208,0.1004611924290657,1
14503,161,89,4,ps10_v2_p208,0.1004611924290657,1
14504,161,90,4,ps10_v2_p208,0.1004611924290657,1
14505,161,91,4,ps10_v2_p209,0.11511945724487305,1
14506,161,92,4,ps10_v2_p209,0.11511945724487305,1
14507,161,93,4,ps10_v2_p209,0.11511945724487305,1
14508,161,94,4,ps10_v2_p209,0.11511945724487305,1
14509,161,95,4,ps10_v2_p209,0.11511945724487305,1
14510,161,96,4,ps10_v2_p209,0.11511945724487305,1
14511,161,97,4,ps10_v2_p209,0.11511945724487305,1
14512,161,98,4,ps10_v2_p209,0.11511945724487305,1
14513,161,99,4,ps10_v2_p209,0.11511945724487305,1
14514,161,100,4,ps10_v2_p209,0.11511945724487305,1
14515,161,101,4,ps10_v2_p210,0.11185917258262634,1
14516,161,102,4,ps10_v2_p210,0.11185917258262634,1
14517,161,103,4,ps10_v2_p210,0.11185917258262634,1
14518,161,104,4,ps10_v2_p210,0.11185917258262634,1
14519,161,105,4,ps10_v2_p210,0.11185917258262634,1
14520,161,106,4,ps10_v2_p210,0.11185917258262634,1
14521,161,107,4,ps10_v2_p210,0.11185917258262634,1
14522,161,108,4,ps10_v2_p210,0.11185917258262634,1
14523,161,109,4,ps10_v2_p210,0.11185917258262634,1
14524,161,110,4,ps10_v2_p210,0.11185917258262634,1
14525,161,111,4,ps10_v2_p211,0.12520228326320648,1
14526,161,112,4,ps10_v2_p211,0.12520228326320648,1
14527,161,113,4,ps10_v2_p211,0.12520228326320648,1
14528,161,114,4,ps10_v2_p211,0.12520228326320648,1
14529,161,115,4,ps10_v2_p211,0.12520228326320648,1
14530,161,116,4,ps10_v2_p211,0.12520228326320648,1
14531,161,117,4,ps10_v2_p211,0.12520228326320648,1
14532,161,118,4,ps10_v2_p211,0.12520228326320648,1
14533,161,129,3,ps10_v2_p143,0.1530493199825287,1
14534,161,130,3,ps10_v2_p143,0.1530493199825287,1
14535,161,131,3,ps10_v2_p143,0.1530493199825287,1
14536,161,132,3,ps10_v2_p143,0.1530493199825287,1
14537,161,133,3,ps10_v2_p143,0.1530493199825287,1
14538,161,134,3,ps10_v2_p144,0.1343381255865097,1
14539,161,135,3,ps10_v2_p144,0.1343381255865097,1
14540,161,136,3,ps10_v2_p144,0.1343381255865097,1
14541,161,137,3,ps10_v2_p144,0.1343381255865097,1
14542,161,139,3,ps10_v2_p144,0.1343381255865097,1
14543,161,141,3,ps10_v2_p144,0.1343381255865097,1
14544,161,143,5,ps10_v2_p262,0.10295268893241882,1
14545,161,145,5,ps10_v2_p262,0.10295268893241882,1
14546,161,147,5,ps10_v2_p262,0.10295268893241882,1
14547,161,148,5,ps10_v2_p262,0.10295268893241882,1
14548,161,149,5,ps10_v2_p263,0.10257381945848465,1
14549,161,153,5,ps10_v2_p263,0.10257381945848465,1
14550,161,155,5,ps10_v2_p263,0.10257381945848465,1
14551,161,157,5,ps10_v2_p263,0.10257381945848465,1
14552,161,158,5,ps10_v2_p263,0.10257381945848465,1
14553,161,159,5,ps10_v2_p264,0.153509721159935,1
14554,161,160,5,ps10_v2_p264,0.153509721159935,1
14555,161,161,5,ps10_v2_p264,0.153509721159935,1
14556,161,162,5,ps10_v2_p264,0.153509721159935,1
14557,161,163,5,ps10_v2_p264,0.153509721159935,1
14558,161,164,5,ps10_v2_p264,0.153509721159935,1
14559,161,165,5,ps10_v2_p264,0.153509721159935,1
14560,161,166,5,ps10_v2_p264,0.153509721159935,1
14561,161,168,5,ps10_v2_p264,0.153509721159935,1
14562,161,169,5,ps10_v2_p265,0.14682887494564056,1
14563,161,170,5,ps10_v2_p265,0.14682887494564056,1
14564,161,171,5,ps10_v2_p265,0.14682887494564056,1
14565,161,172,5,ps10_v2_p265,0.14682887494564056,1
14566,161,173,5,ps10_v2_p265,0.14682887494564056,1
14567,161,175,5,ps10_v2_p265,0.14682887494564056,1
14568,161,177,5,ps10_v2_p265,0.14682887494564056,1
14569,161,178,5,ps10_v2_p265,0.14682887494564056,1
14570,161,179,5,ps10_v2_p266,0.1144523173570633,1
14571,161,180,5,ps10_v2_p266,0.1144523173570633,1
14572,161,182,5,ps10_v2_p266,0.1144523173570633,1
14573,161,183,5,ps10_v2_p266,0.1144523173570633,1
14574,161,184,5,ps10_v2_p266,0.1144523173570633,1
14575,162,48,2,ps10_v2_p085,0.12134002894163132,1
14576,162,49,2,ps10_v2_p085,0.12134002894163132,1
14577,162,50,2,ps10_v2_p086,0.11237417906522751,1
14578,162,62,2,ps10_v2_p087,0.11521477997303009,1
14579,162,63,2,ps10_v2_p087,0.11521477997303009,1
14580,162,64,2,ps10_v2_p087,0.11521477997303009,1
14581,162,65,2,ps10_v2_p087,0.11521477997303009,1
14582,162,66,2,ps10_v2_p087,0.11521477997303009,1
14583,162,67,2,ps10_v2_p087,0.11521477997303009,1
14584,162,68,2,ps10_v2_p087,0.11521477997303009,1
14585,162,69,2,ps10_v2_p087,0.11521477997303009,1
14586,162,72,4,ps10_v2_p207,0.1020393818616867,1
14587,162,73,4,ps10_v2_p207,0.1020393818616867,1
14588,162,75,4,ps10_v2_p207,0.1020393818616867,1
14589,162,76,4,ps10_v2_p207,0.1020393818616867,1
14590,162,77,4,ps10_v2_p207,0.1020393818616867,1
14591,162,78,4,ps10_v2_p207,0.1020393818616867,1
14592,162,79,4,ps10_v2_p207,0.1020393818616867,1
14593,162,80,4,ps10_v2_p207,0.1020393818616867,1
14594,162,81,4,ps10_v2_p208,0.1004611924290657,1
14595,162,82,4,ps10_v2_p208,0.1004611924290657,1
14596,162,83,4,ps10_v2_p208,0.1004611924290657,1
14597,162,84,4,ps10_v2_p208,0.1004611924290657,1
14598,162,85,4,ps10_v2_p208,0.1004611924290657,1
14599,162,86,4,ps10_v2_p208,0.1004611924290657,1
14600,162,87,4,ps10_v2_p208,0.1004611924290657,1
14601,162,88,4,ps10_v2_p208,0.1004611924290657,1
14602,162,89,4,ps10_v2_p208,0.1004611924290657,1
14603,162,90,4,ps10_v2_p208,0.1004611924290657,1
14604,162,91,4,ps10_v2_p209,0.11511945724487305,1
14605,162,92,4,ps10_v2_p209,0.11511945724487305,1
14606,162,93,4,ps10_v2_p209,0.11511945724487305,1
14607,162,94,4,ps10_v2_p209,0.11511945724487305,1
14608,162,95,4,ps10_v2_p209,0.11511945724487305,1
14609,162,96,4,ps10_v2_p209,0.11511945724487305,1
14610,162,97,4,ps10_v2_p209,0.11511945724487305,1
14611,162,98,4,ps10_v2_p209,0.11511945724487305,1
14612,162,99,4,ps10_v2_p209,0.11511945724487305,1
14613,162,100,4,ps10_v2_p209,0.11511945724487305,1
14614,162,101,4,ps10_v2_p210,0.11185917258262634,1
14615,162,102,4,ps10_v2_p210,0.11185917258262634,1
14616,162,103,4,ps10_v2_p210,0.11185917258262634,1
14617,162,104,4,ps10_v2_p210,0.11185917258262634,1
14618,162,105,4,ps10_v2_p210,0.11185917258262634,1
14619,162,106,4,ps10_v2_p210,0.11185917258262634,1
14620,162,107,4,ps10_v2_p210,0.11185917258262634,1
14621,162,108,4,ps10_v2_p210,0.11185917258262634,1
14622,162,109,4,ps10_v2_p210,0.11185917258262634,1
14623,162,110,4,ps10_v2_p210,0.11185917258262634,1
14624,162,111,4,ps10_v2_p211,0.12520228326320648,1
14625,162,112,4,ps10_v2_p211,0.12520228326320648,1
14626,162,113,4,ps10_v2_p211,0.12520228326320648,1
14627,162,114,4,ps10_v2_p211,0.12520228326320648,1
14628,162,115,4,ps10_v2_p211,0.12520228326320648,1
14629,162,118,4,ps10_v2_p211,0.12520228326320648,1
14630,162,123,3,,,0
14631,162,128,3,ps10_v2_p143,0.1530493199825287,1
14632,162,129,3,ps10_v2_p143,0.1530493199825287,1
14633,162,130,3,ps10_v2_p143,0.1530493199825287,1
14634,162,131,3,ps10_v2_p143,0.1530493199825287,1
14635,162,132,3,ps10_v2_p143,0.1530493199825287,1
14636,162,133,3,ps10_v2_p143,0.1530493199825287,1
14637,162,134,3,ps10_v2_p144,0.1343381255865097,1
14638,162,135,3,ps10_v2_p144,0.1343381255865097,1
14639,162,136,3,ps10_v2_p144,0.1343381255865097,1
14640,162,138,3,ps10_v2_p144,0.1343381255865097,1
14641,162,140,3,ps10_v2_p144,0.1343381255865097,1
14642,162,141,3,ps10_v2_p144,0.1343381255865097,1
14643,162,142,3,ps10_v2_p144,0.1343381255865097,1
14644,162,144,5,ps10_v2_p262,0.10295268893241882,1
14645,162,146,5,ps10_v2_p262,0.10295268893241882,1
14646,162,147,5,ps10_v2_p262,0.10295268893241882,1
14647,162,148,5,ps10_v2_p262,0.10295268893241882,1
14648,162,150,5,ps10_v2_p263,0.10257381945848465,1
14649,162,152,5,ps10_v2_p263,0.10257381945848465,1
14650,162,153,5,ps10_v2_p263,0.10257381945848465,1
14651,162,154,5,ps10_v2_p263,0.10257381945848465,1
14652,162,156,5,ps10_v2_p263,0.10257381945848465,1
14653,162,158,5,ps10_v2_p263,0.10257381945848465,1
14654,162,159,5,ps10_v2_p264,0.153509721159935,1
14655,162,160,5,ps10_v2_p264,0.153509721159935,1
14656,162,161,5,ps10_v2_p264,0.153509721159935,1
14657,162,162,5,ps10_v2_p264,0.153509721159935,1
14658,162,163,5,ps10_v2_p264,0.153509721159935,1
14659,162,164,5,ps10_v2_p264,0.153509721159935,1
14660,162,165,5,ps10_v2_p264,0.153509721159935,1
14661,162,166,5,ps10_v2_p264,0.153509721159935,1
14662,162,167,5,ps10_v2_p264,0.153509721159935,1
14663,162,169,5,ps10_v2_p265,0.14682887494564056,1
14664,162,170,5,ps10_v2_p265,0.14682887494564056,1
14665,162,171,5,ps10_v2_p265,0.14682887494564056,1
14666,162,172,5,ps10_v2_p265,0.14682887494564056,1
14667,162,173,5,ps10_v2_p265,0.14682887494564056,1
14668,162,174,5,ps10_v2_p265,0.14682887494564056,1
14669,162,176,5,ps10_v2_p265,0.14682887494564056,1
14670,162,177,5,ps10_v2_p265,0.14682887494564056,1
14671,162,178,5,ps10_v2_p265,0.14682887494564056,1
14672,162,179,5,ps10_v2_p266,0.1144523173570633,1
14673,162,180,5,ps10_v2_p266,0.1144523173570633,1
14674,162,181,5,ps10_v2_p266,0.1144523173570633,1
14675,163,48,2,ps10_v2_p085,0.12134002894163132,1
14676,163,50,2,ps10_v2_p086,0.11237417906522751,1
14677,163,63,2,ps10_v2_p087,0.11521477997303009,1
14678,163,64,2,ps10_v2_p087,0.11521477997303009,1
14679,163,65,2,ps10_v2_p087,0.11521477997303009,1
14680,163,67,2,ps10_v2_p087,0.11521477997303009,1
14681,163,68,2,ps10_v2_p087,0.11521477997303009,1
14682,163,69,2,ps10_v2_p087,0.11521477997303009,1
14683,163,76,4,ps10_v2_p207,0.1020393818616867,1
14684,163,77,4,ps10_v2_p207,0.1020393818616867,1
14685,163,78,4,ps10_v2_p207,0.1020393818616867,1
14686,163,79,4,ps10_v2_p207,0.1020393818616867,1
14687,163,80,4,ps10_v2_p207,0.1020393818616867,1
14688,163,81,4,ps10_v2_p208,0.1004611924290657,1
14689,163,82,4,ps10_v2_p208,0.1004611924290657,1
14690,163,83,4,ps10_v2_p208,0.1004611924290657,1
14691,163,84,4,ps10_v2_p208,0.1004611924290657,1
14692,163,85,4,ps10_v2_p208,0.1004611924290657,1
14693,163,86,4,ps10_v2_p208,0.1004611924290657,1
14694,163,87,4,ps10_v2_p208,0.1004611924290657,1
14695,163,88,4,ps10_v2_p208,0.1004611924290657,1
14696,163,89,4,ps10_v2_p208,0.1004611924290657,1
14697,163,90,4,ps10_v2_p208,0.1004611924290657,1
14698,163,91,4,ps10_v2_p209,0.11511945724487305,1
14699,163,92,4,ps10_v2_p209,0.11511945724487305,1
14700,163,93,4,ps10_v2_p209,0.11511945724487305,1
14701,163,94,4,ps10_v2_p209,0.11511945724487305,1
14702,163,95,4,ps10_v2_p209,0.11511945724487305,1
14703,163,96,4,ps10_v2_p209,0.11511945724487305,1
14704,163,97,4,ps10_v2_p209,0.11511945724487305,1
14705,163,98,4,ps10_v2_p209,0.11511945724487305,1
14706,163,99,4,ps10_v2_p209,0.11511945724487305,1
14707,163,100,4,ps10_v2_p209,0.11511945724487305,1
14708,163,101,4,ps10_v2_p210,0.11185917258262634,1
14709,163,102,4,ps10_v2_p210,0.11185917258262634,1
14710,163,103,4,ps10_v2_p210,0.11185917258262634,1
14711,163,104,4,ps10_v2_p210,0.11185917258262634,1
14712,163,105,4,ps10_v2_p210,0.11185917258262634,1
14713,163,106,4,ps10_v2_p210,0.11185917258262634,1
14714,163,107,4,ps10_v2_p210,0.11185917258262634,1
14715,163,109,4,ps10_v2_p210,0.11185917258262634,1
14716,163,110,4,ps10_v2_p210,0.11185917258262634,1
14717,163,111,4,ps10_v2_p211,0.12520228326320648,1
14718,163,112,4,ps10_v2_p211,0.12520228326320648,1
14719,163,113,4,ps10_v2_p211,0.12520228326320648,1
14720,163,114,4,ps10_v2_p211,0.12520228326320648,1
14721,163,115,4,ps10_v2_p211,0.12520228326320648,1
14722,163,116,4,ps10_v2_p211,0.12520228326320648,1
14723,163,117,4,ps10_v2_p211,0.12520228326320648,1
14724,163,118,4,ps10_v2_p211,0.12520228326320648,1
14725,163,122,3,,,0
14726,163,123,3,,,0
14727,163,127,3,ps10_v2_p143,0.1530493199825287,1
14728,163,128,3,ps10_v2_p143,0.1530493199825287,1
14729,163,129,3,ps10_v2_p143,0.1530493199825287,1
14730,163,130,3,ps10_v2_p143,0.1530493199825287,1
14731,163,131,3,ps10_v2_p143,0.1530493199825287,1
14732,163,132,3,ps10_v2_p143,0.1530493199825287,1
14733,163,133,3,ps10_v2_p143,0.1530493199825287,1
14734,163,134,3,ps10_v2_p144,0.1343381255865097,1
14735,163,135,3,ps10_v2_p144,0.1343381255865097,1
14736,163,137,3,ps10_v2_p144,0.1343381255865097,1
14737,163,138,3,ps10_v2_p144,0.1343381255865097,1
14738,163,139,3,ps10_v2_p144,0.1343381255865097,1
14739,163,140,3,ps10_v2_p144,0.1343381255865097,1
14740,163,141,3,ps10_v2_p144,0.1343381255865097,1
14741,163,142,5,ps10_v2_p267,0.12293579429388046,1
14742,163,145,5,ps10_v2_p267,0.12293579429388046,1
14743,163,146,5,ps10_v2_p267,0.12293579429388046,1
14744,163,147,5,ps10_v2_p267,0.12293579429388046,1
14745,163,151,5,ps10_v2_p268,0.1503320336341858,1
14746,163,152,5,ps10_v2_p268,0.1503320336341858,1
14747,163,153,5,ps10_v2_p268,0.1503320336341858,1
14748,163,154,5,ps10_v2_p268,0.1503320336341858,1
14749,163,155,5,ps10_v2_p268,0.1503320336341858,1
14750,163,157,5,ps10_v2_p268,0.1503320336341858,1
14751,163,159,5,ps10_v2_p269,0.16750112175941467,1
14752,163,161,5,ps10_v2_p269,0.16750112175941467,1
14753,163,162,5,ps10_v2_p269,0.16750112175941467,1
14754,163,163,5,ps10_v2_p269,0.16750112175941467,1
14755,163,164,5,ps10_v2_p269,0.16750112175941467,1
14756,163,165,5,ps10_v2_p269,0.16750112175941467,1
14757,163,166,5,ps10_v2_p269,0.16750112175941467,1
14758,163,167,5,ps10_v2_p269,0.16750112175941467,1
14759,163,168,5,ps10_v2_p269,0.16750112175941467,1
14760,163,170,5,ps10_v2_p270,0.12257925420999527,1
14761,163,171,5,ps10_v2_p270,0.12257925420999527,1
14762,163,172,5,ps10_v2_p270,0.12257925420999527,1
14763,163,173,5,ps10_v2_p270,0.12257925420999527,1
14764,163,174,5,ps10_v2_p270,0.12257925420999527,1
14765,163,175,5,ps10_v2_p270,0.12257925420999527,1
14766,163,177,5,ps10_v2_p270,0.12257925420999527,1
14767,163,178,5,ps10_v2_p270,0.12257925420999527,1
14768,163,179,5,,,0
14769,163,180,5,,,0
14770,163,181,5,,,0
14771,163,182,5,,,0
14772,164,47,2,ps10_v2_p088,0.10678738355636597,1
14773,164,48,2,ps10_v2_p088,0.10678738355636597,1
14774,164,49,2,ps10_v2_p088,0.10678738355636597,1
14775,164,50,2,ps10_v2_p089,0.1112881526350975,1
14776,164,51,2,ps10_v2_p089,0.1112881526350975,1
14777,164,54,2,ps10_v2_p089,0.1112881526350975,1
14778,164,61,2,ps10_v2_p090,0.12690052390098572,1
14779,164,64,2,ps10_v2_p090,0.12690052390098572,1
14780,164,65,2,ps10_v2_p090,0.12690052390098572,1
14781,164,67,2,ps10_v2_p090,0.12690052390098572,1
14782,164,68,2,ps10_v2_p090,0.12690052390098572,1
14783,164,69,2,ps10_v2_p090,0.12690052390098572,1
14784,164,75,4,ps10_v2_p207,0.1020393818616867,1
14785,164,76,4,ps10_v2_p207,0.1020393818616867,1
14786,164,77,4,ps10_v2_p207,0.1020393818616867,1
14787,164,78,4,ps10_v2_p207,0.1020393818616867,1
14788,164,79,4,ps10_v2_p207,0.1020393818616867,1
14789,164,80,4,ps10_v2_p207,0.1020393818616867,1
14790,164,81,4,ps10_v2_p208,0.1004611924290657,1
14791,164,82,4,ps10_v2_p208,0.1004611924290657,1
14792,164,83,4,ps10_v2_p208,0.1004611924290657,1
14793,164,84,4,ps10_v2_p208,0.1004611924290657,1
14794,164,85,4,ps10_v2_p208,0.1004611924290657,1
14795,164,86,4,ps10_v2_p208,0.1004611924290657,1
14796,164,87,4,ps10_v2_p208,0.1004611924290657,1
14797,164,88,4,ps10_v2_p208,0.1004611924290657,1
14798,164,89,4,ps10_v2_p208,0.1004611924290657,1
14799,164,90,4,ps10_v2_p208,0.1004611924290657,1
14800,164,91,4,ps10_v2_p209,0.11511945724487305,1
14801,164,92,4,ps10_v2_p209,0.11511945724487305,1
14802,164,93,4,ps10_v2_p209,0.11511945724487305,1
14803,164,94,4,ps10_v2_p209,0.11511945724487305,1
14804,164,95,4,ps10_v2_p209,0.11511945724487305,1
14805,164,96,4,ps10_v2_p209,0.11511945724487305,1
14806,164,97,4,ps10_v2_p209,0.11511945724487305,1
14807,164,98,4,ps10_v2_p209,0.11511945724487305,1
14808,164,99,4,ps10_v2_p209,0.11511945724487305,1
14809,164,100,4,ps10_v2_p209,0.11511945724487305,1
14810,164,101,4,ps10_v2_p210,0.11185917258262634,1
14811,164,102,4,ps10_v2_p210,0.11185917258262634,1
14812,164,103,4,ps10_v2_p210,0.11185917258262634,1
14813,164,104,4,ps10_v2_p210,0.11185917258262634,1
14814,164,105,4,ps10_v2_p210,0.11185917258262634,1
14815,164,106,4,ps10_v2_p210,0.11185917258262634,1
14816,164,107,4,ps10_v2_p210,0.11185917258262634,1
14817,164,108,4,ps10_v2_p210,0.11185917258262634,1
14818,164,109,4,ps10_v2_p210,0.11185917258262634,1
14819,164,110,4,ps10_v2_p210,0.11185917258262634,1
14820,164,111,4,ps10_v2_p211,0.12520228326320648,1
14821,164,112,4,ps10_v2_p211,0.12520228326320648,1
14822,164,113,4,ps10_v2_p211,0.12520228326320648,1
14823,164,114,4,ps10_v2_p211,0.12520228326320648,1
14824,164,115,4,ps10_v2_p211,0.12520228326320648,1
14825,164,116,4,ps10_v2_p211,0.12520228326320648,1
14826,164,117,4,ps10_v2_p211,0.12520228326320648,1
14827,164,118,4,ps10_v2_p211,0.12520228326320648,1
14828,164,121,4,,,0
14829,164,122,3,,,0
14830,164,125,3,ps10_v2_p143,0.1530493199825287,1
14831,164,127,3,ps10_v2_p143,0.1530493199825287,1
14832,164,128,3,ps10_v2_p143,0.1530493199825287,1
14833,164,129,3,ps10_v2_p143,0.1530493199825287,1
14834,164,130,3,ps10_v2_p143,0.1530493199825287,1
14835,164,131,3,ps10_v2_p143,0.1530493199825287,1
14836,164,132,3,ps10_v2_p143,0.1530493199825287,1
14837,164,133,3,ps10_v2_p143,0.1530493199825287,1
14838,164,134,3,ps10_v2_p144,0.1343381255865097,1
14839,164,136,3,ps10_v2_p144,0.1343381255865097,1
14840,164,137,3,ps10_v2_p144,0.1343381255865097,1
14841,164,138,3,ps10_v2_p144,0.1343381255865097,1
14842,164,139,3,ps10_v2_p144,0.1343381255865097,1
14843,164,140,3,ps10_v2_p144,0.1343381255865097,1
14844,164,141,5,ps10_v2_p267,0.12293579429388046,1
14845,164,142,5,ps10_v2_p267,0.12293579429388046,1
14846,164,144,5,ps10_v2_p267,0.12293579429388046,1
14847,164,145,5,ps10_v2_p267,0.12293579429388046,1
14848,164,146,5,ps10_v2_p267,0.12293579429388046,1
14849,164,149,5,ps10_v2_p268,0.1503320336341858,1
14850,164,150,5,ps10_v2_p268,0.1503320336341858,1
14851,164,151,5,ps10_v2_p268,0.1503320336341858,1
14852,164,152,5,ps10_v2_p268,0.1503320336341858,1
14853,164,153,5,ps10_v2_p268,0.1503320336341858,1
14854,164,154,5,ps10_v2_p268,0.1503320336341858,1
14855,164,155,5,ps10_v2_p268,0.1503320336341858,1
14856,164,156,5,ps10_v2_p268,0.1503320336341858,1
14857,164,157,5,ps10_v2_p268,0.1503320336341858,1
14858,164,158,5,ps10_v2_p268,0.1503320336341858,1
14859,164,160,5,ps10_v2_p269,0.16750112175941467,1
14860,164,161,5,ps10_v2_p269,0.16750112175941467,1
14861,164,162,5,ps10_v2_p269,0.16750112175941467,1
14862,164,163,5,ps10_v2_p269,0.16750112175941467,1
14863,164,164,5,ps10_v2_p269,0.16750112175941467,1
14864,164,165,5,ps10_v2_p269,0.16750112175941467,1
14865,164,166,5,ps10_v2_p269,0.16750112175941467,1
14866,164,167,5,ps10_v2_p269,0.16750112175941467,1
14867,164,168,5,ps10_v2_p269,0.16750112175941467,1
14868,164,169,5,ps10_v2_p270,0.12257925420999527,1
14869,164,171,5,ps10_v2_p270,0.12257925420999527,1
14870,164,172,5,ps10_v2_p270,0.12257925420999527,1
14871,164,173,5,ps10_v2_p270,0.12257925420999527,1
14872,164,174,5,ps10_v2_p270,0.12257925420999527,1
14873,164,175,5,ps10_v2_p270,0.12257925420999527,1
14874,164,176,5,ps10_v2_p270,0.12257925420999527,1
14875,164,178,5,ps10_v2_p270,0.12257925420999527,1
14876,164,179,5,,,0
14877,164,180,5,,,0
14878,164,181,5,,,0
14879,165,47,2,ps10_v2_p088,0.10678738355636597,1
14880,165,48,2,ps10_v2_p088,0.10678738355636597,1
14881,165,49,2,ps10_v2_p088,0.10678738355636597,1
14882,165,50,2,ps10_v2_p089,0.1112881526350975,1
14883,165,53,2,ps10_v2_p089,0.1112881526350975,1
14884,165,60,2,ps10_v2_p090,0.12690052390098572,1
14885,165,61,2,ps10_v2_p090,0.12690052390098572,1
14886,165,63,2,ps10_v2_p090,0.12690052390098572,1
14887,165,64,2,ps10_v2_p090,0.12690052390098572,1
14888,165,66,2,ps10_v2_p090,0.12690052390098572,1
14889,165,67,2,ps10_v2_p090,0.12690052390098572,1
14890,165,69,2,ps10_v2_p090,0.12690052390098572,1
14891,165,70,2,,,0
14892,165,78,4,ps10_v2_p207,0.1020393818616867,1
14893,165,79,4,ps10_v2_p207,0.1020393818616867,1
14894,165,80,4,ps10_v2_p207,0.1020393818616867,1
14895,165,81,4,ps10_v2_p208,0.1004611924290657,1
14896,165,82,4,ps10_v2_p208,0.1004611924290657,1
14897,165,83,4,ps10_v2_p208,0.1004611924290657,1
14898,165,84,4,ps10_v2_p208,0.1004611924290657,1
14899,165,85,4,ps10_v2_p208,0.1004611924290657,1
14900,165,86,4,ps10_v2_p208,0.1004611924290657,1
14901,165,87,4,ps10_v2_p208,0.1004611924290657,1
14902,165,88,4,ps10_v2_p208,0.1004611924290657,1
14903,165,89,4,ps10_v2_p208,0.1004611924290657,1
14904,165,90,4,ps10_v2_p208,0.1004611924290657,1
14905,165,91,4,ps10_v2_p209,0.11511945724487305,1
14906,165,92,4,ps10_v2_p209,0.11511945724487305,1
14907,165,93,4,ps10_v2_p209,0.11511945724487305,1
14908,165,94,4,ps10_v2_p209,0.11511945724487305,1
14909,165,95,4,ps10_v2_p209,0.11511945724487305,1
14910,165,96,4,ps10_v2_p209,0.11511945724487305,1
14911,165,97,4,ps10_v2_p209,0.11511945724487305,1
14912,165,98,4,ps10_v2_p209,0.11511945724487305,1
14913,165,99,4,ps10_v2_p209,0.11511945724487305,1
14914,165,100,4,ps10_v2_p209,0.11511945724487305,1
14915,165,101,4,ps10_v2_p210,0.11185917258262634,1
14916,165,102,4,ps10_v2_p210,0.11185917258262634,1
14917,165,103,4,ps10_v2_p210,0.11185917258262634,1
14918,165,104,4,ps10_v2_p210,0.11185917258262634,1
14919,165,105,4,ps10_v2_p210,0.11185917258262634,1
14920,165,106,4,ps10_v2_p210,0.11185917258262634,1
14921,165,107,4,ps10_v2_p210,0.11185917258262634,1
14922,165,108,4,ps10_v2_p210,0.11185917258262634,1
14923,165,109,4,ps10_v2_p210,0.11185917258262634,1
14924,165,110,4,ps10_v2_p210,0.11185917258262634,1
14925,165,111,4,ps10_v2_p211,0.12520228326320648,1
14926,165,112,4,ps10_v2_p211,0.12520228326320648,1
14927,165,113,4,ps10_v2_p211,0.12520228326320648,1
14928,165,114,4,ps10_v2_p211,0.12520228326320648,1
14929,165,115,4,ps10_v2_p211,0.12520228326320648,1
14930,165,116,4,ps10_v2_p211,0.12520228326320648,1
14931,165,117,4,ps10_v2_p211,0.12520228326320648,1
14932,165,124,3,ps10_v2_p143,0.1530493199825287,1
14933,165,125,3,ps10_v2_p143,0.1530493199825287,1
14934,165,126,3,ps10_v2_p143,0.1530493199825287,1
14935,165,127,3,ps10_v2_p143,0.1530493199825287,1
14936,165,128,3,ps10_v2_p143,0.1530493199825287,1
14937,165,129,3,ps10_v2_p143,0.1530493199825287,1
14938,165,130,3,ps10_v2_p143,0.1530493199825287,1
14939,165,131,3,ps10_v2_p143,0.1530493199825287,1
14940,165,132,3,ps10_v2_p143,0.1530493199825287,1
14941,165,133,3,ps10_v2_p143,0.1530493199825287,1
14942,165,134,3,ps10_v2_p144,0.1343381255865097,1
14943,165,135,3,ps10_v2_p144,0.1343381255865097,1
14944,165,136,3,ps10_v2_p144,0.1343381255865097,1
14945,165,137,3,ps10_v2_p144,0.1343381255865097,1
14946,165,138,3,ps10_v2_p144,0.1343381255865097,1
14947,165,139,3,ps10_v2_p144,0.1343381255865097,1
14948,165,140,3,ps10_v2_p144,0.1343381255865097,1
14949,165,141,5,ps10_v2_p267,0.12293579429388046,1
14950,165,144,5,ps10_v2_p267,0.12293579429388046,1
14951,165,145,5,ps10_v2_p267,0.12293579429388046,1
14952,165,149,5,ps10_v2_p268,0.1503320336341858,1
14953,165,150,5,ps10_v2_p268,0.1503320336341858,1
14954,165,151,5,ps10_v2_p268,0.1503320336341858,1
14955,165,152,5,ps10_v2_p268,0.1503320336341858,1
14956,165,153,5,ps10_v2_p268,0.1503320336341858,1
14957,165,154,5,ps10_v2_p268,0.1503320336341858,1
14958,165,155,5,ps10_v2_p268,0.1503320336341858,1
14959,165,156,5,ps10_v2_p268,0.1503320336341858,1
14960,165,157,5,ps10_v2_p268,0.1503320336341858,1
14961,165,158,5,ps10_v2_p268,0.1503320336341858,1
14962,165,159,5,ps10_v2_p269,0.16750112175941467,1
14963,165,161,5,ps10_v2_p269,0.16750112175941467,1
14964,165,163,5,ps10_v2_p269,0.16750112175941467,1
14965,165,164,5,ps10_v2_p269,0.16750112175941467,1
14966,165,165,5,ps10_v2_p269,0.16750112175941467,1
14967,165,166,5,ps10_v2_p269,0.16750112175941467,1
14968,165,167,5,ps10_v2_p269,0.16750112175941467,1
14969,165,168,5,ps10_v2_p269,0.16750112175941467,1
14970,165,169,5,ps10_v2_p270,0.12257925420999527,1
14971,165,170,5,ps10_v2_p270,0.12257925420999527,1
14972,165,172,5,ps10_v2_p270,0.12257925420999527,1
14973,165,173,5,ps10_v2_p270,0.12257925420999527,1
14974,165,174,5,ps10_v2_p270,0.12257925420999527,1
14975,165,175,5,ps10_v2_p270,0.12257925420999527,1
14976,165,176,5,ps10_v2_p270,0.12257925420999527,1
14977,165,177,5,ps10_v2_p270,0.12257925420999527,1
14978,165,179,5,,,0
14979,165,180,5,,,0
14980,166,47,2,ps10_v2_p088,0.10678738355636597,1
14981,166,48,2,ps10_v2_p088,0.10678738355636597,1
14982,166,49,2,ps10_v2_p088,0.10678738355636597,1
14983,166,50,2,ps10_v2_p089,0.1112881526350975,1
14984,166,52,2,ps10_v2_p089,0.1112881526350975,1
14985,166,53,2,ps10_v2_p089,0.1112881526350975,1
14986,166,54,2,ps10_v2_p089,0.1112881526350975,1
14987,166,59,2,ps10_v2_p089,0.1112881526350975,1
14988,166,60,2,ps10_v2_p090,0.12690052390098572,1
14989,166,63,2,ps10_v2_p090,0.12690052390098572,1
14990,166,64,2,ps10_v2_p090,0.12690052390098572,1
14991,166,65,2,ps10_v2_p090,0.12690052390098572,1
14992,166,66,2,ps10_v2_p090,0.12690052390098572,1
14993,166,67,2,ps10_v2_p090,0.12690052390098572,1
14994,166,68,2,ps10_v2_p090,0.12690052390098572,1
14995,166,69,2,ps10_v2_p090,0.12690052390098572,1
14996,166,77,4,ps10_v2_p212,0.13320870697498322,1
14997,166,78,4,ps10_v2_p212,0.13320870697498322,1
14998,166,80,4,ps10_v2_p212,0.13320870697498322,1
14999,166,81,4,ps10_v2_p213,0.09783928096294403,1
15000,166,82,4,ps10_v2_p213,0.09783928096294403,1
15001,166,83,4,ps10_v2_p213,0.09783928096294403,1
15002,166,84,4,ps10_v2_p213,0.09783928096294403,1
15003,166,85,4,ps10_v2_p213,0.09783928096294403,1
15004,166,86,4,ps10_v2_p213,0.09783928096294403,1
15005,166,87,4,ps10_v2_p213,0.09783928096294403,1
15006,166,88,4,ps10_v2_p213,0.09783928096294403,1
15007,166,89,4,ps10_v2_p213,0.09783928096294403,1
15008,166,90,4,ps10_v2_p213,0.09783928096294403,1
15009,166,91,4,ps10_v2_p214,0.09952374547719955,1
15010,166,92,4,ps10_v2_p214,0.09952374547719955,1
15011,166,93,4,ps10_v2_p214,0.09952374547719955,1
15012,166,94,4,ps10_v2_p214,0.09952374547719955,1
15013,166,95,4,ps10_v2_p214,0.09952374547719955,1
15014,166,96,4,ps10_v2_p214,0.09952374547719955,1
15015,166,97,4,ps10_v2_p214,0.09952374547719955,1
15016,166,98,4,ps10_v2_p214,0.09952374547719955,1
15017,166,99,4,ps10_v2_p214,0.09952374547719955,1
15018,166,100,4,ps10_v2_p214,0.09952374547719955,1
15019,166,101,4,ps10_v2_p215,0.11546315997838974,1
15020,166,102,4,ps10_v2_p215,0.11546315997838974,1
15021,166,103,4,ps10_v2_p215,0.11546315997838974,1
15022,166,104,4,ps10_v2_p215,0.11546315997838974,1
15023,166,105,4,ps10_v2_p215,0.11546315997838974,1
15024,166,106,4,ps10_v2_p215,0.11546315997838974,1
15025,166,107,4,ps10_v2_p215,0.11546315997838974,1
15026,166,108,4,ps10_v2_p215,0.11546315997838974,1
15027,166,109,4,ps10_v2_p215,0.11546315997838974,1
15028,166,110,4,ps10_v2_p215,0.11546315997838974,1
15029,166,111,4,ps10_v2_p216,0.11992339789867401,1
15030,166,113,4,ps10_v2_p216,0.11992339789867401,1
15031,166,114,4,ps10_v2_p216,0.11992339789867401,1
15032,166,115,4,ps10_v2_p216,0.11992339789867401,1
15033,166,116,4,ps10_v2_p216,0.11992339789867401,1
15034,166,123,3,,,0
15035,166,124,3,ps10_v2_p143,0.1530493199825287,1
15036,166,125,3,ps10_v2_p143,0.1530493199825287,1
15037,166,126,3,ps10_v2_p143,0.1530493199825287,1
15038,166,127,3,ps10_v2_p143,0.1530493199825287,1
15039,166,128,3,ps10_v2_p143,0.1530493199825287,1
15040,166,129,3,ps10_v2_p143,0.1530493199825287,1
15041,166,130,3,ps10_v2_p143,0.1530493199825287,1
15042,166,131,3,ps10_v2_p143,0.1530493199825287,1
15043,166,132,3,ps10_v2_p143,0.1530493199825287,1
15044,166,134,3,ps10_v2_p144,0.1343381255865097,1
15045,166,135,3,ps10_v2_p144,0.1343381255865097,1
15046,166,136,3,ps10_v2_p144,0.1343381255865097,1
15047,166,137,3,ps10_v2_p144,0.1343381255865097,1
15048,166,138,3,ps10_v2_p144,0.1343381255865097,1
15049,166,139,3,ps10_v2_p144,0.1343381255865097,1
15050,166,140,5,ps10_v2_p267,0.12293579429388046,1
15051,166,141,5,ps10_v2_p267,0.12293579429388046,1
15052,166,143,5,ps10_v2_p267,0.12293579429388046,1
15053,166,144,5,ps10_v2_p267,0.12293579429388046,1
15054,166,145,5,ps10_v2_p267,0.12293579429388046,1
15055,166,149,5,ps10_v2_p268,0.1503320336341858,1
15056,166,150,5,ps10_v2_p268,0.1503320336341858,1
15057,166,151,5,ps10_v2_p268,0.1503320336341858,1
15058,166,152,5,ps10_v2_p268,0.1503320336341858,1
15059,166,153,5,ps10_v2_p268,0.1503320336341858,1
15060,166,154,5,ps10_v2_p268,0.1503320336341858,1
15061,166,155,5,ps10_v2_p268,0.1503320336341858,1
15062,166,156,5,ps10_v2_p268,0.1503320336341858,1
15063,166,157,5,ps10_v2_p268,0.1503320336341858,1
15064,166,158,5,ps10_v2_p268,0.1503320336341858,1
15065,166,159,5,ps10_v2_p269,0.16750112175941467,1
15066,166,160,5,ps10_v2_p269,0.16750112175941467,1
15067,166,162,5,ps10_v2_p269,0.16750112175941467,1
15068,166,164,5,ps10_v2_p269,0.16750112175941467,1
15069,166,165,5,ps10_v2_p269,0.16750112175941467,1
15070,166,166,5,ps10_v2_p269,0.16750112175941467,1
15071,166,167,5,ps10_v2_p269,0.16750112175941467,1
15072,166,168,5,ps10_v2_p269,0.16750112175941467,1
15073,166,169,5,ps10_v2_p270,0.12257925420999527,1
15074,166,170,5,ps10_v2_p270,0.12257925420999527,1
15075,166,171,5,ps10_v2_p270,0.12257925420999527,1
15076,166,173,5,ps10_v2_p270,0.12257925420999527,1
15077,166,174,5,ps10_v2_p270,0.12257925420999527,1
15078,166,175,5,ps10_v2_p270,0.12257925420999527,1
15079,166,176,5,ps10_v2_p270,0.12257925420999527,1
15080,166,177,5,ps10_v2_p270,0.12257925420999527,1
15081,166,178,5,ps10_v2_p270,0.12257925420999527,1
15082,166,180,5,,,0
15083,167,48,2,ps10_v2_p088,0.10678738355636597,1
15084,167,49,2,ps10_v2_p088,0.10678738355636597,1
15085,167,50,2,ps10_v2_p089,0.1112881526350975,1
15086,167,51,2,ps10_v2_p089,0.1112881526350975,1
15087,167,52,2,ps10_v2_p089,0.1112881526350975,1
15088,167,53,2,ps10_v2_p089,0.1112881526350975,1
15089,167,55,2,ps10_v2_p089,0.1112881526350975,1
15090,167,62,2,ps10_v2_p090,0.12690052390098572,1
15091,167,63,2,ps10_v2_p090,0.12690052390098572,1
15092,167,65,2,ps10_v2_p090,0.12690052390098572,1
15093,167,66,2,ps10_v2_p090,0.12690052390098572,1
15094,167,67,2,ps10_v2_p090,0.12690052390098572,1
15095,167,68,2,ps10_v2_p090,0.12690052390098572,1
15096,167,71,4,ps10_v2_p212,0.13320870697498322,1
15097,167,80,4,ps10_v2_p212,0.13320870697498322,1
15098,167,81,4,ps10_v2_p213,0.09783928096294403,1
15099,167,82,4,ps10_v2_p213,0.09783928096294403,1
15100,167,83,4,ps10_v2_p213,0.09783928096294403,1
15101,167,84,4,ps10_v2_p213,0.09783928096294403,1
15102,167,85,4,ps10_v2_p213,0.09783928096294403,1
15103,167,86,4,ps10_v2_p213,0.09783928096294403,1
15104,167,87,4,ps10_v2_p213,0.09783928096294403,1
15105,167,88,4,ps10_v2_p213,0.09783928096294403,1
15106,167,89,4,ps10_v2_p213,0.09783928096294403,1
15107,167,90,4,ps10_v2_p213,0.09783928096294403,1
15108,167,91,4,ps10_v2_p214,0.09952374547719955,1
15109,167,92,4,ps10_v2_p214,0.09952374547719955,1
15110,167,93,4,ps10_v2_p214,0.09952374547719955,1
15111,167,94,4,ps10_v2_p214,0.09952374547719955,1
15112,167,95,4,ps10_v2_p214,0.09952374547719955,1
15113,167,96,4,ps10_v2_p214,0.09952374547719955,1
15114,167,97,4,ps10_v2_p214,0.09952374547719955,1
15115,167,98,4,ps10_v2_p214,0.09952374547719955,1
15116,167,99,4,ps10_v2_p214,0.09952374547719955,1
15117,167,100,4,ps10_v2_p214,0.09952374547719955,1
15118,167,101,4,ps10_v2_p215,0.11546315997838974,1
15119,167,102,4,ps10_v2_p215,0.11546315997838974,1
15120,167,103,4,ps10_v2_p215,0.11546315997838974,1
15121,167,104,4,ps10_v2_p215,0.11546315997838974,1
15122,167,105,4,ps10_v2_p215,0.11546315997838974,1
15123,167,106,4,ps10_v2_p215,0.11546315997838974,1
15124,167,107,4,ps10_v2_p215,0.11546315997838974,1
15125,167,110,4,ps10_v2_p215,0.11546315997838974,1
15126,167,111,4,ps10_v2_p216,0.11992339789867401,1
15127,167,112,4,ps10_v2_p216,0.11992339789867401,1
15128,167,113,4,ps10_v2_p216,0.11992339789867401,1
15129,167,114,4,ps10_v2_p216,0.11992339789867401,1
15130,167,115,4,ps10_v2_p216,0.11992339789867401,1
15131,167,124,3,ps10_v2_p143,0.1530493199825287,1
15132,167,125,3,ps10_v2_p143,0.1530493199825287,1
15133,167,126,3,ps10_v2_p143,0.1530493199825287,1
15134,167,127,3,ps10_v2_p143,0.1530493199825287,1
15135,167,128,3,ps10_v2_p143,0.1530493199825287,1
15136,167,129,3,ps10_v2_p143,0.1530493199825287,1
15137,167,130,3,ps10_v2_p143,0.1530493199825287,1
15138,167,131,3,ps10_v2_p143,0.1530493199825287,1
15139,167,132,3,ps10_v2_p143,0.1530493199825287,1
15140,167,133,3,ps10_v2_p143,0.1530493199825287,1
15141,167,134,3,ps10_v2_p144,0.1343381255865097,1
15142,167,135,3,ps10_v2_p144,0.1343381255865097,1
15143,167,136,3,ps10_v2_p144,0.1343381255865097,1
15144,167,137,3,ps10_v2_p144,0.1343381255865097,1
15145,167,138,3,ps10_v2_p144,0.1343381255865097,1
15146,167,139,5,ps10_v2_p267,0.12293579429388046,1
15147,167,140,5,ps10_v2_p267,0.12293579429388046,1
15148,167,142,5,ps10_v2_p267,0.12293579429388046,1
15149,167,143,5,ps10_v2_p267,0.12293579429388046,1
15150,167,144,5,ps10_v2_p267,0.12293579429388046,1
15151,167,148,5,ps10_v2_p267,0.12293579429388046,1
15152,167,149,5,ps10_v2_p268,0.1503320336341858,1
15153,167,150,5,ps10_v2_p268,0.1503320336341858,1
15154,167,151,5,ps10_v2_p268,0.1503320336341858,1
15155,167,152,5,ps10_v2_p268,0.1503320336341858,1
15156,167,153,5,ps10_v2_p268,0.1503320336341858,1
15157,167,154,5,ps10_v2_p268,0.1503320336341858,1
15158,167,155,5,ps10_v2_p268,0.1503320336341858,1
15159,167,156,5,ps10_v2_p268,0.1503320336341858,1
15160,167,157,5,ps10_v2_p268,0.1503320336341858,1
15161,167,158,5,ps10_v2_p268,0.1503320336341858,1
15162,167,159,5,ps10_v2_p269,0.16750112175941467,1
15163,167,160,5,ps10_v2_p269,0.16750112175941467,1
15164,167,161,5,ps10_v2_p269,0.16750112175941467,1
15165,167,163,5,ps10_v2_p269,0.16750112175941467,1
15166,167,165,5,ps10_v2_p269,0.16750112175941467,1
15167,167,166,5,ps10_v2_p269,0.16750112175941467,1
15168,167,167,5,ps10_v2_p269,0.16750112175941467,1
15169,167,168,5,ps10_v2_p269,0.16750112175941467,1
15170,167,169,5,ps10_v2_p270,0.12257925420999527,1
15171,167,170,5,ps10_v2_p270,0.12257925420999527,1
15172,167,171,5,ps10_v2_p270,0.12257925420999527,1
15173,167,172,5,ps10_v2_p270,0.12257925420999527,1
15174,167,174,5,ps10_v2_p270,0.12257925420999527,1
15175,167,175,5,ps10_v2_p270,0.12257925420999527,1
15176,167,176,5,ps10_v2_p270,0.12257925420999527,1
15177,167,177,5,ps10_v2_p270,0.12257925420999527,1
15178,167,178,5,ps10_v2_p270,0.12257925420999527,1
15179,167,179,5,,,0
15180,168,49,2,ps10_v2_p088,0.10678738355636597,1
15181,168,50,2,ps10_v2_p089,0.1112881526350975,1
15182,168,52,2,ps10_v2_p089,0.1112881526350975,1
15183,168,53,2,ps10_v2_p089,0.1112881526350975,1
15184,168,61,2,ps10_v2_p090,0.12690052390098572,1
15185,168,62,2,ps10_v2_p090,0.12690052390098572,1
15186,168,64,2,ps10_v2_p090,0.12690052390098572,1
15187,168,65,2,ps10_v2_p090,0.12690052390098572,1
15188,168,66,2,ps10_v2_p090,0.12690052390098572,1
15189,168,67,2,ps10_v2_p090,0.12690052390098572,1
15190,168,70,2,,,0
15191,168,82,4,ps10_v2_p213,0.09783928096294403,1
15192,168,83,4,ps10_v2_p213,0.09783928096294403,1
15193,168,84,4,ps10_v2_p213,0.09783928096294403,1
15194,168,85,4,ps10_v2_p213,0.09783928096294403,1
15195,168,86,4,ps10_v2_p213,0.09783928096294403,1
15196,168,87,4,ps10_v2_p213,0.09783928096294403,1
15197,168,88,4,ps10_v2_p213,0.09783928096294403,1
15198,168,89,4,ps10_v2_p213,0.09783928096294403,1
15199,168,90,4,ps10_v2_p213,0.09783928096294403,1
15200,168,91,4,ps10_v2_p214,0.09952374547719955,1
15201,168,92,4,ps10_v2_p214,0.09952374547719955,1
15202,168,93,4,ps10_v2_p214,0.09952374547719955,1
15203,168,94,4,ps10_v2_p214,0.09952374547719955,1
15204,168,95,4,ps10_v2_p214,0.09952374547719955,1
15205,168,96,4,ps10_v2_p214,0.09952374547719955,1
15206,168,97,4,ps10_v2_p214,0.09952374547719955,1
15207,168,98,4,ps10_v2_p214,0.09952374547719955,1
15208,168,99,4,ps10_v2_p214,0.09952374547719955,1
15209,168,100,4,ps10_v2_p214,0.09952374547719955,1
15210,168,101,4,ps10_v2_p215,0.11546315997838974,1
15211,168,102,4,ps10_v2_p215,0.11546315997838974,1
15212,168,103,4,ps10_v2_p215,0.11546315997838974,1
15213,168,104,4,ps10_v2_p215,0.11546315997838974,1
15214,168,105,4,ps10_v2_p215,0.11546315997838974,1
15215,168,106,4,ps10_v2_p215,0.11546315997838974,1
15216,168,108,4,ps10_v2_p215,0.11546315997838974,1
15217,168,111,4,ps10_v2_p216,0.11992339789867401,1
15218,168,112,4,ps10_v2_p216,0.11992339789867401,1
15219,168,113,4,ps10_v2_p216,0.11992339789867401,1
15220,168,114,4,ps10_v2_p216,0.11992339789867401,1
15221,168,123,3,,,0
15222,168,124,3,ps10_v2_p143,0.1530493199825287,1
15223,168,125,3,ps10_v2_p143,0.1530493199825287,1
15224,168,126,3,ps10_v2_p143,0.1530493199825287,1
15225,168,127,3,ps10_v2_p143,0.1530493199825287,1
15226,168,128,3,ps10_v2_p143,0.1530493199825287,1
15227,168,129,3,ps10_v2_p143,0.1530493199825287,1
15228,168,130,3,ps10_v2_p143,0.1530493199825287,1
15229,168,131,3,ps10_v2_p143,0.1530493199825287,1
15230,168,132,3,ps10_v2_p143,0.1530493199825287,1
15231,168,133,3,ps10_v2_p143,0.1530493199825287,1
15232,168,134,3,ps10_v2_p144,0.1343381255865097,1
15233,168,135,3,ps10_v2_p144,0.1343381255865097,1
15234,168,136,3,ps10_v2_p144,0.1343381255865097,1
15235,168,137,3,ps10_v2_p144,0.1343381255865097,1
15236,168,138,5,,,0
15237,168,141,5,ps10_v2_p267,0.12293579429388046,1
15238,168,142,5,ps10_v2_p267,0.12293579429388046,1
15239,168,143,5,ps10_v2_p267,0.12293579429388046,1
15240,168,147,5,ps10_v2_p267,0.12293579429388046,1
15241,168,148,5,ps10_v2_p267,0.12293579429388046,1
15242,168,149,5,ps10_v2_p268,0.1503320336341858,1
15243,168,150,5,ps10_v2_p268,0.1503320336341858,1
15244,168,151,5,ps10_v2_p268,0.1503320336341858,1
15245,168,152,5,ps10_v2_p268,0.1503320336341858,1
15246,168,153,5,ps10_v2_p268,0.1503320336341858,1
15247,168,154,5,ps10_v2_p268,0.1503320336341858,1
15248,168,155,5,ps10_v2_p268,0.1503320336341858,1
15249,168,156,5,ps10_v2_p268,0.1503320336341858,1
15250,168,157,5,ps10_v2_p268,0.1503320336341858,1
15251,168,158,5,ps10_v2_p268,0.1503320336341858,1
15252,168,159,5,ps10_v2_p269,0.16750112175941467,1
15253,168,160,5,ps10_v2_p269,0.16750112175941467,1
15254,168,161,5,ps10_v2_p269,0.16750112175941467,1
15255,168,162,5,ps10_v2_p269,0.16750112175941467,1
15256,168,163,5,ps10_v2_p269,0.16750112175941467,1
15257,168,164,5,ps10_v2_p269,0.16750112175941467,1
15258,168,166,5,ps10_v2_p269,0.16750112175941467,1
15259,168,167,5,ps10_v2_p269,0.16750112175941467,1
15260,168,168,5,ps10_v2_p269,0.16750112175941467,1
15261,168,169,5,ps10_v2_p270,0.12257925420999527,1
15262,168,170,5,ps10_v2_p270,0.12257925420999527,1
15263,168,171,5,ps10_v2_p270,0.12257925420999527,1
15264,168,172,5,ps10_v2_p270,0.12257925420999527,1
15265,168,173,5,ps10_v2_p270,0.12257925420999527,1
15266,168,175,5,ps10_v2_p270,0.12257925420999527,1
15267,168,176,5,ps10_v2_p270,0.12257925420999527,1
15268,168,177,5,ps10_v2_p270,0.12257925420999527,1
15269,168,178,5,ps10_v2_p270,0.12257925420999527,1
15270,169,51,2,ps10_v2_p089,0.1112881526350975,1
15271,169,52,2,ps10_v2_p089,0.1112881526350975,1
15272,169,62,2,ps10_v2_p090,0.12690052390098572,1
15273,169,63,2,ps10_v2_p090,0.12690052390098572,1
15274,169,64,2,ps10_v2_p090,0.12690052390098572,1
15275,169,65,2,ps10_v2_p090,0.12690052390098572,1
15276,169,66,2,ps10_v2_p090,0.12690052390098572,1
15277,169,69,2,ps10_v2_p090,0.12690052390098572,1
15278,169,82,4,ps10_v2_p213,0.09783928096294403,1
15279,169,83,4,ps10_v2_p213,0.09783928096294403,1
15280,169,84,4,ps10_v2_p213,0.09783928096294403,1
15281,169,85,4,ps10_v2_p213,0.09783928096294403,1
15282,169,86,4,ps10_v2_p213,0.09783928096294403,1
15283,169,87,4,ps10_v2_p213,0.09783928096294403,1
15284,169,88,4,ps10_v2_p213,0.09783928096294403,1
15285,169,89,4,ps10_v2_p213,0.09783928096294403,1
15286,169,90,4,ps10_v2_p213,0.09783928096294403,1
15287,169,91,4,ps10_v2_p214,0.09952374547719955,1
15288,169,92,4,ps10_v2_p214,0.09952374547719955,1
15289,169,93,4,ps10_v2_p214,0.09952374547719955,1
15290,169,94,4,ps10_v2_p214,0.09952374547719955,1
15291,169,95,4,ps10_v2_p214,0.09952374547719955,1
15292,169,96,4,ps10_v2_p214,0.09952374547719955,1
15293,169,97,4,ps10_v2_p214,0.09952374547719955,1
15294,169,98,4,ps10_v2_p214,0.09952374547719955,1
15295,169,99,4,ps10_v2_p214,0.09952374547719955,1
15296,169,100,4,ps10_v2_p214,0.09952374547719955,1
15297,169,101,4,ps10_v2_p215,0.11546315997838974,1
15298,169,102,4,ps10_v2_p215,0.11546315997838974,1
15299,169,103,4,ps10_v2_p215,0.11546315997838974,1
15300,169,104,4,ps10_v2_p215,0.11546315997838974,1
15301,169,105,4,ps10_v2_p215,0.11546315997838974,1
15302,169,106,4,ps10_v2_p215,0.11546315997838974,1
15303,169,107,4,ps10_v2_p215,0.11546315997838974,1
15304,169,108,4,ps10_v2_p215,0.11546315997838974,1
15305,169,109,4,ps10_v2_p215,0.11546315997838974,1
15306,169,111,4,ps10_v2_p216,0.11992339789867401,1
15307,169,112,4,ps10_v2_p216,0.11992339789867401,1
15308,169,113,4,ps10_v2_p216,0.11992339789867401,1
15309,169,123,3,,,0
15310,169,124,3,ps10_v2_p143,0.1530493199825287,1
15311,169,125,3,ps10_v2_p143,0.1530493199825287,1
15312,169,126,3,ps10_v2_p143,0.1530493199825287,1
15313,169,127,3,ps10_v2_p143,0.1530493199825287,1
15314,169,128,3,ps10_v2_p143,0.1530493199825287,1
15315,169,129,3,ps10_v2_p143,0.1530493199825287,1
15316,169,130,3,ps10_v2_p143,0.1530493199825287,1
15317,169,131,3,ps10_v2_p143,0.1530493199825287,1
15318,169,132,3,ps10_v2_p143,0.1530493199825287,1
15319,169,133,3,ps10_v2_p143,0.1530493199825287,1
15320,169,134,3,ps10_v2_p144,0.1343381255865097,1
15321,169,135,3,ps10_v2_p144,0.1343381255865097,1
15322,169,136,3,ps10_v2_p144,0.1343381255865097,1
15323,169,137,3,ps10_v2_p144,0.1343381255865097,1
15324,169,140,5,ps10_v2_p267,0.12293579429388046,1
15325,169,141,5,ps10_v2_p267,0.12293579429388046,1
15326,169,142,5,ps10_v2_p267,0.12293579429388046,1
15327,169,146,5,ps10_v2_p267,0.12293579429388046,1
15328,169,148,5,ps10_v2_p267,0.12293579429388046,1
15329,169,150,5,ps10_v2_p268,0.1503320336341858,1
15330,169,151,5,ps10_v2_p268,0.1503320336341858,1
15331,169,152,5,ps10_v2_p268,0.1503320336341858,1
15332,169,154,5,ps10_v2_p268,0.1503320336341858,1
15333,169,155,5,ps10_v2_p268,0.1503320336341858,1
15334,169,156,5,ps10_v2_p268,0.1503320336341858,1
15335,169,157,5,ps10_v2_p268,0.1503320336341858,1
15336,169,158,5,ps10_v2_p268,0.1503320336341858,1
15337,169,159,5,ps10_v2_p269,0.16750112175941467,1
15338,169,160,5,ps10_v2_p269,0.16750112175941467,1
15339,169,161,5,ps10_v2_p269,0.16750112175941467,1
15340,169,162,5,ps10_v2_p269,0.16750112175941467,1
15341,169,163,5,ps10_v2_p269,0.16750112175941467,1
15342,169,164,5,ps10_v2_p269,0.16750112175941467,1
15343,169,165,5,ps10_v2_p269,0.16750112175941467,1
15344,169,167,5,ps10_v2_p269,0.16750112175941467,1
15345,169,169,5,ps10_v2_p270,0.12257925420999527,1
15346,169,170,5,ps10_v2_p270,0.12257925420999527,1
15347,169,171,5,ps10_v2_p270,0.12257925420999527,1
15348,169,172,5,ps10_v2_p270,0.12257925420999527,1
15349,169,173,5,ps10_v2_p270,0.12257925420999527,1
15350,169,174,5,ps10_v2_p270,0.12257925420999527,1
15351,169,176,5,ps10_v2_p270,0.12257925420999527,1
15352,169,177,5,ps10_v2_p270,0.12257925420999527,1
15353,170,43,2,ps10_v2_p088,0.10678738355636597,1
15354,170,51,2,ps10_v2_p089,0.1112881526350975,1
15355,170,55,2,ps10_v2_p089,0.1112881526350975,1
15356,170,56,2,ps10_v2_p089,0.1112881526350975,1
15357,170,57,2,ps10_v2_p089,0.1112881526350975,1
15358,170,59,2,ps10_v2_p089,0.1112881526350975,1
15359,170,61,2,ps10_v2_p090,0.12690052390098572,1
15360,170,65,2,ps10_v2_p090,0.12690052390098572,1
15361,170,72,4,ps10_v2_p212,0.13320870697498322,1
15362,170,75,4,ps10_v2_p212,0.13320870697498322,1
15363,170,76,4,ps10_v2_p212,0.13320870697498322,1
15364,170,81,4,ps10_v2_p213,0.09783928096294403,1
15365,170,82,4,ps10_v2_p213,0.09783928096294403,1
15366,170,83,4,ps10_v2_p213,0.09783928096294403,1
15367,170,84,4,ps10_v2_p213,0.09783928096294403,1
15368,170,85,4,ps10_v2_p213,0.09783928096294403,1
15369,170,86,4,ps10_v2_p213,0.09783928096294403,1
15370,170,87,4,ps10_v2_p213,0.09783928096294403,1
15371,170,88,4,ps10_v2_p213,0.09783928096294403,1
15372,170,91,4,ps10_v2_p214,0.09952374547719955,1
15373,170,92,4,ps10_v2_p214,0.09952374547719955,1
15374,170,93,4,ps10_v2_p214,0.09952374547719955,1
15375,170,94,4,ps10_v2_p214,0.09952374547719955,1
15376,170,95,4,ps10_v2_p214,0.09952374547719955,1
15377,170,97,4,ps10_v2_p214,0.09952374547719955,1
15378,170,98,4,ps10_v2_p214,0.09952374547719955,1
15379,170,99,4,ps10_v2_p214,0.09952374547719955,1
15380,170,100,4,ps10_v2_p214,0.09952374547719955,1
15381,170,101,4,ps10_v2_p215,0.11546315997838974,1
15382,170,102,4,ps10_v2_p215,0.11546315997838974,1
15383,170,103,4,ps10_v2_p215,0.11546315997838974,1
15384,170,104,4,ps10_v2_p215,0.11546315997838974,1
15385,170,105,4,ps10_v2_p215,0.11546315997838974,1
15386,170,106,4,ps10_v2_p215,0.11546315997838974,1
15387,170,107,4,ps10_v2_p215,0.11546315997838974,1
15388,170,108,4,ps10_v2_p215,0.11546315997838974,1
15389,170,109,4,ps10_v2_p215,0.11546315997838974,1
15390,170,110,4,ps10_v2_p215,0.11546315997838974,1
15391,170,111,4,ps10_v2_p216,0.11992339789867401,1
15392,170,112,4,ps10_v2_p216,0.11992339789867401,1
15393,170,123,3,ps10_v2_p145,0.15707139670848846,1
15394,170,124,3,ps10_v2_p146,0.14209581911563873,1
15395,170,125,3,ps10_v2_p146,0.14209581911563873,1
15396,170,126,3,ps10_v2_p146,0.14209581911563873,1
15397,170,127,3,ps10_v2_p146,0.14209581911563873,1
15398,170,128,3,ps10_v2_p146,0.14209581911563873,1
15399,170,129,3,ps10_v2_p146,0.14209581911563873,1
15400,170,130,3,ps10_v2_p146,0.14209581911563873,1
15401,170,131,3,ps10_v2_p146,0.14209581911563873,1
15402,170,132,3,ps10_v2_p146,0.14209581911563873,1
15403,170,133,3,ps10_v2_p146,0.14209581911563873,1
15404,170,134,3,,,0
15405,170,135,3,,,0
15406,170,136,3,,,0
15407,170,139,5,ps10_v2_p267,0.12293579429388046,1
15408,170,141,5,ps10_v2_p267,0.12293579429388046,1
15409,170,145,5,ps10_v2_p267,0.12293579429388046,1
15410,170,147,5,ps10_v2_p267,0.12293579429388046,1
15411,170,149,5,ps10_v2_p268,0.1503320336341858,1
15412,170,151,5,ps10_v2_p268,0.1503320336341858,1
15413,170,153,5,ps10_v2_p268,0.1503320336341858,1
15414,170,155,5,ps10_v2_p268,0.1503320336341858,1
15415,170,156,5,ps10_v2_p268,0.1503320336341858,1
15416,170,157,5,ps10_v2_p268,0.1503320336341858,1
15417,170,158,5,ps10_v2_p268,0.1503320336341858,1
15418,170,159,5,ps10_v2_p269,0.16750112175941467,1
15419,170,160,5,ps10_v2_p269,0.16750112175941467,1
15420,170,161,5,ps10_v2_p269,0.16750112175941467,1
15421,170,162,5,ps10_v2_p269,0.16750112175941467,1
15422,170,163,5,ps10_v2_p269,0.16750112175941467,1
15423,170,164,5,ps10_v2_p269,0.16750112175941467,1
15424,170,165,5,ps10_v2_p269,0.16750112175941467,1
15425,170,166,5,ps10_v2_p269,0.16750112175941467,1
15426,170,168,5,ps10_v2_p269,0.16750112175941467,1
15427,170,170,5,ps10_v2_p270,0.12257925420999527,1
15428,170,171,5,ps10_v2_p270,0.12257925420999527,1
15429,170,172,5,ps10_v2_p270,0.12257925420999527,1
15430,170,173,5,ps10_v2_p270,0.12257925420999527,1
15431,170,174,5,ps10_v2_p270,0.12257925420999527,1
15432,170,175,5,ps10_v2_p270,0.12257925420999527,1
15433,171,42,2,ps10_v2_p088,0.10678738355636597,1
15434,171,43,2,ps10_v2_p088,0.10678738355636597,1
15435,171,52,2,ps10_v2_p089,0.1112881526350975,1
15436,171,53,2,ps10_v2_p089,0.1112881526350975,1
15437,171,54,2,ps10_v2_p089,0.1112881526350975,1
15438,171,56,2,ps10_v2_p089,0.1112881526350975,1
15439,171,58,2,ps10_v2_p089,0.1112881526350975,1
15440,171,60,2,ps10_v2_p090,0.12690052390098572,1
15441,171,62,2,ps10_v2_p090,0.12690052390098572,1
15442,171,68,2,ps10_v2_p090,0.12690052390098572,1
15443,171,71,4,ps10_v2_p212,0.13320870697498322,1
15444,171,72,4,ps10_v2_p212,0.13320870697498322,1
15445,171,74,4,ps10_v2_p212,0.13320870697498322,1
15446,171,75,4,ps10_v2_p212,0.13320870697498322,1
15447,171,81,4,ps10_v2_p213,0.09783928096294403,1
15448,171,82,4,ps10_v2_p213,0.09783928096294403,1
15449,171,83,4,ps10_v2_p213,0.09783928096294403,1
15450,171,84,4,ps10_v2_p213,0.09783928096294403,1
15451,171,85,4,ps10_v2_p213,0.09783928096294403,1
15452,171,86,4,ps10_v2_p213,0.09783928096294403,1
15453,171,87,4,ps10_v2_p213,0.09783928096294403,1
15454,171,88,4,ps10_v2_p213,0.09783928096294403,1
15455,171,89,4,ps10_v2_p213,0.09783928096294403,1
15456,171,91,4,ps10_v2_p214,0.09952374547719955,1
15457,171,93,4,ps10_v2_p214,0.09952374547719955,1
15458,171,94,4,ps10_v2_p214,0.09952374547719955,1
15459,171,95,4,ps10_v2_p214,0.09952374547719955,1
15460,171,96,4,ps10_v2_p214,0.09952374547719955,1
15461,171,97,4,ps10_v2_p214,0.09952374547719955,1
15462,171,98,4,ps10_v2_p214,0.09952374547719955,1
15463,171,99,4,ps10_v2_p214,0.09952374547719955,1
15464,171,100,4,ps10_v2_p214,0.09952374547719955,1
15465,171,102,4,ps10_v2_p215,0.11546315997838974,1
15466,171,103,4,ps10_v2_p215,0.11546315997838974,1
15467,171,104,4,ps10_v2_p215,0.11546315997838974,1
15468,171,105,4,ps10_v2_p215,0.11546315997838974,1
15469,171,106,4,ps10_v2_p215,0.11546315997838974,1
15470,171,107,4,ps10_v2_p215,0.11546315997838974,1
15471,171,108,4,ps10_v2_p215,0.11546315997838974,1
15472,171,109,4,ps10_v2_p215,0.11546315997838974,1
15473,171,110,4,ps10_v2_p215,0.11546315997838974,1
15474,171,122,3,ps10_v2_p145,0.15707139670848846,1
15475,171,123,3,ps10_v2_p145,0.15707139670848846,1
15476,171,124,3,ps10_v2_p146,0.14209581911563873,1
15477,171,125,3,ps10_v2_p146,0.14209581911563873,1
15478,171,126,3,ps10_v2_p146,0.14209581911563873,1
15479,171,127,3,ps10_v2_p146,0.14209581911563873,1
15480,171,128,3,ps10_v2_p146,0.14209581911563873,1
15481,171,129,3,ps10_v2_p146,0.14209581911563873,1
15482,171,130,3,ps10_v2_p146,0.14209581911563873,1
15483,171,131,3,ps10_v2_p146,0.14209581911563873,1
15484,171,132,3,ps10_v2_p146,0.14209581911563873,1
15485,171,133,3,ps10_v2_p146,0.14209581911563873,1
15486,171,134,3,,,0
15487,171,135,3,,,0
15488,171,136,5,,,0
15489,171,138,5,,,0
15490,171,140,5,ps10_v2_p267,0.12293579429388046,1
15491,171,144,5,ps10_v2_p267,0.12293579429388046,1
15492,171,145,5,ps10_v2_p267,0.12293579429388046,1
15493,171,146,5,ps10_v2_p267,0.12293579429388046,1
15494,171,147,5,ps10_v2_p267,0.12293579429388046,1
15495,171,148,5,ps10_v2_p267,0.12293579429388046,1
15496,171,149,5,ps10_v2_p268,0.1503320336341858,1
15497,171,150,5,ps10_v2_p268,0.1503320336341858,1
15498,171,151,5,ps10_v2_p268,0.1503320336341858,1
15499,171,152,5,ps10_v2_p268,0.1503320336341858,1
15500,171,154,5,ps10_v2_p268,0.1503320336341858,1
15501,171,156,5,ps10_v2_p268,0.1503320336341858,1
15502,171,158,5,ps10_v2_p268,0.1503320336341858,1
15503,171,159,5,ps10_v2_p269,0.16750112175941467,1
15504,171,160,5,ps10_v2_p269,0.16750112175941467,1
15505,171,161,5,ps10_v2_p269,0.16750112175941467,1
15506,171,162,5,ps10_v2_p269,0.16750112175941467,1
15507,171,163,5,ps10_v2_p269,0.16750112175941467,1
15508,171,164,5,ps10_v2_p269,0.16750112175941467,1
15509,171,165,5,ps10_v2_p269,0.16750112175941467,1
15510,171,166,5,ps10_v2_p269,0.16750112175941467,1
15511,171,167,5,ps10_v2_p269,0.16750112175941467,1
15512,171,169,5,ps10_v2_p270,0.12257925420999527,1
15513,171,171,5,ps10_v2_p270,0.12257925420999527,1
15514,171,172,5,ps10_v2_p270,0.12257925420999527,1
15515,171,173,5,ps10_v2_p270,0.12257925420999527,1
15516,171,174,5,ps10_v2_p270,0.12257925420999527,1
15517,171,175,5,ps10_v2_p270,0.12257925420999527,1
15518,171,176,5,ps10_v2_p270,0.12257925420999527,1
15519,172,51,2,ps10_v2_p089,0.1112881526350975,1
15520,172,53,2,ps10_v2_p089,0.1112881526350975,1
15521,172,54,2,ps10_v2_p089,0.1112881526350975,1
15522,172,55,2,ps10_v2_p089,0.1112881526350975,1
15523,172,56,2,ps10_v2_p089,0.1112881526350975,1
15524,172,57,2,ps10_v2_p089,0.1112881526350975,1
15525,172,62,2,ps10_v2_p090,0.12690052390098572,1
15526,172,63,2,ps10_v2_p090,0.12690052390098572,1
15527,172,67,2,ps10_v2_p090,0.12690052390098572,1
15528,172,68,2,ps10_v2_p090,0.12690052390098572,1
15529,172,69,2,ps10_v2_p090,0.12690052390098572,1
15530,172,70,2,,,0
15531,172,71,4,ps10_v2_p212,0.13320870697498322,1
15532,172,74,4,ps10_v2_p212,0.13320870697498322,1
15533,172,75,4,ps10_v2_p212,0.13320870697498322,1
15534,172,81,4,ps10_v2_p213,0.09783928096294403,1
15535,172,83,4,ps10_v2_p213,0.09783928096294403,1
15536,172,84,4,ps10_v2_p213,0.09783928096294403,1
15537,172,85,4,ps10_v2_p213,0.09783928096294403,1
15538,172,86,4,ps10_v2_p213,0.09783928096294403,1
15539,172,87,4,ps10_v2_p213,0.09783928096294403,1
15540,172,88,4,ps10_v2_p213,0.09783928096294403,1
15541,172,89,4,ps10_v2_p213,0.09783928096294403,1
15542,172,90,4,ps10_v2_p213,0.09783928096294403,1
15543,172,92,4,ps10_v2_p214,0.09952374547719955,1
15544,172,93,4,ps10_v2_p214,0.09952374547719955,1
15545,172,94,4,ps10_v2_p214,0.09952374547719955,1
15546,172,95,4,ps10_v2_p214,0.09952374547719955,1
15547,172,96,4,ps10_v2_p214,0.09952374547719955,1
15548,172,97,4,ps10_v2_p214,0.09952374547719955,1
15549,172,98,4,ps10_v2_p214,0.09952374547719955,1
15550,172,99,4,ps10_v2_p214,0.09952374547719955,1
15551,172,100,4,ps10_v2_p214,0.09952374547719955,1
15552,172,101,4,ps10_v2_p215,0.11546315997838974,1
15553,172,103,4,ps10_v2_p215,0.11546315997838974,1
15554,172,104,4,ps10_v2_p215,0.11546315997838974,1
15555,172,105,4,ps10_v2_p215,0.11546315997838974,1
15556,172,106,4,ps10_v2_p215,0.11546315997838974,1
15557,172,107,4,ps10_v2_p215,0.11546315997838974,1
15558,172,108,4,ps10_v2_p215,0.11546315997838974,1
15559,172,109,4,ps10_v2_p215,0.11546315997838974,1
15560,172,110,4,ps10_v2_p215,0.11546315997838974,1
15561,172,111,4,ps10_v2_p216,0.11992339789867401,1
15562,172,121,3,ps10_v2_p145,0.15707139670848846,1
15563,172,122,3,ps10_v2_p145,0.15707139670848846,1
15564,172,123,3,ps10_v2_p145,0.15707139670848846,1
15565,172,124,3,ps10_v2_p146,0.14209581911563873,1
15566,172,125,3,ps10_v2_p146,0.14209581911563873,1
15567,172,126,3,ps10_v2_p146,0.14209581911563873,1
15568,172,127,3,ps10_v2_p146,0.14209581911563873,1
15569,172,128,3,ps10_v2_p146,0.14209581911563873,1
15570,172,129,3,ps10_v2_p146,0.14209581911563873,1
15571,172,130,3,ps10_v2_p146,0.14209581911563873,1
15572,172,131,3,ps10_v2_p146,0.14209581911563873,1
15573,172,132,3,ps10_v2_p146,0.14209581911563873,1
15574,172,133,3,ps10_v2_p146,0.14209581911563873,1
15575,172,134,3,,,0
15576,172,135,3,,,0
15577,172,137,5,,,0
15578,172,139,5,ps10_v2_p267,0.12293579429388046,1
15579,172,143,5,ps10_v2_p267,0.12293579429388046,1
15580,172,144,5,ps10_v2_p267,0.12293579429388046,1
15581,172,145,5,ps10_v2_p267,0.12293579429388046,1
15582,172,146,5,ps10_v2_p267,0.12293579429388046,1
15583,172,147,5,ps10_v2_p267,0.12293579429388046,1
15584,172,148,5,ps10_v2_p267,0.12293579429388046,1
15585,172,149,5,ps10_v2_p268,0.1503320336341858,1
15586,172,150,5,ps10_v2_p268,0.1503320336341858,1
15587,172,151,5,ps10_v2_p268,0.1503320336341858,1
15588,172,152,5,ps10_v2_p268,0.1503320336341858,1
15589,172,153,5,ps10_v2_p268,0.1503320336341858,1
15590,172,154,5,ps10_v2_p268,0.1503320336341858,1
15591,172,155,5,ps10_v2_p268,0.1503320336341858,1
15592,172,157,5,ps10_v2_p268,0.1503320336341858,1
15593,172,159,5,ps10_v2_p269,0.16750112175941467,1
15594,172,161,5,ps10_v2_p269,0.16750112175941467,1
15595,172,162,5,ps10_v2_p269,0.16750112175941467,1
15596,172,163,5,ps10_v2_p269,0.16750112175941467,1
15597,172,164,5,ps10_v2_p269,0.16750112175941467,1
15598,172,165,5,ps10_v2_p269,0.16750112175941467,1
15599,172,166,5,ps10_v2_p269,0.16750112175941467,1
15600,172,167,5,ps10_v2_p269,0.16750112175941467,1
15601,172,168,5,ps10_v2_p269,0.16750112175941467,1
15602,172,170,5,ps10_v2_p270,0.12257925420999527,1
15603,172,172,5,ps10_v2_p270,0.12257925420999527,1
15604,172,173,5,ps10_v2_p270,0.12257925420999527,1
15605,172,174,5,ps10_v2_p270,0.12257925420999527,1
15606,172,175,5,ps10_v2_p270,0.12257925420999527,1
15607,173,41,2,ps10_v2_p088,0.10678738355636597,1
15608,173,53,2,ps10_v2_p089,0.1112881526350975,1
15609,173,54,2,ps10_v2_p089,0.1112881526350975,1
15610,173,55,2,ps10_v2_p089,0.1112881526350975,1
15611,173,56,2,ps10_v2_p089,0.1112881526350975,1
15612,173,58,2,ps10_v2_p089,0.1112881526350975,1
15613,173,61,2,ps10_v2_p090,0.12690052390098572,1
15614,173,62,2,ps10_v2_p090,0.12690052390098572,1
15615,173,67,2,ps10_v2_p090,0.12690052390098572,1
15616,173,68,2,ps10_v2_p090,0.12690052390098572,1
15617,173,73,4,ps10_v2_p212,0.13320870697498322,1
15618,173,75,4,ps10_v2_p212,0.13320870697498322,1
15619,173,76,4,ps10_v2_p212,0.13320870697498322,1
15620,173,82,4,ps10_v2_p213,0.09783928096294403,1
15621,173,83,4,ps10_v2_p213,0.09783928096294403,1
15622,173,84,4,ps10_v2_p213,0.09783928096294403,1
15623,173,85,4,ps10_v2_p213,0.09783928096294403,1
15624,173,86,4,ps10_v2_p213,0.09783928096294403,1
15625,173,87,4,ps10_v2_p213,0.09783928096294403,1
15626,173,88,4,ps10_v2_p213,0.09783928096294403,1
15627,173,89,4,ps10_v2_p213,0.09783928096294403,1
15628,173,90,4,ps10_v2_p213,0.09783928096294403,1
15629,173,91,4,ps10_v2_p214,0.09952374547719955,1
15630,173,93,4,ps10_v2_p214,0.09952374547719955,1
15631,173,94,4,ps10_v2_p214,0.09952374547719955,1
15632,173,95,4,ps10_v2_p214,0.09952374547719955,1
15633,173,96,4,ps10_v2_p214,0.09952374547719955,1
15634,173,97,4,ps10_v2_p214,0.09952374547719955,1
15635,173,98,4,ps10_v2_p214,0.09952374547719955,1
15636,173,99,4,ps10_v2_p214,0.09952374547719955,1
15637,173,100,4,ps10_v2_p214,0.09952374547719955,1
15638,173,101,4,ps10_v2_p215,0.11546315997838974,1
15639,173,102,4,ps10_v2_p215,0.11546315997838974,1
15640,173,103,4,ps10_v2_p215,0.11546315997838974,1
15641,173,104,4,ps10_v2_p215,0.11546315997838974,1
15642,173,105,4,ps10_v2_p215,0.11546315997838974,1
15643,173,106,4,ps10_v2_p215,0.11546315997838974,1
15644,173,107,4,ps10_v2_p215,0.11546315997838974,1
15645,173,108,4,ps10_v2_p215,0.11546315997838974,1
15646,173,109,4,ps10_v2_p215,0.11546315997838974,1
15647,173,110,4,ps10_v2_p215,0.11546315997838974,1
15648,173,111,4,ps10_v2_p216,0.11992339789867401,1
15649,173,112,4,ps10_v2_p216,0.11992339789867401,1
15650,173,120,3,ps10_v2_p145,0.15707139670848846,1
15651,173,121,3,ps10_v2_p145,0.15707139670848846,1
15652,173,122,3,ps10_v2_p145,0.15707139670848846,1
15653,173,123,3,ps10_v2_p145,0.15707139670848846,1
15654,173,124,3,ps10_v2_p146,0.14209581911563873,1
15655,173,125,3,ps10_v2_p146,0.14209581911563873,1
15656,173,126,3,ps10_v2_p146,0.14209581911563873,1
15657,173,127,3,ps10_v2_p146,0.14209581911563873,1
15658,173,128,3,ps10_v2_p146,0.14209581911563873,1
15659,173,129,3,ps10_v2_p146,0.14209581911563873,1
15660,173,130,3,ps10_v2_p146,0.14209581911563873,1
15661,173,131,3,ps10_v2_p146,0.14209581911563873,1
15662,173,132,3,ps10_v2_p146,0.14209581911563873,1
15663,173,134,3,,,0
15664,173,136,5,ps10_v2_p271,0.10863201320171356,1
15665,173,138,5,ps10_v2_p271,0.10863201320171356,1
15666,173,142,5,ps10_v2_p272,0.15568244457244873,1
15667,173,143,5,ps10_v2_p272,0.15568244457244873,1
15668,173,144,5,ps10_v2_p272,0.15568244457244873,1
15669,173,145,5,ps10_v2_p272,0.15568244457244873,1
15670,173,146,5,ps10_v2_p272,0.15568244457244873,1
15671,173,147,5,ps10_v2_p272,0.15568244457244873,1
15672,173,148,5,ps10_v2_p272,0.15568244457244873,1
15673,173,149,5,ps10_v2_p273,0.1610579937696457,1
15674,173,150,5,ps10_v2_p273,0.1610579937696457,1
15675,173,151,5,ps10_v2_p273,0.1610579937696457,1
15676,173,152,5,ps10_v2_p273,0.1610579937696457,1
15677,173,153,5,ps10_v2_p273,0.1610579937696457,1
15678,173,154,5,ps10_v2_p273,0.1610579937696457,1
15679,173,155,5,ps10_v2_p273,0.1610579937696457,1
15680,173,156,5,ps10_v2_p273,0.1610579937696457,1
15681,173,157,5,ps10_v2_p273,0.1610579937696457,1
15682,173,158,5,ps10_v2_p273,0.1610579937696457,1
15683,173,160,5,ps10_v2_p274,0.1628752201795578,1
15684,173,162,5,ps10_v2_p274,0.1628752201795578,1
15685,173,163,5,ps10_v2_p274,0.1628752201795578,1
15686,173,164,5,ps10_v2_p274,0.1628752201795578,1
15687,173,165,5,ps10_v2_p274,0.1628752201795578,1
15688,173,166,5,ps10_v2_p274,0.1628752201795578,1
15689,173,167,5,ps10_v2_p274,0.1628752201795578,1
15690,173,168,5,ps10_v2_p274,0.1628752201795578,1
15691,173,169,5,ps10_v2_p275,0.11494848132133484,1
15692,173,171,5,ps10_v2_p275,0.11494848132133484,1
15693,173,173,5,ps10_v2_p275,0.11494848132133484,1
15694,174,55,2,ps10_v2_p091,0.12297214567661285,1
15695,174,57,2,ps10_v2_p091,0.12297214567661285,1
15696,174,60,2,ps10_v2_p092,0.10807901620864868,1
15697,174,61,2,ps10_v2_p092,0.10807901620864868,1
15698,174,67,2,ps10_v2_p092,0.10807901620864868,1
15699,174,68,2,ps10_v2_p092,0.10807901620864868,1
15700,174,70,2,,,0
15701,174,74,4,ps10_v2_p212,0.13320870697498322,1
15702,174,75,4,ps10_v2_p212,0.13320870697498322,1
15703,174,83,4,ps10_v2_p213,0.09783928096294403,1
15704,174,84,4,ps10_v2_p213,0.09783928096294403,1
15705,174,85,4,ps10_v2_p213,0.09783928096294403,1
15706,174,86,4,ps10_v2_p213,0.09783928096294403,1
15707,174,87,4,ps10_v2_p213,0.09783928096294403,1
15708,174,88,4,ps10_v2_p213,0.09783928096294403,1
15709,174,89,4,ps10_v2_p213,0.09783928096294403,1
15710,174,90,4,ps10_v2_p213,0.09783928096294403,1
15711,174,91,4,ps10_v2_p214,0.09952374547719955,1
15712,174,92,4,ps10_v2_p214,0.09952374547719955,1
15713,174,95,4,ps10_v2_p214,0.09952374547719955,1
15714,174,96,4,ps10_v2_p214,0.09952374547719955,1
15715,174,97,4,ps10_v2_p214,0.09952374547719955,1
15716,174,98,4,ps10_v2_p214,0.09952374547719955,1
15717,174,99,4,ps10_v2_p214,0.09952374547719955,1
15718,174,100,4,ps10_v2_p214,0.09952374547719955,1
15719,174,101,4,ps10_v2_p215,0.11546315997838974,1
15720,174,102,4,ps10_v2_p215,0.11546315997838974,1
15721,174,103,4,ps10_v2_p215,0.11546315997838974,1
15722,174,104,4,ps10_v2_p215,0.11546315997838974,1
15723,174,105,4,ps10_v2_p215,0.11546315997838974,1
15724,174,106,4,ps10_v2_p215,0.11546315997838974,1
15725,174,107,4,ps10_v2_p215,0.11546315997838974,1
15726,174,108,4,ps10_v2_p215,0.11546315997838974,1
15727,174,109,4,ps10_v2_p215,0.11546315997838974,1
15728,174,110,4,ps10_v2_p215,0.11546315997838974,1
15729,174,111,4,ps10_v2_p216,0.11992339789867401,1
15730,174,112,4,ps10_v2_p216,0.11992339789867401,1
15731,174,120,3,ps10_v2_p145,0.15707139670848846,1
15732,174,121,3,ps10_v2_p145,0.15707139670848846,1
15733,174,122,3,ps10_v2_p145,0.15707139670848846,1
15734,174,123,3,ps10_v2_p145,0.15707139670848846,1
15735,174,124,3,ps10_v2_p146,0.14209581911563873,1
15736,174,125,3,ps10_v2_p146,0.14209581911563873,1
15737,174,126,3,ps10_v2_p146,0.14209581911563873,1
15738,174,127,3,ps10_v2_p146,0.14209581911563873,1
15739,174,128,3,ps10_v2_p146,0.14209581911563873,1
15740,174,129,3,ps10_v2_p146,0.14209581911563873,1
15741,174,130,3,ps10_v2_p146,0.14209581911563873,1
15742,174,131,3,ps10_v2_p146,0.14209581911563873,1
15743,174,132,3,ps10_v2_p146,0.14209581911563873,1
15744,174,133,3,ps10_v2_p146,0.14209581911563873,1
15745,174,135,5,ps10_v2_p271,0.10863201320171356,1
15746,174,136,5,ps10_v2_p271,0.10863201320171356,1
15747,174,137,5,ps10_v2_p271,0.10863201320171356,1
15748,174,142,5,ps10_v2_p272,0.15568244457244873,1
15749,174,143,5,ps10_v2_p272,0.15568244457244873,1
15750,174,144,5,ps10_v2_p272,0.15568244457244873,1
15751,174,145,5,ps10_v2_p272,0.15568244457244873,1
15752,174,146,5,ps10_v2_p272,0.15568244457244873,1
15753,174,147,5,ps10_v2_p272,0.15568244457244873,1
15754,174,148,5,ps10_v2_p272,0.15568244457244873,1
15755,174,149,5,ps10_v2_p273,0.1610579937696457,1
15756,174,150,5,ps10_v2_p273,0.1610579937696457,1
15757,174,151,5,ps10_v2_p273,0.1610579937696457,1
15758,174,152,5,ps10_v2_p273,0.1610579937696457,1
15759,174,153,5,ps10_v2_p273,0.1610579937696457,1
15760,174,154,5,ps10_v2_p273,0.1610579937696457,1
15761,174,155,5,ps10_v2_p273,0.1610579937696457,1
15762,174,156,5,ps10_v2_p273,0.1610579937696457,1
15763,174,157,5,ps10_v2_p273,0.1610579937696457,1
15764,174,158,5,ps10_v2_p273,0.1610579937696457,1
15765,174,159,5,ps10_v2_p274,0.1628752201795578,1
15766,174,161,5,ps10_v2_p274,0.1628752201795578,1
15767,174,163,5,ps10_v2_p274,0.1628752201795578,1
15768,174,165,5,ps10_v2_p274,0.1628752201795578,1
15769,174,166,5,ps10_v2_p274,0.1628752201795578,1
15770,174,167,5,ps10_v2_p274,0.1628752201795578,1
15771,174,168,5,ps10_v2_p274,0.1628752201795578,1
15772,174,169,5,ps10_v2_p275,0.11494848132133484,1
15773,174,170,5,ps10_v2_p275,0.11494848132133484,1
15774,174,172,5,ps10_v2_p275,0.11494848132133484,1
15775,174,174,5,ps10_v2_p275,0.11494848132133484,1
15776,175,57,2,ps10_v2_p091,0.12297214567661285,1
15777,175,58,2,ps10_v2_p091,0.12297214567661285,1
15778,175,74,4,ps10_v2_p212,0.13320870697498322,1
15779,175,84,4,ps10_v2_p213,0.09783928096294403,1
15780,175,85,4,ps10_v2_p213,0.09783928096294403,1
15781,175,86,4,ps10_v2_p213,0.09783928096294403,1
15782,175,87,4,ps10_v2_p213,0.09783928096294403,1
15783,175,88,4,ps10_v2_p213,0.09783928096294403,1
15784,175,89,4,ps10_v2_p213,0.09783928096294403,1
15785,175,90,4,ps10_v2_p213,0.09783928096294403,1
15786,175,91,4,ps10_v2_p214,0.09952374547719955,1
15787,175,95,4,ps10_v2_p214,0.09952374547719955,1
15788,175,96,4,ps10_v2_p214,0.09952374547719955,1
15789,175,97,4,ps10_v2_p214,0.09952374547719955,1
15790,175,98,4,ps10_v2_p214,0.09952374547719955,1
15791,175,99,4,ps10_v2_p214,0.09952374547719955,1
15792,175,100,4,ps10_v2_p214,0.09952374547719955,1
15793,175,102,4,ps10_v2_p215,0.11546315997838974,1
15794,175,103,4,ps10_v2_p215,0.11546315997838974,1
15795,175,104,4,ps10_v2_p215,0.11546315997838974,1
15796,175,105,4,ps10_v2_p215,0.11546315997838974,1
15797,175,106,4,ps10_v2_p215,0.11546315997838974,1
15798,175,107,4,ps10_v2_p215,0.11546315997838974,1
15799,175,108,4,ps10_v2_p215,0.11546315997838974,1
15800,175,109,4,ps10_v2_p215,0.11546315997838974,1
15801,175,110,4,ps10_v2_p215,0.11546315997838974,1
15802,175,111,4,ps10_v2_p216,0.11992339789867401,1
15803,175,112,4,ps10_v2_p216,0.11992339789867401,1
15804,175,113,4,ps10_v2_p216,0.11992339789867401,1
15805,175,119,4,ps10_v2_p216,0.11992339789867401,1
15806,175,120,3,ps10_v2_p145,0.15707139670848846,1
15807,175,121,3,ps10_v2_p145,0.15707139670848846,1
15808,175,122,3,ps10_v2_p145,0.15707139670848846,1
15809,175,123,3,ps10_v2_p145,0.15707139670848846,1
15810,175,124,3,ps10_v2_p146,0.14209581911563873,1
15811,175,125,3,ps10_v2_p146,0.14209581911563873,1
15812,175,126,3,ps10_v2_p146,0.14209581911563873,1
15813,175,127,3,ps10_v2_p146,0.14209581911563873,1
15814,175,128,3,ps10_v2_p146,0.14209581911563873,1
15815,175,129,3,ps10_v2_p146,0.14209581911563873,1
15816,175,130,3,ps10_v2_p146,0.14209581911563873,1
15817,175,132,3,ps10_v2_p146,0.14209581911563873,1
15818,175,134,5,ps10_v2_p271,0.10863201320171356,1
15819,175,135,5,ps10_v2_p271,0.10863201320171356,1
15820,175,136,5,ps10_v2_p271,0.10863201320171356,1
15821,175,137,5,ps10_v2_p271,0.10863201320171356,1
15822,175,141,5,ps10_v2_p272,0.15568244457244873,1
15823,175,142,5,ps10_v2_p272,0.15568244457244873,1
15824,175,143,5,ps10_v2_p272,0.15568244457244873,1
15825,175,144,5,ps10_v2_p272,0.15568244457244873,1
15826,175,145,5,ps10_v2_p272,0.15568244457244873,1
15827,175,146,5,ps10_v2_p272,0.15568244457244873,1
15828,175,147,5,ps10_v2_p272,0.15568244457244873,1
15829,175,148,5,ps10_v2_p272,0.15568244457244873,1
15830,175,149,5,ps10_v2_p273,0.1610579937696457,1
15831,175,150,5,ps10_v2_p273,0.1610579937696457,1
15832,175,151,5,ps10_v2_p273,0.1610579937696457,1
15833,175,152,5,ps10_v2_p273,0.1610579937696457,1
15834,175,153,5,ps10_v2_p273,0.1610579937696457,1
15835,175,154,5,ps10_v2_p273,0.1610579937696457,1
15836,175,155,5,ps10_v2_p273,0.1610579937696457,1
15837,175,156,5,ps10_v2_p273,0.1610579937696457,1
15838,175,157,5,ps10_v2_p273,0.1610579937696457,1
15839,175,158,5,ps10_v2_p273,0.1610579937696457,1
15840,175,159,5,ps10_v2_p274,0.1628752201795578,1
15841,175,160,5,ps10_v2_p274,0.1628752201795578,1
15842,175,161,5,ps10_v2_p274,0.1628752201795578,1
15843,175,162,5,ps10_v2_p274,0.1628752201795578,1
15844,175,164,5,ps10_v2_p274,0.1628752201795578,1
15845,175,166,5,ps10_v2_p274,0.1628752201795578,1
15846,175,167,5,ps10_v2_p274,0.1628752201795578,1
15847,175,168,5,ps10_v2_p274,0.1628752201795578,1
15848,175,169,5,ps10_v2_p275,0.11494848132133484,1
15849,175,170,5,ps10_v2_p275,0.11494848132133484,1
15850,175,171,5,ps10_v2_p275,0.11494848132133484,1
15851,175,172,5,ps10_v2_p275,0.11494848132133484,1
15852,175,173,5,ps10_v2_p275,0.11494848132133484,1
15853,176,57,2,ps10_v2_p091,0.12297214567661285,1
15854,176,58,2,ps10_v2_p091,0.12297214567661285,1
15855,176,77,4,ps10_v2_p217,0.14144836366176605,1
15856,176,86,4,ps10_v2_p218,0.1121712401509285,1
15857,176,87,4,ps10_v2_p218,0.1121712401509285,1
15858,176,88,4,ps10_v2_p218,0.1121712401509285,1
15859,176,89,4,ps10_v2_p218,0.1121712401509285,1
15860,176,90,4,ps10_v2_p218,0.1121712401509285,1
15861,176,92,4,ps10_v2_p219,0.105563223361969,1
15862,176,93,4,ps10_v2_p219,0.105563223361969,1
15863,176,95,4,ps10_v2_p219,0.105563223361969,1
15864,176,96,4,ps10_v2_p219,0.105563223361969,1
15865,176,97,4,ps10_v2_p219,0.105563223361969,1
15866,176,98,4,ps10_v2_p219,0.105563223361969,1
15867,176,99,4,ps10_v2_p219,0.105563223361969,1
15868,176,100,4,ps10_v2_p219,0.105563223361969,1
15869,176,101,4,ps10_v2_p220,0.1113465428352356,1
15870,176,102,4,ps10_v2_p220,0.1113465428352356,1
15871,176,103,4,ps10_v2_p220,0.1113465428352356,1
15872,176,104,4,ps10_v2_p220,0.1113465428352356,1
15873,176,105,4,ps10_v2_p220,0.1113465428352356,1
15874,176,106,4,ps10_v2_p220,0.1113465428352356,1
15875,176,107,4,ps10_v2_p220,0.1113465428352356,1
15876,176,108,4,ps10_v2_p220,0.1113465428352356,1
15877,176,109,4,ps10_v2_p220,0.1113465428352356,1
15878,176,110,4,ps10_v2_p220,0.1113465428352356,1
15879,176,111,4,ps10_v2_p221,0.13434189558029175,1
15880,176,112,4,ps10_v2_p221,0.13434189558029175,1
15881,176,113,4,ps10_v2_p221,0.13434189558029175,1
15882,176,114,4,ps10_v2_p221,0.13434189558029175,1
15883,176,119,4,ps10_v2_p221,0.13434189558029175,1
15884,176,120,3,ps10_v2_p145,0.15707139670848846,1
15885,176,121,3,ps10_v2_p145,0.15707139670848846,1
15886,176,122,3,ps10_v2_p145,0.15707139670848846,1
15887,176,124,3,ps10_v2_p146,0.14209581911563873,1
15888,176,125,3,ps10_v2_p146,0.14209581911563873,1
15889,176,126,3,ps10_v2_p146,0.14209581911563873,1
15890,176,127,3,ps10_v2_p146,0.14209581911563873,1
15891,176,128,3,ps10_v2_p146,0.14209581911563873,1
15892,176,129,3,ps10_v2_p146,0.14209581911563873,1
15893,176,130,3,ps10_v2_p146,0.14209581911563873,1
15894,176,131,3,ps10_v2_p146,0.14209581911563873,1
15895,176,133,5,ps10_v2_p271,0.10863201320171356,1
15896,176,134,5,ps10_v2_p271,0.10863201320171356,1
15897,176,135,5,ps10_v2_p271,0.10863201320171356,1
15898,176,136,5,ps10_v2_p271,0.10863201320171356,1
15899,176,140,5,ps10_v2_p272,0.15568244457244873,1
15900,176,141,5,ps10_v2_p272,0.15568244457244873,1
15901,176,142,5,ps10_v2_p272,0.15568244457244873,1
15902,176,143,5,ps10_v2_p272,0.15568244457244873,1
15903,176,144,5,ps10_v2_p272,0.15568244457244873,1
15904,176,145,5,ps10_v2_p272,0.15568244457244873,1
15905,176,146,5,ps10_v2_p272,0.15568244457244873,1
15906,176,147,5,ps10_v2_p272,0.15568244457244873,1
15907,176,148,5,ps10_v2_p272,0.15568244457244873,1
15908,176,149,5,ps10_v2_p273,0.1610579937696457,1
15909,176,150,5,ps10_v2_p273,0.1610579937696457,1
15910,176,151,5,ps10_v2_p273,0.1610579937696457,1
15911,176,152,5,ps10_v2_p273,0.1610579937696457,1
15912,176,153,5,ps10_v2_p273,0.1610579937696457,1
15913,176,154,5,ps10_v2_p273,0.1610579937696457,1
15914,176,155,5,ps10_v2_p273,0.1610579937696457,1
15915,176,156,5,ps10_v2_p273,0.1610579937696457,1
15916,176,157,5,ps10_v2_p273,0.1610579937696457,1
15917,176,158,5,ps10_v2_p273,0.1610579937696457,1
15918,176,159,5,ps10_v2_p274,0.1628752201795578,1
15919,176,160,5,ps10_v2_p274,0.1628752201795578,1
15920,176,161,5,ps10_v2_p274,0.1628752201795578,1
15921,176,162,5,ps10_v2_p274,0.1628752201795578,1
15922,176,163,5,ps10_v2_p274,0.1628752201795578,1
15923,176,165,5,ps10_v2_p274,0.1628752201795578,1
15924,176,167,5,ps10_v2_p274,0.1628752201795578,1
15925,176,168,5,ps10_v2_p274,0.1628752201795578,1
15926,176,169,5,ps10_v2_p275,0.11494848132133484,1
15927,176,170,5,ps10_v2_p275,0.11494848132133484,1
15928,176,171,5,ps10_v2_p275,0.11494848132133484,1
15929,176,172,5,ps10_v2_p275,0.11494848132133484,1
15930,177,46,2,,,0
15931,177,57,2,ps10_v2_p091,0.12297214567661285,1
15932,177,58,2,ps10_v2_p091,0.12297214567661285,1
15933,177,61,2,ps10_v2_p092,0.10807901620864868,1
15934,177,62,2,ps10_v2_p092,0.10807901620864868,1
15935,177,73,4,ps10_v2_p217,0.14144836366176605,1
15936,177,75,4,ps10_v2_p217,0.14144836366176605,1
15937,177,80,4,ps10_v2_p217,0.14144836366176605,1
15938,177,86,4,ps10_v2_p218,0.1121712401509285,1
15939,177,87,4,ps10_v2_p218,0.1121712401509285,1
15940,177,88,4,ps10_v2_p218,0.1121712401509285,1
15941,177,89,4,ps10_v2_p218,0.1121712401509285,1
15942,177,91,4,ps10_v2_p219,0.105563223361969,1
15943,177,92,4,ps10_v2_p219,0.105563223361969,1
15944,177,93,4,ps10_v2_p219,0.105563223361969,1
15945,177,94,4,ps10_v2_p219,0.105563223361969,1
15946,177,95,4,ps10_v2_p219,0.105563223361969,1
15947,177,96,4,ps10_v2_p219,0.105563223361969,1
15948,177,97,4,ps10_v2_p219,0.105563223361969,1
15949,177,98,4,ps10_v2_p219,0.105563223361969,1
15950,177,99,4,ps10_v2_p219,0.105563223361969,1
15951,177,100,4,ps10_v2_p219,0.105563223361969,1
15952,177,101,4,ps10_v2_p220,0.1113465428352356,1
15953,177,102,4,ps10_v2_p220,0.1113465428352356,1
15954,177,103,4,ps10_v2_p220,0.1113465428352356,1
15955,177,104,4,ps10_v2_p220,0.1113465428352356,1
15956,177,105,4,ps10_v2_p220,0.1113465428352356,1
15957,177,106,4,ps10_v2_p220,0.1113465428352356,1
15958,177,108,4,ps10_v2_p220,0.1113465428352356,1
15959,177,109,4,ps10_v2_p220,0.1113465428352356,1
15960,177,110,4,ps10_v2_p220,0.1113465428352356,1
15961,177,111,4,ps10_v2_p221,0.13434189558029175,1
15962,177,112,4,ps10_v2_p221,0.13434189558029175,1
15963,177,113,4,ps10_v2_p221,0.13434189558029175,1
15964,177,114,4,ps10_v2_p221,0.13434189558029175,1
15965,177,115,4,ps10_v2_p221,0.13434189558029175,1
15966,177,118,4,ps10_v2_p221,0.13434189558029175,1
15967,177,119,3,ps10_v2_p145,0.15707139670848846,1
15968,177,120,3,ps10_v2_p145,0.15707139670848846,1
15969,177,121,3,ps10_v2_p145,0.15707139670848846,1
15970,177,123,3,ps10_v2_p145,0.15707139670848846,1
15971,177,124,3,ps10_v2_p146,0.14209581911563873,1
15972,177,125,3,ps10_v2_p146,0.14209581911563873,1
15973,177,126,3,ps10_v2_p146,0.14209581911563873,1
15974,177,127,3,ps10_v2_p146,0.14209581911563873,1
15975,177,128,3,ps10_v2_p146,0.14209581911563873,1
15976,177,129,3,ps10_v2_p146,0.14209581911563873,1
15977,177,133,5,ps10_v2_p271,0.10863201320171356,1
15978,177,134,5,ps10_v2_p271,0.10863201320171356,1
15979,177,135,5,ps10_v2_p271,0.10863201320171356,1
15980,177,136,5,ps10_v2_p271,0.10863201320171356,1
15981,177,139,5,ps10_v2_p272,0.15568244457244873,1
15982,177,140,5,ps10_v2_p272,0.15568244457244873,1
15983,177,141,5,ps10_v2_p272,0.15568244457244873,1
15984,177,142,5,ps10_v2_p272,0.15568244457244873,1
15985,177,143,5,ps10_v2_p272,0.15568244457244873,1
15986,177,145,5,ps10_v2_p272,0.15568244457244873,1
15987,177,147,5,ps10_v2_p272,0.15568244457244873,1
15988,177,149,5,ps10_v2_p273,0.1610579937696457,1
15989,177,151,5,ps10_v2_p273,0.1610579937696457,1
15990,177,153,5,ps10_v2_p273,0.1610579937696457,1
15991,177,154,5,ps10_v2_p273,0.1610579937696457,1
15992,177,155,5,ps10_v2_p273,0.1610579937696457,1
15993,177,156,5,ps10_v2_p273,0.1610579937696457,1
15994,177,157,5,ps10_v2_p273,0.1610579937696457,1
15995,177,158,5,ps10_v2_p273,0.1610579937696457,1
15996,177,159,5,ps10_v2_p274,0.1628752201795578,1
15997,177,160,5,ps10_v2_p274,0.1628752201795578,1
15998,177,161,5,ps10_v2_p274,0.1628752201795578,1
15999,177,162,5,ps10_v2_p274,0.1628752201795578,1
16000,177,163,5,ps10_v2_p274,0.1628752201795578,1
16001,177,164,5,ps10_v2_p274,0.1628752201795578,1
16002,177,165,5,ps10_v2_p274,0.1628752201795578,1
16003,177,166,5,ps10_v2_p274,0.1628752201795578,1
16004,177,168,5,ps10_v2_p274,0.1628752201795578,1
16005,177,169,5,ps10_v2_p275,0.11494848132133484,1
16006,177,170,5,ps10_v2_p275,0.11494848132133484,1
16007,177,172,5,ps10_v2_p275,0.11494848132133484,1
16008,178,56,2,ps10_v2_p091,0.12297214567661285,1
16009,178,57,2,ps10_v2_p091,0.12297214567661285,1
16010,178,58,2,ps10_v2_p091,0.12297214567661285,1
16011,178,63,2,ps10_v2_p092,0.10807901620864868,1
16012,178,66,2,ps10_v2_p092,0.10807901620864868,1
16013,178,67,2,ps10_v2_p092,0.10807901620864868,1
16014,178,72,4,ps10_v2_p217,0.14144836366176605,1
16015,178,79,4,ps10_v2_p217,0.14144836366176605,1
16016,178,80,4,ps10_v2_p217,0.14144836366176605,1
16017,178,87,4,ps10_v2_p218,0.1121712401509285,1
16018,178,88,4,ps10_v2_p218,0.1121712401509285,1
16019,178,89,4,ps10_v2_p218,0.1121712401509285,1
16020,178,90,4,ps10_v2_p218,0.1121712401509285,1
16021,178,92,4,ps10_v2_p219,0.105563223361969,1
16022,178,93,4,ps10_v2_p219,0.105563223361969,1
16023,178,94,4,ps10_v2_p219,0.105563223361969,1
16024,178,95,4,ps10_v2_p219,0.105563223361969,1
16025,178,97,4,ps10_v2_p219,0.105563223361969,1
16026,178,99,4,ps10_v2_p219,0.105563223361969,1
16027,178,100,4,ps10_v2_p219,0.105563223361969,1
16028,178,101,4,ps10_v2_p220,0.1113465428352356,1
16029,178,102,4,ps10_v2_p220,0.1113465428352356,1
16030,178,103,4,ps10_v2_p220,0.1113465428352356,1
16031,178,104,4,ps10_v2_p220,0.1113465428352356,1
16032,178,105,4,ps10_v2_p220,0.1113465428352356,1
16033,178,106,4,ps10_v2_p220,0.1113465428352356,1
16034,178,107,4,ps10_v2_p220,0.1113465428352356,1
16035,178,108,4,ps10_v2_p220,0.1113465428352356,1
16036,178,109,4,ps10_v2_p220,0.1113465428352356,1
16037,178,110,4,ps10_v2_p220,0.1113465428352356,1
16038,178,111,4,ps10_v2_p221,0.13434189558029175,1
16039,178,112,4,ps10_v2_p221,0.13434189558029175,1
16040,178,113,4,ps10_v2_p221,0.13434189558029175,1
16041,178,114,4,ps10_v2_p221,0.13434189558029175,1
16042,178,115,4,ps10_v2_p221,0.13434189558029175,1
16043,178,117,4,ps10_v2_p221,0.13434189558029175,1
16044,178,118,4,ps10_v2_p221,0.13434189558029175,1
16045,178,119,3,ps10_v2_p145,0.15707139670848846,1
16046,178,120,3,ps10_v2_p145,0.15707139670848846,1
16047,178,122,3,ps10_v2_p145,0.15707139670848846,1
16048,178,123,3,ps10_v2_p145,0.15707139670848846,1
16049,178,124,3,ps10_v2_p146,0.14209581911563873,1
16050,178,125,3,ps10_v2_p146,0.14209581911563873,1
16051,178,126,3,ps10_v2_p146,0.14209581911563873,1
16052,178,127,3,ps10_v2_p146,0.14209581911563873,1
16053,178,129,3,ps10_v2_p146,0.14209581911563873,1
16054,178,132,5,ps10_v2_p271,0.10863201320171356,1
16055,178,133,5,ps10_v2_p271,0.10863201320171356,1
16056,178,134,5,ps10_v2_p271,0.10863201320171356,1
16057,178,135,5,ps10_v2_p271,0.10863201320171356,1
16058,178,138,5,ps10_v2_p271,0.10863201320171356,1
16059,178,139,5,ps10_v2_p272,0.15568244457244873,1
16060,178,140,5,ps10_v2_p272,0.15568244457244873,1
16061,178,141,5,ps10_v2_p272,0.15568244457244873,1
16062,178,142,5,ps10_v2_p272,0.15568244457244873,1
16063,178,144,5,ps10_v2_p272,0.15568244457244873,1
16064,178,146,5,ps10_v2_p272,0.15568244457244873,1
16065,178,148,5,ps10_v2_p272,0.15568244457244873,1
16066,178,150,5,ps10_v2_p273,0.1610579937696457,1
16067,178,152,5,ps10_v2_p273,0.1610579937696457,1
16068,178,154,5,ps10_v2_p273,0.1610579937696457,1
16069,178,156,5,ps10_v2_p273,0.1610579937696457,1
16070,178,158,5,ps10_v2_p273,0.1610579937696457,1
16071,178,159,5,ps10_v2_p274,0.1628752201795578,1
16072,178,160,5,ps10_v2_p274,0.1628752201795578,1
16073,178,161,5,ps10_v2_p274,0.1628752201795578,1
16074,178,162,5,ps10_v2_p274,0.1628752201795578,1
16075,178,163,5,ps10_v2_p274,0.1628752201795578,1
16076,178,164,5,ps10_v2_p274,0.1628752201795578,1
16077,178,165,5,ps10_v2_p274,0.1628752201795578,1
16078,178,166,5,ps10_v2_p274,0.1628752201795578,1
16079,178,167,5,ps10_v2_p274,0.1628752201795578,1
16080,178,169,5,ps10_v2_p275,0.11494848132133484,1
16081,179,57,2,ps10_v2_p091,0.12297214567661285,1
16082,179,62,2,ps10_v2_p092,0.10807901620864868,1
16083,179,66,2,ps10_v2_p092,0.10807901620864868,1
16084,179,71,4,ps10_v2_p217,0.14144836366176605,1
16085,179,78,4,ps10_v2_p217,0.14144836366176605,1
16086,179,79,4,ps10_v2_p217,0.14144836366176605,1
16087,179,89,4,ps10_v2_p218,0.1121712401509285,1
16088,179,90,4,ps10_v2_p218,0.1121712401509285,1
16089,179,91,4,ps10_v2_p219,0.105563223361969,1
16090,179,92,4,ps10_v2_p219,0.105563223361969,1
16091,179,93,4,ps10_v2_p219,0.105563223361969,1
16092,179,94,4,ps10_v2_p219,0.105563223361969,1
16093,179,95,4,ps10_v2_p219,0.105563223361969,1
16094,179,98,4,ps10_v2_p219,0.105563223361969,1
16095,179,99,4,ps10_v2_p219,0.105563223361969,1
16096,179,100,4,ps10_v2_p219,0.105563223361969,1
16097,179,101,4,ps10_v2_p220,0.1113465428352356,1
16098,179,102,4,ps10_v2_p220,0.1113465428352356,1
16099,179,103,4,ps10_v2_p220,0.1113465428352356,1
16100,179,104,4,ps10_v2_p220,0.1113465428352356,1
16101,179,106,4,ps10_v2_p220,0.1113465428352356,1
16102,179,107,4,ps10_v2_p220,0.1113465428352356,1
16103,179,108,4,ps10_v2_p220,0.1113465428352356,1
16104,179,109,4,ps10_v2_p220,0.1113465428352356,1
16105,179,110,4,ps10_v2_p220,0.1113465428352356,1
16106,179,111,4,ps10_v2_p221,0.13434189558029175,1
16107,179,112,4,ps10_v2_p221,0.13434189558029175,1
16108,179,113,4,ps10_v2_p221,0.13434189558029175,1
16109,179,114,4,ps10_v2_p221,0.13434189558029175,1
16110,179,116,4,ps10_v2_p221,0.13434189558029175,1
16111,179,117,4,ps10_v2_p221,0.13434189558029175,1
16112,179,118,4,ps10_v2_p221,0.13434189558029175,1
16113,179,119,3,ps10_v2_p145,0.15707139670848846,1
16114,179,121,3,ps10_v2_p145,0.15707139670848846,1
16115,179,122,3,ps10_v2_p145,0.15707139670848846,1
16116,179,123,3,ps10_v2_p145,0.15707139670848846,1
16117,179,124,3,ps10_v2_p146,0.14209581911563873,1
16118,179,125,3,ps10_v2_p146,0.14209581911563873,1
16119,179,126,3,ps10_v2_p146,0.14209581911563873,1
16120,179,128,3,ps10_v2_p146,0.14209581911563873,1
16121,179,132,5,ps10_v2_p271,0.10863201320171356,1
16122,179,133,5,ps10_v2_p271,0.10863201320171356,1
16123,179,134,5,ps10_v2_p271,0.10863201320171356,1
16124,179,139,5,ps10_v2_p272,0.15568244457244873,1
16125,179,141,5,ps10_v2_p272,0.15568244457244873,1
16126,179,142,5,ps10_v2_p272,0.15568244457244873,1
16127,179,143,5,ps10_v2_p272,0.15568244457244873,1
16128,179,144,5,ps10_v2_p272,0.15568244457244873,1
16129,179,145,5,ps10_v2_p272,0.15568244457244873,1
16130,179,146,5,ps10_v2_p272,0.15568244457244873,1
16131,179,147,5,ps10_v2_p272,0.15568244457244873,1
16132,179,148,5,ps10_v2_p272,0.15568244457244873,1
16133,179,149,5,ps10_v2_p273,0.1610579937696457,1
16134,179,150,5,ps10_v2_p273,0.1610579937696457,1
16135,179,151,5,ps10_v2_p273,0.1610579937696457,1
16136,179,152,5,ps10_v2_p273,0.1610579937696457,1
16137,179,153,5,ps10_v2_p273,0.1610579937696457,1
16138,179,154,5,ps10_v2_p273,0.1610579937696457,1
16139,179,155,5,ps10_v2_p273,0.1610579937696457,1
16140,179,157,5,ps10_v2_p273,0.1610579937696457,1
16141,179,159,5,ps10_v2_p274,0.1628752201795578,1
16142,179,160,5,ps10_v2_p274,0.1628752201795578,1
16143,179,161,5,ps10_v2_p274,0.1628752201795578,1
16144,179,162,5,ps10_v2_p274,0.1628752201795578,1
16145,179,163,5,ps10_v2_p274,0.1628752201795578,1
16146,179,164,5,ps10_v2_p274,0.1628752201795578,1
16147,179,165,5,ps10_v2_p274,0.1628752201795578,1
16148,179,166,5,ps10_v2_p274,0.1628752201795578,1
16149,179,167,5,ps10_v2_p274,0.1628752201795578,1
16150,179,168,5,ps10_v2_p274,0.1628752201795578,1
16151,180,56,2,ps10_v2_p091,0.12297214567661285,1
16152,180,65,2,ps10_v2_p092,0.10807901620864868,1
16153,180,69,2,ps10_v2_p092,0.10807901620864868,1
16154,180,70,2,,,0
16155,180,78,4,ps10_v2_p217,0.14144836366176605,1
16156,180,80,4,ps10_v2_p217,0.14144836366176605,1
16157,180,88,4,ps10_v2_p218,0.1121712401509285,1
16158,180,89,4,ps10_v2_p218,0.1121712401509285,1
16159,180,90,4,ps10_v2_p218,0.1121712401509285,1
16160,180,91,4,ps10_v2_p219,0.105563223361969,1
16161,180,92,4,ps10_v2_p219,0.105563223361969,1
16162,180,93,4,ps10_v2_p219,0.105563223361969,1
16163,180,94,4,ps10_v2_p219,0.105563223361969,1
16164,180,96,4,ps10_v2_p219,0.105563223361969,1
16165,180,99,4,ps10_v2_p219,0.105563223361969,1
16166,180,100,4,ps10_v2_p219,0.105563223361969,1
16167,180,101,4,ps10_v2_p220,0.1113465428352356,1
16168,180,102,4,ps10_v2_p220,0.1113465428352356,1
16169,180,103,4,ps10_v2_p220,0.1113465428352356,1
16170,180,104,4,ps10_v2_p220,0.1113465428352356,1
16171,180,105,4,ps10_v2_p220,0.1113465428352356,1
16172,180,106,4,ps10_v2_p220,0.1113465428352356,1
16173,180,107,4,ps10_v2_p220,0.1113465428352356,1
16174,180,108,4,ps10_v2_p220,0.1113465428352356,1
16175,180,109,4,ps10_v2_p220,0.1113465428352356,1
16176,180,110,4,ps10_v2_p220,0.1113465428352356,1
16177,180,111,4,ps10_v2_p221,0.13434189558029175,1
16178,180,112,4,ps10_v2_p221,0.13434189558029175,1
16179,180,113,4,ps10_v2_p221,0.13434189558029175,1
16180,180,114,4,ps10_v2_p221,0.13434189558029175,1
16181,180,115,4,ps10_v2_p221,0.13434189558029175,1
16182,180,116,4,ps10_v2_p221,0.13434189558029175,1
16183,180,117,4,ps10_v2_p221,0.13434189558029175,1
16184,180,118,4,ps10_v2_p221,0.13434189558029175,1
16185,180,120,3,ps10_v2_p147,0.15582633018493652,1
16186,180,121,3,ps10_v2_p147,0.15582633018493652,1
16187,180,122,3,ps10_v2_p147,0.15582633018493652,1
16188,180,123,3,ps10_v2_p147,0.15582633018493652,1
16189,180,124,3,ps10_v2_p148,0.11751148104667664,1
16190,180,125,3,ps10_v2_p148,0.11751148104667664,1
16191,180,127,3,ps10_v2_p148,0.11751148104667664,1
16192,180,131,5,ps10_v2_p271,0.10863201320171356,1
16193,180,132,5,ps10_v2_p271,0.10863201320171356,1
16194,180,133,5,ps10_v2_p271,0.10863201320171356,1
16195,180,138,5,ps10_v2_p271,0.10863201320171356,1
16196,180,140,5,ps10_v2_p272,0.15568244457244873,1
16197,180,141,5,ps10_v2_p272,0.15568244457244873,1
16198,180,142,5,ps10_v2_p272,0.15568244457244873,1
16199,180,143,5,ps10_v2_p272,0.15568244457244873,1
16200,180,144,5,ps10_v2_p272,0.15568244457244873,1
16201,180,145,5,ps10_v2_p272,0.15568244457244873,1
16202,180,146,5,ps10_v2_p272,0.15568244457244873,1
16203,180,147,5,ps10_v2_p272,0.15568244457244873,1
16204,180,148,5,ps10_v2_p272,0.15568244457244873,1
16205,180,149,5,ps10_v2_p273,0.1610579937696457,1
16206,180,150,5,ps10_v2_p273,0.1610579937696457,1
16207,180,151,5,ps10_v2_p273,0.1610579937696457,1
16208,180,152,5,ps10_v2_p273,0.1610579937696457,1
16209,180,153,5,ps10_v2_p273,0.1610579937696457,1
16210,180,154,5,ps10_v2_p273,0.1610579937696457,1
16211,180,155,5,ps10_v2_p273,0.1610579937696457,1
16212,180,156,5,ps10_v2_p273,0.1610579937696457,1
16213,180,158,5,ps10_v2_p273,0.1610579937696457,1
16214,180,160,5,ps10_v2_p274,0.1628752201795578,1
16215,180,162,5,ps10_v2_p274,0.1628752201795578,1
16216,180,163,5,ps10_v2_p274,0.1628752201795578,1
16217,180,164,5,ps10_v2_p274,0.1628752201795578,1
16218,180,165,5,ps10_v2_p274,0.1628752201795578,1
16219,180,166,5,ps10_v2_p274,0.1628752201795578,1
16220,180,167,5,ps10_v2_p274,0.1628752201795578,1
16221,181,59,2,ps10_v2_p091,0.12297214567661285,1
16222,181,60,2,ps10_v2_p092,0.10807901620864868,1
16223,181,69,2,ps10_v2_p092,0.10807901620864868,1
16224,181,70,2,,,0
16225,181,79,4,ps10_v2_p217,0.14144836366176605,1
16226,181,80,4,ps10_v2_p217,0.14144836366176605,1
16227,181,89,4,ps10_v2_p218,0.1121712401509285,1
16228,181,90,4,ps10_v2_p218,0.1121712401509285,1
16229,181,91,4,ps10_v2_p219,0.105563223361969,1
16230,181,92,4,ps10_v2_p219,0.105563223361969,1
16231,181,93,4,ps10_v2_p219,0.105563223361969,1
16232,181,94,4,ps10_v2_p219,0.105563223361969,1
16233,181,95,4,ps10_v2_p219,0.105563223361969,1
16234,181,99,4,ps10_v2_p219,0.105563223361969,1
16235,181,100,4,ps10_v2_p219,0.105563223361969,1
16236,181,101,4,ps10_v2_p220,0.1113465428352356,1
16237,181,102,4,ps10_v2_p220,0.1113465428352356,1
16238,181,103,4,ps10_v2_p220,0.1113465428352356,1
16239,181,104,4,ps10_v2_p220,0.1113465428352356,1
16240,181,105,4,ps10_v2_p220,0.1113465428352356,1
16241,181,106,4,ps10_v2_p220,0.1113465428352356,1
16242,181,107,4,ps10_v2_p220,0.1113465428352356,1
16243,181,108,4,ps10_v2_p220,0.1113465428352356,1
16244,181,109,4,ps10_v2_p220,0.1113465428352356,1
16245,181,110,4,ps10_v2_p220,0.1113465428352356,1
16246,181,111,4,ps10_v2_p221,0.13434189558029175,1
16247,181,112,4,ps10_v2_p221,0.13434189558029175,1
16248,181,113,4,ps10_v2_p221,0.13434189558029175,1
16249,181,114,4,ps10_v2_p221,0.13434189558029175,1
16250,181,115,4,ps10_v2_p221,0.13434189558029175,1
16251,181,116,4,ps10_v2_p221,0.13434189558029175,1
16252,181,117,4,ps10_v2_p221,0.13434189558029175,1
16253,181,119,3,ps10_v2_p147,0.15582633018493652,1
16254,181,120,3,ps10_v2_p147,0.15582633018493652,1
16255,181,121,3,ps10_v2_p147,0.15582633018493652,1
16256,181,122,3,ps10_v2_p147,0.15582633018493652,1
16257,181,123,3,ps10_v2_p147,0.15582633018493652,1
16258,181,124,3,ps10_v2_p148,0.11751148104667664,1
16259,181,126,3,ps10_v2_p148,0.11751148104667664,1
16260,181,127,3,ps10_v2_p148,0.11751148104667664,1
16261,181,130,5,ps10_v2_p271,0.10863201320171356,1
16262,181,131,5,ps10_v2_p271,0.10863201320171356,1
16263,181,132,5,ps10_v2_p271,0.10863201320171356,1
16264,181,137,5,ps10_v2_p271,0.10863201320171356,1
16265,181,138,5,ps10_v2_p271,0.10863201320171356,1
16266,181,139,5,ps10_v2_p272,0.15568244457244873,1
16267,181,140,5,ps10_v2_p272,0.15568244457244873,1
16268,181,141,5,ps10_v2_p272,0.15568244457244873,1
16269,181,142,5,ps10_v2_p272,0.15568244457244873,1
16270,181,143,5,ps10_v2_p272,0.15568244457244873,1
16271,181,144,5,ps10_v2_p272,0.15568244457244873,1
16272,181,145,5,ps10_v2_p272,0.15568244457244873,1
16273,181,146,5,ps10_v2_p272,0.15568244457244873,1
16274,181,147,5,ps10_v2_p272,0.15568244457244873,1
16275,181,148,5,ps10_v2_p272,0.15568244457244873,1
16276,181,149,5,ps10_v2_p273,0.1610579937696457,1
16277,181,150,5,ps10_v2_p273,0.1610579937696457,1
16278,181,151,5,ps10_v2_p273,0.1610579937696457,1
16279,181,152,5,ps10_v2_p273,0.1610579937696457,1
16280,181,153,5,ps10_v2_p273,0.1610579937696457,1
16281,181,154,5,ps10_v2_p273,0.1610579937696457,1
16282,181,155,5,ps10_v2_p273,0.1610579937696457,1
16283,181,156,5,ps10_v2_p273,0.1610579937696457,1
16284,181,157,5,ps10_v2_p273,0.1610579937696457,1
16285,181,158,5,ps10_v2_p273,0.1610579937696457,1
16286,181,159,5,ps10_v2_p274,0.1628752201795578,1
16287,181,160,5,ps10_v2_p274,0.1628752201795578,1
16288,181,161,5,ps10_v2_p274,0.1628752201795578,1
16289,181,163,5,ps10_v2_p274,0.1628752201795578,1
16290,181,165,5,ps10_v2_p274,0.1628752201795578,1
16291,181,166,5,ps10_v2_p274,0.1628752201795578,1
16292,181,167,5,ps10_v2_p274,0.1628752201795578,1
16293,182,59,2,ps10_v2_p091,0.12297214567661285,1
16294,182,65,2,ps10_v2_p092,0.10807901620864868,1
16295,182,66,2,ps10_v2_p092,0.10807901620864868,1
16296,182,67,2,ps10_v2_p092,0.10807901620864868,1
16297,182,68,2,ps10_v2_p092,0.10807901620864868,1
16298,182,69,2,ps10_v2_p092,0.10807901620864868,1
16299,182,88,4,ps10_v2_p218,0.1121712401509285,1
16300,182,91,4,ps10_v2_p219,0.105563223361969,1
16301,182,92,4,ps10_v2_p219,0.105563223361969,1
16302,182,93,4,ps10_v2_p219,0.105563223361969,1
16303,182,94,4,ps10_v2_p219,0.105563223361969,1
16304,182,96,4,ps10_v2_p219,0.105563223361969,1
16305,182,98,4,ps10_v2_p219,0.105563223361969,1
16306,182,99,4,ps10_v2_p219,0.105563223361969,1
16307,182,100,4,ps10_v2_p219,0.105563223361969,1
16308,182,101,4,ps10_v2_p220,0.1113465428352356,1
16309,182,102,4,ps10_v2_p220,0.1113465428352356,1
16310,182,103,4,ps10_v2_p220,0.1113465428352356,1
16311,182,104,4,ps10_v2_p220,0.1113465428352356,1
16312,182,105,4,ps10_v2_p220,0.1113465428352356,1
16313,182,106,4,ps10_v2_p220,0.1113465428352356,1
16314,182,107,4,ps10_v2_p220,0.1113465428352356,1
16315,182,108,4,ps10_v2_p220,0.1113465428352356,1
16316,182,109,4,ps10_v2_p220,0.1113465428352356,1
16317,182,110,4,ps10_v2_p220,0.1113465428352356,1
16318,182,111,4,ps10_v2_p221,0.13434189558029175,1
16319,182,112,4,ps10_v2_p221,0.13434189558029175,1
16320,182,113,4,ps10_v2_p221,0.13434189558029175,1
16321,182,114,4,ps10_v2_p221,0.13434189558029175,1
16322,182,115,4,ps10_v2_p221,0.13434189558029175,1
16323,182,116,4,ps10_v2_p221,0.13434189558029175,1
16324,182,117,4,ps10_v2_p221,0.13434189558029175,1
16325,182,118,3,ps10_v2_p147,0.15582633018493652,1
16326,182,119,3,ps10_v2_p147,0.15582633018493652,1
16327,182,120,3,ps10_v2_p147,0.15582633018493652,1
16328,182,121,3,ps10_v2_p147,0.15582633018493652,1
16329,182,122,3,ps10_v2_p147,0.15582633018493652,1
16330,182,123,3,ps10_v2_p147,0.15582633018493652,1
16331,182,125,3,ps10_v2_p148,0.11751148104667664,1
16332,182,126,3,ps10_v2_p148,0.11751148104667664,1
16333,182,130,5,ps10_v2_p271,0.10863201320171356,1
16334,182,131,5,ps10_v2_p271,0.10863201320171356,1
16335,182,136,5,ps10_v2_p271,0.10863201320171356,1
16336,182,137,5,ps10_v2_p271,0.10863201320171356,1
16337,182,138,5,ps10_v2_p271,0.10863201320171356,1
16338,182,139,5,ps10_v2_p272,0.15568244457244873,1
16339,182,140,5,ps10_v2_p272,0.15568244457244873,1
16340,182,141,5,ps10_v2_p272,0.15568244457244873,1
16341,182,142,5,ps10_v2_p272,0.15568244457244873,1
16342,182,143,5,ps10_v2_p272,0.15568244457244873,1
16343,182,144,5,ps10_v2_p272,0.15568244457244873,1
16344,182,145,5,ps10_v2_p272,0.15568244457244873,1
16345,182,146,5,ps10_v2_p272,0.15568244457244873,1
16346,182,147,5,ps10_v2_p272,0.15568244457244873,1
16347,182,148,5,ps10_v2_p272,0.15568244457244873,1
16348,182,149,5,ps10_v2_p273,0.1610579937696457,1
16349,182,150,5,ps10_v2_p273,0.1610579937696457,1
16350,182,151,5,ps10_v2_p273,0.1610579937696457,1
16351,182,152,5,ps10_v2_p273,0.1610579937696457,1
16352,182,153,5,ps10_v2_p273,0.1610579937696457,1
16353,182,154,5,ps10_v2_p273,0.1610579937696457,1
16354,182,155,5,ps10_v2_p273,0.1610579937696457,1
16355,182,156,5,ps10_v2_p273,0.1610579937696457,1
16356,182,157,5,ps10_v2_p273,0.1610579937696457,1
16357,182,158,5,ps10_v2_p273,0.1610579937696457,1
16358,182,159,5,ps10_v2_p274,0.1628752201795578,1
16359,182,160,5,ps10_v2_p274,0.1628752201795578,1
16360,182,161,5,ps10_v2_p274,0.1628752201795578,1
16361,182,162,5,ps10_v2_p274,0.1628752201795578,1
16362,182,164,5,ps10_v2_p274,0.1628752201795578,1
16363,182,166,5,ps10_v2_p274,0.1628752201795578,1
16364,183,64,2,ps10_v2_p092,0.10807901620864868,1
16365,183,65,2,ps10_v2_p092,0.10807901620864868,1
16366,183,84,4,ps10_v2_p218,0.1121712401509285,1
16367,183,90,4,ps10_v2_p218,0.1121712401509285,1
16368,183,92,4,ps10_v2_p219,0.105563223361969,1
16369,183,93,4,ps10_v2_p219,0.105563223361969,1
16370,183,94,4,ps10_v2_p219,0.105563223361969,1
16371,183,95,4,ps10_v2_p219,0.105563223361969,1
16372,183,96,4,ps10_v2_p219,0.105563223361969,1
16373,183,97,4,ps10_v2_p219,0.105563223361969,1
16374,183,98,4,ps10_v2_p219,0.105563223361969,1
16375,183,99,4,ps10_v2_p219,0.105563223361969,1
16376,183,101,4,ps10_v2_p220,0.1113465428352356,1
16377,183,102,4,ps10_v2_p220,0.1113465428352356,1
16378,183,104,4,ps10_v2_p220,0.1113465428352356,1
16379,183,105,4,ps10_v2_p220,0.1113465428352356,1
16380,183,106,4,ps10_v2_p220,0.1113465428352356,1
16381,183,107,4,ps10_v2_p220,0.1113465428352356,1
16382,183,108,4,ps10_v2_p220,0.1113465428352356,1
16383,183,109,4,ps10_v2_p220,0.1113465428352356,1
16384,183,110,4,ps10_v2_p220,0.1113465428352356,1
16385,183,111,4,ps10_v2_p221,0.13434189558029175,1
16386,183,112,4,ps10_v2_p221,0.13434189558029175,1
16387,183,113,4,ps10_v2_p221,0.13434189558029175,1
16388,183,114,4,ps10_v2_p221,0.13434189558029175,1
16389,183,115,4,ps10_v2_p221,0.13434189558029175,1
16390,183,116,4,ps10_v2_p221,0.13434189558029175,1
16391,183,117,4,ps10_v2_p221,0.13434189558029175,1
16392,183,118,3,ps10_v2_p147,0.15582633018493652,1
16393,183,119,3,ps10_v2_p147,0.15582633018493652,1
16394,183,120,3,ps10_v2_p147,0.15582633018493652,1
16395,183,121,3,ps10_v2_p147,0.15582633018493652,1
16396,183,122,3,ps10_v2_p147,0.15582633018493652,1
16397,183,124,3,ps10_v2_p148,0.11751148104667664,1
16398,183,125,3,ps10_v2_p148,0.11751148104667664,1
16399,183,126,3,ps10_v2_p148,0.11751148104667664,1
16400,183,129,5,ps10_v2_p277,0.15014678239822388,1
16401,183,130,5,ps10_v2_p277,0.15014678239822388,1
16402,183,136,5,ps10_v2_p277,0.15014678239822388,1
16403,183,137,5,ps10_v2_p277,0.15014678239822388,1
16404,183,138,5,ps10_v2_p277,0.15014678239822388,1
16405,183,139,5,ps10_v2_p278,0.1801295429468155,1
16406,183,140,5,ps10_v2_p278,0.1801295429468155,1
16407,183,141,5,ps10_v2_p278,0.1801295429468155,1
16408,183,142,5,ps10_v2_p278,0.1801295429468155,1
16409,183,143,5,ps10_v2_p278,0.1801295429468155,1
16410,183,144,5,ps10_v2_p278,0.1801295429468155,1
16411,183,145,5,ps10_v2_p278,0.1801295429468155,1
16412,183,146,5,ps10_v2_p278,0.1801295429468155,1
16413,183,147,5,ps10_v2_p278,0.1801295429468155,1
16414,183,148,5,ps10_v2_p278,0.1801295429468155,1
16415,183,149,5,ps10_v2_p279,0.17677779495716095,1
16416,183,150,5,ps10_v2_p279,0.17677779495716095,1
16417,183,151,5,ps10_v2_p279,0.17677779495716095,1
16418,183,152,5,ps10_v2_p279,0.17677779495716095,1
16419,183,153,5,ps10_v2_p279,0.17677779495716095,1
16420,183,154,5,ps10_v2_p279,0.17677779495716095,1
16421,183,155,5,ps10_v2_p279,0.17677779495716095,1
16422,183,156,5,ps10_v2_p279,0.17677779495716095,1
16423,183,157,5,ps10_v2_p279,0.17677779495716095,1
16424,183,158,5,ps10_v2_p279,0.17677779495716095,1
16425,183,159,5,ps10_v2_p280,0.11296647042036057,1
16426,183,160,5,ps10_v2_p280,0.11296647042036057,1
16427,183,161,5,ps10_v2_p280,0.11296647042036057,1
16428,183,162,5,ps10_v2_p280,0.11296647042036057,1
16429,183,163,5,ps10_v2_p280,0.11296647042036057,1
16430,183,164,5,ps10_v2_p280,0.11296647042036057,1
16431,183,165,5,ps10_v2_p280,0.11296647042036057,1
16432,184,62,2,ps10_v2_p093,0.10906334966421127,1
16433,184,63,2,ps10_v2_p093,0.10906334966421127,1
16434,184,93,4,ps10_v2_p219,0.105563223361969,1
16435,184,94,4,ps10_v2_p219,0.105563223361969,1
16436,184,95,4,ps10_v2_p219,0.105563223361969,1
16437,184,97,4,ps10_v2_p219,0.105563223361969,1
16438,184,98,4,ps10_v2_p219,0.105563223361969,1
16439,184,99,4,ps10_v2_p219,0.105563223361969,1
16440,184,100,4,ps10_v2_p219,0.105563223361969,1
16441,184,101,4,ps10_v2_p220,0.1113465428352356,1
16442,184,102,4,ps10_v2_p220,0.1113465428352356,1
16443,184,103,4,ps10_v2_p220,0.1113465428352356,1
16444,184,104,4,ps10_v2_p220,0.1113465428352356,1
16445,184,105,4,ps10_v2_p220,0.1113465428352356,1
16446,184,106,4,ps10_v2_p220,0.1113465428352356,1
16447,184,107,4,ps10_v2_p220,0.1113465428352356,1
16448,184,108,4,ps10_v2_p220,0.1113465428352356,1
16449,184,109,4,ps10_v2_p220,0.1113465428352356,1
16450,184,110,4,ps10_v2_p220,0.1113465428352356,1
16451,184,111,4,ps10_v2_p221,0.13434189558029175,1
16452,184,112,4,ps10_v2_p221,0.13434189558029175,1
16453,184,113,4,ps10_v2_p221,0.13434189558029175,1
16454,184,114,4,ps10_v2_p221,0.13434189558029175,1
16455,184,115,4,ps10_v2_p221,0.13434189558029175,1
16456,184,116,4,ps10_v2_p221,0.13434189558029175,1
16457,184,117,4,ps10_v2_p221,0.13434189558029175,1
16458,184,118,3,ps10_v2_p147,0.15582633018493652,1
16459,184,119,3,ps10_v2_p147,0.15582633018493652,1
16460,184,120,3,ps10_v2_p147,0.15582633018493652,1
16461,184,121,3,ps10_v2_p147,0.15582633018493652,1
16462,184,123,3,ps10_v2_p147,0.15582633018493652,1
16463,184,124,3,ps10_v2_p148,0.11751148104667664,1
16464,184,125,3,ps10_v2_p148,0.11751148104667664,1
16465,184,126,3,ps10_v2_p148,0.11751148104667664,1
16466,184,128,5,ps10_v2_p276,0.15143707394599915,1
16467,184,130,5,ps10_v2_p277,0.15014678239822388,1
16468,184,135,5,ps10_v2_p277,0.15014678239822388,1
16469,184,136,5,ps10_v2_p277,0.15014678239822388,1
16470,184,137,5,ps10_v2_p277,0.15014678239822388,1
16471,184,138,5,ps10_v2_p277,0.15014678239822388,1
16472,184,139,5,ps10_v2_p278,0.1801295429468155,1
16473,184,140,5,ps10_v2_p278,0.1801295429468155,1
16474,184,141,5,ps10_v2_p278,0.1801295429468155,1
16475,184,142,5,ps10_v2_p278,0.1801295429468155,1
16476,184,143,5,ps10_v2_p278,0.1801295429468155,1
16477,184,145,5,ps10_v2_p278,0.1801295429468155,1
16478,184,147,5,ps10_v2_p278,0.1801295429468155,1
16479,184,149,5,ps10_v2_p279,0.17677779495716095,1
16480,184,151,5,ps10_v2_p279,0.17677779495716095,1
16481,184,153,5,ps10_v2_p279,0.17677779495716095,1
16482,184,155,5,ps10_v2_p279,0.17677779495716095,1
16483,184,157,5,ps10_v2_p279,0.17677779495716095,1
16484,184,158,5,ps10_v2_p279,0.17677779495716095,1
16485,184,159,5,ps10_v2_p280,0.11296647042036057,1
16486,184,160,5,ps10_v2_p280,0.11296647042036057,1
16487,184,161,5,ps10_v2_p280,0.11296647042036057,1
16488,184,162,5,ps10_v2_p280,0.11296647042036057,1
16489,184,163,5,ps10_v2_p280,0.11296647042036057,1
16490,184,164,5,ps10_v2_p280,0.11296647042036057,1
16491,185,61,2,ps10_v2_p093,0.10906334966421127,1
16492,185,62,2,ps10_v2_p093,0.10906334966421127,1
16493,185,80,4,ps10_v2_p217,0.14144836366176605,1
16494,185,81,4,ps10_v2_p218,0.1121712401509285,1
16495,185,82,4,ps10_v2_p218,0.1121712401509285,1
16496,185,94,4,ps10_v2_p219,0.105563223361969,1
16497,185,95,4,ps10_v2_p219,0.105563223361969,1
16498,185,96,4,ps10_v2_p219,0.105563223361969,1
16499,185,97,4,ps10_v2_p219,0.105563223361969,1
16500,185,98,4,ps10_v2_p219,0.105563223361969,1
16501,185,99,4,ps10_v2_p219,0.105563223361969,1
16502,185,100,4,ps10_v2_p219,0.105563223361969,1
16503,185,101,4,ps10_v2_p220,0.1113465428352356,1
16504,185,102,4,ps10_v2_p220,0.1113465428352356,1
16505,185,103,4,ps10_v2_p220,0.1113465428352356,1
16506,185,104,4,ps10_v2_p220,0.1113465428352356,1
16507,185,105,4,ps10_v2_p220,0.1113465428352356,1
16508,185,107,4,ps10_v2_p220,0.1113465428352356,1
16509,185,108,4,ps10_v2_p220,0.1113465428352356,1
16510,185,109,4,ps10_v2_p220,0.1113465428352356,1
16511,185,110,4,ps10_v2_p220,0.1113465428352356,1
16512,185,111,4,ps10_v2_p221,0.13434189558029175,1
16513,185,112,4,ps10_v2_p221,0.13434189558029175,1
16514,185,113,4,ps10_v2_p221,0.13434189558029175,1
16515,185,114,4,ps10_v2_p221,0.13434189558029175,1
16516,185,115,4,ps10_v2_p221,0.13434189558029175,1
16517,185,116,4,ps10_v2_p221,0.13434189558029175,1
16518,185,117,3,ps10_v2_p147,0.15582633018493652,1
16519,185,118,3,ps10_v2_p147,0.15582633018493652,1
16520,185,119,3,ps10_v2_p147,0.15582633018493652,1
16521,185,120,3,ps10_v2_p147,0.15582633018493652,1
16522,185,122,3,ps10_v2_p147,0.15582633018493652,1
16523,185,123,3,ps10_v2_p147,0.15582633018493652,1
16524,185,124,3,ps10_v2_p148,0.11751148104667664,1
16525,185,127,5,ps10_v2_p276,0.15143707394599915,1
16526,185,129,5,ps10_v2_p277,0.15014678239822388,1
16527,185,134,5,ps10_v2_p277,0.15014678239822388,1
16528,185,135,5,ps10_v2_p277,0.15014678239822388,1
16529,185,136,5,ps10_v2_p277,0.15014678239822388,1
16530,185,137,5,ps10_v2_p277,0.15014678239822388,1
16531,185,138,5,ps10_v2_p277,0.15014678239822388,1
16532,185,139,5,ps10_v2_p278,0.1801295429468155,1
16533,185,140,5,ps10_v2_p278,0.1801295429468155,1
16534,185,142,5,ps10_v2_p278,0.1801295429468155,1
16535,185,144,5,ps10_v2_p278,0.1801295429468155,1
16536,185,146,5,ps10_v2_p278,0.1801295429468155,1
16537,185,148,5,ps10_v2_p278,0.1801295429468155,1
16538,185,150,5,ps10_v2_p279,0.17677779495716095,1
16539,185,152,5,ps10_v2_p279,0.17677779495716095,1
16540,185,154,5,ps10_v2_p279,0.17677779495716095,1
16541,185,156,5,ps10_v2_p279,0.17677779495716095,1
16542,185,158,5,ps10_v2_p279,0.17677779495716095,1
16543,185,160,5,ps10_v2_p280,0.11296647042036057,1
16544,185,161,5,ps10_v2_p280,0.11296647042036057,1
16545,185,162,5,ps10_v2_p280,0.11296647042036057,1
16546,185,163,5,ps10_v2_p280,0.11296647042036057,1
16547,185,164,5,ps10_v2_p280,0.11296647042036057,1
16548,185,165,5,ps10_v2_p280,0.11296647042036057,1
16549,186,51,2,,,0
16550,186,52,2,,,0
16551,186,60,2,ps10_v2_p093,0.10906334966421127,1
16552,186,61,2,ps10_v2_p093,0.10906334966421127,1
16553,186,65,2,ps10_v2_p093,0.10906334966421127,1
16554,186,75,4,ps10_v2_p222,0.12400798499584198,1
16555,186,79,4,ps10_v2_p222,0.12400798499584198,1
16556,186,80,4,ps10_v2_p222,0.12400798499584198,1
16557,186,94,4,ps10_v2_p224,0.11188839375972748,1
16558,186,95,4,ps10_v2_p224,0.11188839375972748,1
16559,186,96,4,ps10_v2_p224,0.11188839375972748,1
16560,186,97,4,ps10_v2_p224,0.11188839375972748,1
16561,186,98,4,ps10_v2_p224,0.11188839375972748,1
16562,186,99,4,ps10_v2_p224,0.11188839375972748,1
16563,186,100,4,ps10_v2_p224,0.11188839375972748,1
16564,186,101,4,ps10_v2_p225,0.10369964689016342,1
16565,186,102,4,ps10_v2_p225,0.10369964689016342,1
16566,186,103,4,ps10_v2_p225,0.10369964689016342,1
16567,186,104,4,ps10_v2_p225,0.10369964689016342,1
16568,186,106,4,ps10_v2_p225,0.10369964689016342,1
16569,186,107,4,ps10_v2_p225,0.10369964689016342,1
16570,186,108,4,ps10_v2_p225,0.10369964689016342,1
16571,186,109,4,ps10_v2_p225,0.10369964689016342,1
16572,186,110,4,ps10_v2_p225,0.10369964689016342,1
16573,186,111,4,ps10_v2_p226,0.15020239353179932,1
16574,186,112,4,ps10_v2_p226,0.15020239353179932,1
16575,186,113,4,ps10_v2_p226,0.15020239353179932,1
16576,186,114,4,ps10_v2_p226,0.15020239353179932,1
16577,186,115,4,ps10_v2_p226,0.15020239353179932,1
16578,186,116,4,ps10_v2_p226,0.15020239353179932,1
16579,186,117,3,ps10_v2_p147,0.15582633018493652,1
16580,186,118,3,ps10_v2_p147,0.15582633018493652,1
16581,186,119,3,ps10_v2_p147,0.15582633018493652,1
16582,186,121,3,ps10_v2_p147,0.15582633018493652,1
16583,186,122,3,ps10_v2_p147,0.15582633018493652,1
16584,186,123,3,ps10_v2_p147,0.15582633018493652,1
16585,186,126,5,ps10_v2_p276,0.15143707394599915,1
16586,186,128,5,ps10_v2_p276,0.15143707394599915,1
16587,186,133,5,ps10_v2_p277,0.15014678239822388,1
16588,186,134,5,ps10_v2_p277,0.15014678239822388,1
16589,186,135,5,ps10_v2_p277,0.15014678239822388,1
16590,186,136,5,ps10_v2_p277,0.15014678239822388,1
16591,186,137,5,ps10_v2_p277,0.15014678239822388,1
16592,186,139,5,ps10_v2_p278,0.1801295429468155,1
16593,186,141,5,ps10_v2_p278,0.1801295429468155,1
16594,186,142,5,ps10_v2_p278,0.1801295429468155,1
16595,186,143,5,ps10_v2_p278,0.1801295429468155,1
16596,186,144,5,ps10_v2_p278,0.1801295429468155,1
16597,186,145,5,ps10_v2_p278,0.1801295429468155,1
16598,186,146,5,ps10_v2_p278,0.1801295429468155,1
16599,186,147,5,ps10_v2_p278,0.1801295429468155,1
16600,186,148,5,ps10_v2_p278,0.1801295429468155,1
16601,186,149,5,ps10_v2_p279,0.17677779495716095,1
16602,186,150,5,ps10_v2_p279,0.17677779495716095,1
16603,186,151,5,ps10_v2_p279,0.17677779495716095,1
16604,186,152,5,ps10_v2_p279,0.17677779495716095,1
16605,186,153,5,ps10_v2_p279,0.17677779495716095,1
16606,186,154,5,ps10_v2_p279,0.17677779495716095,1
16607,186,155,5,ps10_v2_p279,0.17677779495716095,1
16608,186,157,5,ps10_v2_p279,0.17677779495716095,1
16609,186,159,5,ps10_v2_p280,0.11296647042036057,1
16610,186,161,5,ps10_v2_p280,0.11296647042036057,1
16611,186,163,5,ps10_v2_p280,0.11296647042036057,1
16612,186,165,5,ps10_v2_p280,0.11296647042036057,1
16613,187,51,2,,,0
16614,187,61,2,ps10_v2_p093,0.10906334966421127,1
16615,187,62,2,ps10_v2_p093,0.10906334966421127,1
16616,187,63,2,ps10_v2_p093,0.10906334966421127,1
16617,187,64,2,ps10_v2_p093,0.10906334966421127,1
16618,187,65,2,ps10_v2_p093,0.10906334966421127,1
16619,187,74,4,ps10_v2_p222,0.12400798499584198,1
16620,187,78,4,ps10_v2_p222,0.12400798499584198,1
16621,187,85,4,ps10_v2_p223,0.140501469373703,1
16622,187,94,4,ps10_v2_p224,0.11188839375972748,1
16623,187,96,4,ps10_v2_p224,0.11188839375972748,1
16624,187,98,4,ps10_v2_p224,0.11188839375972748,1
16625,187,100,4,ps10_v2_p224,0.11188839375972748,1
16626,187,102,4,ps10_v2_p225,0.10369964689016342,1
16627,187,103,4,ps10_v2_p225,0.10369964689016342,1
16628,187,104,4,ps10_v2_p225,0.10369964689016342,1
16629,187,105,4,ps10_v2_p225,0.10369964689016342,1
16630,187,106,4,ps10_v2_p225,0.10369964689016342,1
16631,187,107,4,ps10_v2_p225,0.10369964689016342,1
16632,187,108,4,ps10_v2_p225,0.10369964689016342,1
16633,187,109,4,ps10_v2_p225,0.10369964689016342,1
16634,187,110,4,ps10_v2_p225,0.10369964689016342,1
16635,187,111,4,ps10_v2_p226,0.15020239353179932,1
16636,187,112,4,ps10_v2_p226,0.15020239353179932,1
16637,187,113,4,ps10_v2_p226,0.15020239353179932,1
16638,187,114,4,ps10_v2_p226,0.15020239353179932,1
16639,187,115,4,ps10_v2_p226,0.15020239353179932,1
16640,187,116,4,ps10_v2_p226,0.15020239353179932,1
16641,187,117,3,ps10_v2_p147,0.15582633018493652,1
16642,187,118,3,ps10_v2_p147,0.15582633018493652,1
16643,187,120,3,ps10_v2_p147,0.15582633018493652,1
16644,187,121,3,ps10_v2_p147,0.15582633018493652,1
16645,187,125,5,ps10_v2_p276,0.15143707394599915,1
16646,187,126,5,ps10_v2_p276,0.15143707394599915,1
16647,187,127,5,ps10_v2_p276,0.15143707394599915,1
16648,187,132,5,ps10_v2_p277,0.15014678239822388,1
16649,187,133,5,ps10_v2_p277,0.15014678239822388,1
16650,187,134,5,ps10_v2_p277,0.15014678239822388,1
16651,187,136,5,ps10_v2_p277,0.15014678239822388,1
16652,187,138,5,ps10_v2_p277,0.15014678239822388,1
16653,187,139,5,ps10_v2_p278,0.1801295429468155,1
16654,187,140,5,ps10_v2_p278,0.1801295429468155,1
16655,187,141,5,ps10_v2_p278,0.1801295429468155,1
16656,187,142,5,ps10_v2_p278,0.1801295429468155,1
16657,187,143,5,ps10_v2_p278,0.1801295429468155,1
16658,187,144,5,ps10_v2_p278,0.1801295429468155,1
16659,187,145,5,ps10_v2_p278,0.1801295429468155,1
16660,187,146,5,ps10_v2_p278,0.1801295429468155,1
16661,187,147,5,ps10_v2_p278,0.1801295429468155,1
16662,187,148,5,ps10_v2_p278,0.1801295429468155,1
16663,187,149,5,ps10_v2_p279,0.17677779495716095,1
16664,187,150,5,ps10_v2_p279,0.17677779495716095,1
16665,187,151,5,ps10_v2_p279,0.17677779495716095,1
16666,187,152,5,ps10_v2_p279,0.17677779495716095,1
16667,187,153,5,ps10_v2_p279,0.17677779495716095,1
16668,187,154,5,ps10_v2_p279,0.17677779495716095,1
16669,187,155,5,ps10_v2_p279,0.17677779495716095,1
16670,187,156,5,ps10_v2_p279,0.17677779495716095,1
16671,187,157,5,ps10_v2_p279,0.17677779495716095,1
16672,187,158,5,ps10_v2_p279,0.17677779495716095,1
16673,187,159,5,ps10_v2_p280,0.11296647042036057,1
16674,187,160,5,ps10_v2_p280,0.11296647042036057,1
16675,187,162,5,ps10_v2_p280,0.11296647042036057,1
16676,187,164,5,ps10_v2_p280,0.11296647042036057,1
16677,188,51,2,,,0
16678,188,52,2,,,0
16679,188,61,2,ps10_v2_p093,0.10906334966421127,1
16680,188,62,2,ps10_v2_p093,0.10906334966421127,1
16681,188,63,2,ps10_v2_p093,0.10906334966421127,1
16682,188,64,2,ps10_v2_p093,0.10906334966421127,1
16683,188,77,4,ps10_v2_p222,0.12400798499584198,1
16684,188,84,4,ps10_v2_p223,0.140501469373703,1
16685,188,98,4,ps10_v2_p224,0.11188839375972748,1
16686,188,99,4,ps10_v2_p224,0.11188839375972748,1
16687,188,101,4,ps10_v2_p225,0.10369964689016342,1
16688,188,102,4,ps10_v2_p225,0.10369964689016342,1
16689,188,103,4,ps10_v2_p225,0.10369964689016342,1
16690,188,104,4,ps10_v2_p225,0.10369964689016342,1
16691,188,105,4,ps10_v2_p225,0.10369964689016342,1
16692,188,106,4,ps10_v2_p225,0.10369964689016342,1
16693,188,107,4,ps10_v2_p225,0.10369964689016342,1
16694,188,108,4,ps10_v2_p225,0.10369964689016342,1
16695,188,109,4,ps10_v2_p225,0.10369964689016342,1
16696,188,110,4,ps10_v2_p225,0.10369964689016342,1
16697,188,111,4,ps10_v2_p226,0.15020239353179932,1
16698,188,112,4,ps10_v2_p226,0.15020239353179932,1
16699,188,113,4,ps10_v2_p226,0.15020239353179932,1
16700,188,114,4,ps10_v2_p226,0.15020239353179932,1
16701,188,115,4,ps10_v2_p226,0.15020239353179932,1
16702,188,116,4,ps10_v2_p226,0.15020239353179932,1
16703,188,117,3,ps10_v2_p147,0.15582633018493652,1
16704,188,119,3,ps10_v2_p147,0.15582633018493652,1
16705,188,120,3,ps10_v2_p147,0.15582633018493652,1
16706,188,124,3,ps10_v2_p148,0.11751148104667664,1
16707,188,125,5,ps10_v2_p276,0.15143707394599915,1
16708,188,126,5,ps10_v2_p276,0.15143707394599915,1
16709,188,132,5,ps10_v2_p277,0.15014678239822388,1
16710,188,133,5,ps10_v2_p277,0.15014678239822388,1
16711,188,135,5,ps10_v2_p277,0.15014678239822388,1
16712,188,136,5,ps10_v2_p277,0.15014678239822388,1
16713,188,137,5,ps10_v2_p277,0.15014678239822388,1
16714,188,138,5,ps10_v2_p277,0.15014678239822388,1
16715,188,139,5,ps10_v2_p278,0.1801295429468155,1
16716,188,140,5,ps10_v2_p278,0.1801295429468155,1
16717,188,141,5,ps10_v2_p278,0.1801295429468155,1
16718,188,142,5,ps10_v2_p278,0.1801295429468155,1
16719,188,143,5,ps10_v2_p278,0.1801295429468155,1
16720,188,144,5,ps10_v2_p278,0.1801295429468155,1
16721,188,145,5,ps10_v2_p278,0.1801295429468155,1
16722,188,146,5,ps10_v2_p278,0.1801295429468155,1
16723,188,147,5,ps10_v2_p278,0.1801295429468155,1
16724,188,148,5,ps10_v2_p278,0.1801295429468155,1
16725,188,149,5,ps10_v2_p279,0.17677779495716095,1
16726,188,150,5,ps10_v2_p279,0.17677779495716095,1
16727,188,151,5,ps10_v2_p279,0.17677779495716095,1
16728,188,152,5,ps10_v2_p279,0.17677779495716095,1
16729,188,153,5,ps10_v2_p279,0.17677779495716095,1
16730,188,154,5,ps10_v2_p279,0.17677779495716095,1
16731,188,155,5,ps10_v2_p279,0.17677779495716095,1
16732,188,156,5,ps10_v2_p279,0.17677779495716095,1
16733,188,157,5,ps10_v2_p279,0.17677779495716095,1
16734,188,158,5,ps10_v2_p279,0.17677779495716095,1
16735,188,159,5,ps10_v2_p280,0.11296647042036057,1
16736,188,160,5,ps10_v2_p280,0.11296647042036057,1
16737,188,161,5,ps10_v2_p280,0.11296647042036057,1
16738,189,51,2,,,0
16739,189,52,2,,,0
16740,189,63,2,ps10_v2_p093,0.10906334966421127,1
16741,189,64,2,ps10_v2_p093,0.10906334966421127,1
16742,189,68,2,ps10_v2_p093,0.10906334966421127,1
16743,189,97,4,ps10_v2_p224,0.11188839375972748,1
16744,189,98,4,ps10_v2_p224,0.11188839375972748,1
16745,189,99,4,ps10_v2_p224,0.11188839375972748,1
16746,189,100,4,ps10_v2_p224,0.11188839375972748,1
16747,189,102,4,ps10_v2_p225,0.10369964689016342,1
16748,189,103,4,ps10_v2_p225,0.10369964689016342,1
16749,189,104,4,ps10_v2_p225,0.10369964689016342,1
16750,189,105,4,ps10_v2_p225,0.10369964689016342,1
16751,189,106,4,ps10_v2_p225,0.10369964689016342,1
16752,189,107,4,ps10_v2_p225,0.10369964689016342,1
16753,189,108,4,ps10_v2_p225,0.10369964689016342,1
16754,189,109,4,ps10_v2_p225,0.10369964689016342,1
16755,189,110,4,ps10_v2_p225,0.10369964689016342,1
16756,189,111,4,ps10_v2_p226,0.15020239353179932,1
16757,189,112,4,ps10_v2_p226,0.15020239353179932,1
16758,189,113,4,ps10_v2_p226,0.15020239353179932,1
16759,189,114,4,ps10_v2_p226,0.15020239353179932,1
16760,189,115,4,ps10_v2_p226,0.15020239353179932,1
16761,189,116,3,ps10_v2_p147,0.15582633018493652,1
16762,189,117,3,ps10_v2_p147,0.15582633018493652,1
16763,189,118,3,ps10_v2_p147,0.15582633018493652,1
16764,189,119,3,ps10_v2_p147,0.15582633018493652,1
16765,189,124,5,ps10_v2_p276,0.15143707394599915,1
16766,189,125,5,ps10_v2_p276,0.15143707394599915,1
16767,189,130,5,ps10_v2_p277,0.15014678239822388,1
16768,189,131,5,ps10_v2_p277,0.15014678239822388,1
16769,189,132,5,ps10_v2_p277,0.15014678239822388,1
16770,189,133,5,ps10_v2_p277,0.15014678239822388,1
16771,189,134,5,ps10_v2_p277,0.15014678239822388,1
16772,189,135,5,ps10_v2_p277,0.15014678239822388,1
16773,189,136,5,ps10_v2_p277,0.15014678239822388,1
16774,189,137,5,ps10_v2_p277,0.15014678239822388,1
16775,189,138,5,ps10_v2_p277,0.15014678239822388,1
16776,189,139,5,ps10_v2_p278,0.1801295429468155,1
16777,189,140,5,ps10_v2_p278,0.1801295429468155,1
16778,189,141,5,ps10_v2_p278,0.1801295429468155,1
16779,189,142,5,ps10_v2_p278,0.1801295429468155,1
16780,189,143,5,ps10_v2_p278,0.1801295429468155,1
16781,189,144,5,ps10_v2_p278,0.1801295429468155,1
16782,189,145,5,ps10_v2_p278,0.1801295429468155,1
16783,189,146,5,ps10_v2_p278,0.1801295429468155,1
16784,189,147,5,ps10_v2_p278,0.1801295429468155,1
16785,189,148,5,ps10_v2_p278,0.1801295429468155,1
16786,189,149,5,ps10_v2_p279,0.17677779495716095,1
16787,189,150,5,ps10_v2_p279,0.17677779495716095,1
16788,189,151,5,ps10_v2_p279,0.17677779495716095,1
16789,189,152,5,ps10_v2_p279,0.17677779495716095,1
16790,189,153,5,ps10_v2_p279,0.17677779495716095,1
16791,189,154,5,ps10_v2_p279,0.17677779495716095,1
16792,189,155,5,ps10_v2_p279,0.17677779495716095,1
16793,189,156,5,ps10_v2_p279,0.17677779495716095,1
16794,189,157,5,ps10_v2_p279,0.17677779495716095,1
16795,189,158,5,ps10_v2_p279,0.17677779495716095,1
16796,189,159,5,ps10_v2_p280,0.11296647042036057,1
16797,189,160,5,ps10_v2_p280,0.11296647042036057,1
16798,189,161,5,ps10_v2_p280,0.11296647042036057,1
16799,190,51,2,,,0
16800,190,62,2,ps10_v2_p093,0.10906334966421127,1
16801,190,63,2,ps10_v2_p093,0.10906334966421127,1
16802,190,65,2,ps10_v2_p093,0.10906334966421127,1
16803,190,67,2,ps10_v2_p093,0.10906334966421127,1
16804,190,97,4,ps10_v2_p224,0.11188839375972748,1
16805,190,99,4,ps10_v2_p224,0.11188839375972748,1
16806,190,101,4,ps10_v2_p225,0.10369964689016342,1
16807,190,102,4,ps10_v2_p225,0.10369964689016342,1
16808,190,103,4,ps10_v2_p225,0.10369964689016342,1
16809,190,104,4,ps10_v2_p225,0.10369964689016342,1
16810,190,105,4,ps10_v2_p225,0.10369964689016342,1
16811,190,106,4,ps10_v2_p225,0.10369964689016342,1
16812,190,107,4,ps10_v2_p225,0.10369964689016342,1
16813,190,108,4,ps10_v2_p225,0.10369964689016342,1
16814,190,109,4,ps10_v2_p225,0.10369964689016342,1
16815,190,110,4,ps10_v2_p225,0.10369964689016342,1
16816,190,112,4,ps10_v2_p226,0.15020239353179932,1
16817,190,113,4,ps10_v2_p226,0.15020239353179932,1
16818,190,114,4,ps10_v2_p226,0.15020239353179932,1
16819,190,115,4,ps10_v2_p226,0.15020239353179932,1
16820,190,116,3,,,0
16821,190,117,3,,,0
16822,190,118,3,,,0
16823,190,123,5,ps10_v2_p276,0.15143707394599915,1
16824,190,124,5,ps10_v2_p276,0.15143707394599915,1
16825,190,131,5,ps10_v2_p277,0.15014678239822388,1
16826,190,132,5,ps10_v2_p277,0.15014678239822388,1
16827,190,133,5,ps10_v2_p277,0.15014678239822388,1
16828,190,134,5,ps10_v2_p277,0.15014678239822388,1
16829,190,135,5,ps10_v2_p277,0.15014678239822388,1
16830,190,136,5,ps10_v2_p277,0.15014678239822388,1
16831,190,137,5,ps10_v2_p277,0.15014678239822388,1
16832,190,138,5,ps10_v2_p277,0.15014678239822388,1
16833,190,139,5,ps10_v2_p278,0.1801295429468155,1
16834,190,140,5,ps10_v2_p278,0.1801295429468155,1
16835,190,141,5,ps10_v2_p278,0.1801295429468155,1
16836,190,142,5,ps10_v2_p278,0.1801295429468155,1
16837,190,143,5,ps10_v2_p278,0.1801295429468155,1
16838,190,144,5,ps10_v2_p278,0.1801295429468155,1
16839,190,146,5,ps10_v2_p278,0.1801295429468155,1
16840,190,148,5,ps10_v2_p278,0.1801295429468155,1
16841,190,150,5,ps10_v2_p279,0.17677779495716095,1
16842,190,152,5,ps10_v2_p279,0.17677779495716095,1
16843,190,154,5,ps10_v2_p279,0.17677779495716095,1
16844,190,156,5,ps10_v2_p279,0.17677779495716095,1
16845,190,157,5,ps10_v2_p279,0.17677779495716095,1
16846,190,158,5,ps10_v2_p279,0.17677779495716095,1
16847,190,159,5,ps10_v2_p280,0.11296647042036057,1
16848,190,160,5,ps10_v2_p280,0.11296647042036057,1
16849,191,62,2,ps10_v2_p093,0.10906334966421127,1
16850,191,64,2,ps10_v2_p093,0.10906334966421127,1
16851,191,66,2,ps10_v2_p093,0.10906334966421127,1
16852,191,86,4,ps10_v2_p223,0.140501469373703,1
16853,191,89,4,ps10_v2_p223,0.140501469373703,1
16854,191,92,4,ps10_v2_p224,0.11188839375972748,1
16855,191,98,4,ps10_v2_p224,0.11188839375972748,1
16856,191,100,4,ps10_v2_p224,0.11188839375972748,1
16857,191,102,4,ps10_v2_p225,0.10369964689016342,1
16858,191,103,4,ps10_v2_p225,0.10369964689016342,1
16859,191,104,4,ps10_v2_p225,0.10369964689016342,1
16860,191,106,4,ps10_v2_p225,0.10369964689016342,1
16861,191,107,4,ps10_v2_p225,0.10369964689016342,1
16862,191,108,4,ps10_v2_p225,0.10369964689016342,1
16863,191,109,4,ps10_v2_p225,0.10369964689016342,1
16864,191,110,4,ps10_v2_p225,0.10369964689016342,1
16865,191,111,4,ps10_v2_p226,0.15020239353179932,1
16866,191,112,4,ps10_v2_p226,0.15020239353179932,1
16867,191,113,4,ps10_v2_p226,0.15020239353179932,1
16868,191,114,4,ps10_v2_p226,0.15020239353179932,1
16869,191,116,3,,,0
16870,191,117,3,,,0
16871,191,127,5,ps10_v2_p276,0.15143707394599915,1
16872,191,128,5,ps10_v2_p276,0.15143707394599915,1
16873,191,129,5,ps10_v2_p277,0.15014678239822388,1
16874,191,130,5,ps10_v2_p277,0.15014678239822388,1
16875,191,131,5,ps10_v2_p277,0.15014678239822388,1
16876,191,132,5,ps10_v2_p277,0.15014678239822388,1
16877,191,133,5,ps10_v2_p277,0.15014678239822388,1
16878,191,134,5,ps10_v2_p277,0.15014678239822388,1
16879,191,135,5,ps10_v2_p277,0.15014678239822388,1
16880,191,136,5,ps10_v2_p277,0.15014678239822388,1
16881,191,137,5,ps10_v2_p277,0.15014678239822388,1
16882,191,138,5,ps10_v2_p277,0.15014678239822388,1
16883,191,139,5,ps10_v2_p278,0.1801295429468155,1
16884,191,141,5,ps10_v2_p278,0.1801295429468155,1
16885,191,143,5,ps10_v2_p278,0.1801295429468155,1
16886,191,145,5,ps10_v2_p278,0.1801295429468155,1
16887,191,147,5,ps10_v2_p278,0.1801295429468155,1
16888,191,148,5,ps10_v2_p278,0.1801295429468155,1
16889,191,149,5,ps10_v2_p279,0.17677779495716095,1
16890,191,150,5,ps10_v2_p279,0.17677779495716095,1
16891,191,151,5,ps10_v2_p279,0.17677779495716095,1
16892,191,152,5,ps10_v2_p279,0.17677779495716095,1
16893,191,153,5,ps10_v2_p279,0.17677779495716095,1
16894,191,155,5,ps10_v2_p279,0.17677779495716095,1
16895,191,157,5,ps10_v2_p279,0.17677779495716095,1
16896,191,159,5,ps10_v2_p280,0.11296647042036057,1
16897,192,66,2,ps10_v2_p093,0.10906334966421127,1
16898,192,71,4,ps10_v2_p222,0.12400798499584198,1
16899,192,75,4,ps10_v2_p222,0.12400798499584198,1
16900,192,81,4,ps10_v2_p223,0.140501469373703,1
16901,192,88,4,ps10_v2_p223,0.140501469373703,1
16902,192,90,4,ps10_v2_p223,0.140501469373703,1
16903,192,91,4,ps10_v2_p224,0.11188839375972748,1
16904,192,92,4,ps10_v2_p224,0.11188839375972748,1
16905,192,99,4,ps10_v2_p224,0.11188839375972748,1
16906,192,100,4,ps10_v2_p224,0.11188839375972748,1
16907,192,102,4,ps10_v2_p225,0.10369964689016342,1
16908,192,103,4,ps10_v2_p225,0.10369964689016342,1
16909,192,104,4,ps10_v2_p225,0.10369964689016342,1
16910,192,105,4,ps10_v2_p225,0.10369964689016342,1
16911,192,106,4,ps10_v2_p225,0.10369964689016342,1
16912,192,107,4,ps10_v2_p225,0.10369964689016342,1
16913,192,108,4,ps10_v2_p225,0.10369964689016342,1
16914,192,110,4,ps10_v2_p225,0.10369964689016342,1
16915,192,111,4,ps10_v2_p226,0.15020239353179932,1
16916,192,112,4,ps10_v2_p226,0.15020239353179932,1
16917,192,113,4,ps10_v2_p226,0.15020239353179932,1
16918,192,115,4,ps10_v2_p226,0.15020239353179932,1
16919,192,116,3,,,0
16920,192,117,3,,,0
16921,192,127,5,ps10_v2_p276,0.15143707394599915,1
16922,192,128,5,ps10_v2_p276,0.15143707394599915,1
16923,192,129,5,ps10_v2_p277,0.15014678239822388,1
16924,192,130,5,ps10_v2_p277,0.15014678239822388,1
16925,192,131,5,ps10_v2_p277,0.15014678239822388,1
16926,192,132,5,ps10_v2_p277,0.15014678239822388,1
16927,192,133,5,ps10_v2_p277,0.15014678239822388,1
16928,192,134,5,ps10_v2_p277,0.15014678239822388,1
16929,192,135,5,ps10_v2_p277,0.15014678239822388,1
16930,192,136,5,ps10_v2_p277,0.15014678239822388,1
16931,192,138,5,ps10_v2_p277,0.15014678239822388,1
16932,192,140,5,ps10_v2_p278,0.1801295429468155,1
16933,192,141,5,ps10_v2_p278,0.1801295429468155,1
16934,192,142,5,ps10_v2_p278,0.1801295429468155,1
16935,192,143,5,ps10_v2_p278,0.1801295429468155,1
16936,192,144,5,ps10_v2_p278,0.1801295429468155,1
16937,192,145,5,ps10_v2_p278,0.1801295429468155,1
16938,192,146,5,ps10_v2_p278,0.1801295429468155,1
16939,192,147,5,ps10_v2_p278,0.1801295429468155,1
16940,192,148,5,ps10_v2_p278,0.1801295429468155,1
16941,192,149,5,ps10_v2_p279,0.17677779495716095,1
16942,192,150,5,ps10_v2_p279,0.17677779495716095,1
16943,192,151,5,ps10_v2_p279,0.17677779495716095,1
16944,192,152,5,ps10_v2_p279,0.17677779495716095,1
16945,192,153,5,ps10_v2_p279,0.17677779495716095,1
16946,192,154,5,ps10_v2_p279,0.17677779495716095,1
16947,192,156,5,ps10_v2_p279,0.17677779495716095,1
16948,192,158,5,ps10_v2_p279,0.17677779495716095,1
16949,193,74,4,ps10_v2_p222,0.12400798499584198,1
16950,193,80,4,ps10_v2_p222,0.12400798499584198,1
16951,193,81,4,ps10_v2_p223,0.140501469373703,1
16952,193,84,4,ps10_v2_p223,0.140501469373703,1
16953,193,89,4,ps10_v2_p223,0.140501469373703,1
16954,193,92,4,ps10_v2_p224,0.11188839375972748,1
16955,193,99,4,ps10_v2_p224,0.11188839375972748,1
16956,193,101,4,ps10_v2_p225,0.10369964689016342,1
16957,193,102,4,ps10_v2_p225,0.10369964689016342,1
16958,193,104,4,ps10_v2_p225,0.10369964689016342,1
16959,193,106,4,ps10_v2_p225,0.10369964689016342,1
16960,193,107,4,ps10_v2_p225,0.10369964689016342,1
16961,193,109,4,ps10_v2_p225,0.10369964689016342,1
16962,193,110,4,ps10_v2_p225,0.10369964689016342,1
16963,193,111,4,ps10_v2_p226,0.15020239353179932,1
16964,193,112,4,ps10_v2_p226,0.15020239353179932,1
16965,193,113,4,ps10_v2_p226,0.15020239353179932,1
16966,193,114,4,ps10_v2_p226,0.15020239353179932,1
16967,193,115,3,,,0
16968,193,116,3,,,0
16969,193,121,5,ps10_v2_p281,0.14469261467456818,1
16970,193,124,5,ps10_v2_p281,0.14469261467456818,1
16971,193,126,5,ps10_v2_p281,0.14469261467456818,1
16972,193,127,5,ps10_v2_p281,0.14469261467456818,1
16973,193,128,5,ps10_v2_p281,0.14469261467456818,1
16974,193,129,5,ps10_v2_p282,0.1846524029970169,1
16975,193,130,5,ps10_v2_p282,0.1846524029970169,1
16976,193,131,5,ps10_v2_p282,0.1846524029970169,1
16977,193,132,5,ps10_v2_p282,0.1846524029970169,1
16978,193,133,5,ps10_v2_p282,0.1846524029970169,1
16979,193,134,5,ps10_v2_p282,0.1846524029970169,1
16980,193,135,5,ps10_v2_p282,0.1846524029970169,1
16981,193,137,5,ps10_v2_p282,0.1846524029970169,1
16982,193,138,5,ps10_v2_p282,0.1846524029970169,1
16983,193,139,5,ps10_v2_p283,0.18096640706062317,1
16984,193,140,5,ps10_v2_p283,0.18096640706062317,1
16985,193,141,5,ps10_v2_p283,0.18096640706062317,1
16986,193,142,5,ps10_v2_p283,0.18096640706062317,1
16987,193,143,5,ps10_v2_p283,0.18096640706062317,1
16988,193,144,5,ps10_v2_p283,0.18096640706062317,1
16989,193,145,5,ps10_v2_p283,0.18096640706062317,1
16990,193,146,5,ps10_v2_p283,0.18096640706062317,1
16991,193,147,5,ps10_v2_p283,0.18096640706062317,1
16992,193,148,5,ps10_v2_p283,0.18096640706062317,1
16993,193,149,5,ps10_v2_p284,0.11095394939184189,1
16994,193,150,5,ps10_v2_p284,0.11095394939184189,1
16995,193,151,5,ps10_v2_p284,0.11095394939184189,1
16996,193,152,5,ps10_v2_p284,0.11095394939184189,1
16997,193,153,5,ps10_v2_p284,0.11095394939184189,1
16998,193,154,5,ps10_v2_p284,0.11095394939184189,1
16999,193,155,5,ps10_v2_p284,0.11095394939184189,1
17000,193,156,5,ps10_v2_p284,0.11095394939184189,1
17001,193,157,5,ps10_v2_p284,0.11095394939184189,1
17002,194,67,2,,,0
17003,194,78,4,ps10_v2_p222,0.12400798499584198,1
17004,194,83,4,ps10_v2_p223,0.140501469373703,1
17005,194,87,4,ps10_v2_p223,0.140501469373703,1
17006,194,89,4,ps10_v2_p223,0.140501469373703,1
17007,194,91,4,ps10_v2_p224,0.11188839375972748,1
17008,194,99,4,ps10_v2_p224,0.11188839375972748,1
17009,194,100,4,ps10_v2_p224,0.11188839375972748,1
17010,194,103,4,ps10_v2_p225,0.10369964689016342,1
17011,194,105,4,ps10_v2_p225,0.10369964689016342,1
17012,194,106,4,ps10_v2_p225,0.10369964689016342,1
17013,194,108,4,ps10_v2_p225,0.10369964689016342,1
17014,194,109,4,ps10_v2_p225,0.10369964689016342,1
17015,194,110,4,ps10_v2_p225,0.10369964689016342,1
17016,194,111,4,ps10_v2_p226,0.15020239353179932,1
17017,194,113,4,ps10_v2_p226,0.15020239353179932,1
17018,194,114,4,ps10_v2_p226,0.15020239353179932,1
17019,194,115,3,,,0
17020,194,120,5,ps10_v2_p281,0.14469261467456818,1
17021,194,123,5,ps10_v2_p281,0.14469261467456818,1
17022,194,124,5,ps10_v2_p281,0.14469261467456818,1
17023,194,125,5,ps10_v2_p281,0.14469261467456818,1
17024,194,126,5,ps10_v2_p281,0.14469261467456818,1
17025,194,127,5,ps10_v2_p281,0.14469261467456818,1
17026,194,128,5,ps10_v2_p281,0.14469261467456818,1
17027,194,129,5,ps10_v2_p282,0.1846524029970169,1
17028,194,130,5,ps10_v2_p282,0.1846524029970169,1
17029,194,131,5,ps10_v2_p282,0.1846524029970169,1
17030,194,132,5,ps10_v2_p282,0.1846524029970169,1
17031,194,134,5,ps10_v2_p282,0.1846524029970169,1
17032,194,135,5,ps10_v2_p282,0.1846524029970169,1
17033,194,136,5,ps10_v2_p282,0.1846524029970169,1
17034,194,137,5,ps10_v2_p282,0.1846524029970169,1
17035,194,138,5,ps10_v2_p282,0.1846524029970169,1
17036,194,139,5,ps10_v2_p283,0.18096640706062317,1
17037,194,140,5,ps10_v2_p283,0.18096640706062317,1
17038,194,141,5,ps10_v2_p283,0.18096640706062317,1
17039,194,142,5,ps10_v2_p283,0.18096640706062317,1
17040,194,143,5,ps10_v2_p283,0.18096640706062317,1
17041,194,144,5,ps10_v2_p283,0.18096640706062317,1
17042,194,145,5,ps10_v2_p283,0.18096640706062317,1
17043,194,146,5,ps10_v2_p283,0.18096640706062317,1
17044,194,147,5,ps10_v2_p283,0.18096640706062317,1
17045,194,148,5,ps10_v2_p283,0.18096640706062317,1
17046,194,149,5,ps10_v2_p284,0.11095394939184189,1
17047,194,150,5,ps10_v2_p284,0.11095394939184189,1
17048,194,151,5,ps10_v2_p284,0.11095394939184189,1
17049,194,152,5,ps10_v2_p284,0.11095394939184189,1
17050,194,153,5,ps10_v2_p284,0.11095394939184189,1
17051,194,154,5,ps10_v2_p284,0.11095394939184189,1
17052,194,155,5,ps10_v2_p284,0.11095394939184189,1
17053,194,157,5,ps10_v2_p284,0.11095394939184189,1
17054,195,66,2,,,0
17055,195,67,2,,,0
17056,195,77,4,ps10_v2_p222,0.12400798499584198,1
17057,195,90,4,ps10_v2_p223,0.140501469373703,1
17058,195,98,4,ps10_v2_p224,0.11188839375972748,1
17059,195,103,4,ps10_v2_p225,0.10369964689016342,1
17060,195,104,4,ps10_v2_p225,0.10369964689016342,1
17061,195,105,4,ps10_v2_p225,0.10369964689016342,1
17062,195,107,4,ps10_v2_p225,0.10369964689016342,1
17063,195,109,4,ps10_v2_p225,0.10369964689016342,1
17064,195,110,4,ps10_v2_p225,0.10369964689016342,1
17065,195,111,4,ps10_v2_p226,0.15020239353179932,1
17066,195,112,4,ps10_v2_p226,0.15020239353179932,1
17067,195,113,4,ps10_v2_p226,0.15020239353179932,1
17068,195,114,4,ps10_v2_p226,0.15020239353179932,1
17069,195,120,5,ps10_v2_p281,0.14469261467456818,1
17070,195,122,5,ps10_v2_p281,0.14469261467456818,1
17071,195,123,5,ps10_v2_p281,0.14469261467456818,1
17072,195,124,5,ps10_v2_p281,0.14469261467456818,1
17073,195,125,5,ps10_v2_p281,0.14469261467456818,1
17074,195,126,5,ps10_v2_p281,0.14469261467456818,1
17075,195,127,5,ps10_v2_p281,0.14469261467456818,1
17076,195,128,5,ps10_v2_p281,0.14469261467456818,1
17077,195,129,5,ps10_v2_p282,0.1846524029970169,1
17078,195,131,5,ps10_v2_p282,0.1846524029970169,1
17079,195,132,5,ps10_v2_p282,0.1846524029970169,1
17080,195,133,5,ps10_v2_p282,0.1846524029970169,1
17081,195,134,5,ps10_v2_p282,0.1846524029970169,1
17082,195,135,5,ps10_v2_p282,0.1846524029970169,1
17083,195,136,5,ps10_v2_p282,0.1846524029970169,1
17084,195,137,5,ps10_v2_p282,0.1846524029970169,1
17085,195,138,5,ps10_v2_p282,0.1846524029970169,1
17086,195,139,5,ps10_v2_p283,0.18096640706062317,1
17087,195,140,5,ps10_v2_p283,0.18096640706062317,1
17088,195,141,5,ps10_v2_p283,0.18096640706062317,1
17089,195,142,5,ps10_v2_p283,0.18096640706062317,1
17090,195,143,5,ps10_v2_p283,0.18096640706062317,1
17091,195,144,5,ps10_v2_p283,0.18096640706062317,1
17092,195,146,5,ps10_v2_p283,0.18096640706062317,1
17093,195,148,5,ps10_v2_p283,0.18096640706062317,1
17094,195,150,5,ps10_v2_p284,0.11095394939184189,1
17095,195,152,5,ps10_v2_p284,0.11095394939184189,1
17096,195,154,5,ps10_v2_p284,0.11095394939184189,1
17097,195,156,5,ps10_v2_p284,0.11095394939184189,1
17098,195,157,5,ps10_v2_p284,0.11095394939184189,1
17099,196,69,2,,,0
17100,196,76,4,ps10_v2_p227,0.10441964119672775,1
17101,196,87,4,ps10_v2_p228,0.10969596356153488,1
17102,196,89,4,ps10_v2_p228,0.10969596356153488,1
17103,196,92,4,ps10_v2_p229,0.10162230581045151,1
17104,196,93,4,ps10_v2_p229,0.10162230581045151,1
17105,196,94,4,ps10_v2_p229,0.10162230581045151,1
17106,196,97,4,ps10_v2_p229,0.10162230581045151,1
17107,196,98,4,ps10_v2_p229,0.10162230581045151,1
17108,196,104,4,ps10_v2_p230,0.1082744300365448,1
17109,196,106,4,ps10_v2_p230,0.1082744300365448,1
17110,196,107,4,ps10_v2_p230,0.1082744300365448,1
17111,196,108,4,ps10_v2_p230,0.1082744300365448,1
17112,196,109,4,ps10_v2_p230,0.1082744300365448,1
17113,196,111,4,ps10_v2_p231,0.0854640007019043,1
17114,196,112,4,ps10_v2_p231,0.0854640007019043,1
17115,196,113,4,ps10_v2_p231,0.0854640007019043,1
17116,196,114,4,ps10_v2_p231,0.0854640007019043,1
17117,196,124,5,ps10_v2_p281,0.14469261467456818,1
17118,196,125,5,ps10_v2_p281,0.14469261467456818,1
17119,196,126,5,ps10_v2_p281,0.14469261467456818,1
17120,196,127,5,ps10_v2_p281,0.14469261467456818,1
17121,196,128,5,ps10_v2_p281,0.14469261467456818,1
17122,196,130,5,ps10_v2_p282,0.1846524029970169,1
17123,196,131,5,ps10_v2_p282,0.1846524029970169,1
17124,196,132,5,ps10_v2_p282,0.1846524029970169,1
17125,196,133,5,ps10_v2_p282,0.1846524029970169,1
17126,196,134,5,ps10_v2_p282,0.1846524029970169,1
17127,196,135,5,ps10_v2_p282,0.1846524029970169,1
17128,196,136,5,ps10_v2_p282,0.1846524029970169,1
17129,196,137,5,ps10_v2_p282,0.1846524029970169,1
17130,196,138,5,ps10_v2_p282,0.1846524029970169,1
17131,196,139,5,ps10_v2_p283,0.18096640706062317,1
17132,196,141,5,ps10_v2_p283,0.18096640706062317,1
17133,196,143,5,ps10_v2_p283,0.18096640706062317,1
17134,196,145,5,ps10_v2_p283,0.18096640706062317,1
17135,196,147,5,ps10_v2_p283,0.18096640706062317,1
17136,196,149,5,ps10_v2_p284,0.11095394939184189,1
17137,196,151,5,ps10_v2_p284,0.11095394939184189,1
17138,196,153,5,ps10_v2_p284,0.11095394939184189,1
17139,196,155,5,ps10_v2_p284,0.11095394939184189,1
17140,196,157,5,ps10_v2_p284,0.11095394939184189,1
17141,197,68,2,,,0
17142,197,71,4,ps10_v2_p227,0.10441964119672775,1
17143,197,72,4,ps10_v2_p227,0.10441964119672775,1
17144,197,75,4,ps10_v2_p227,0.10441964119672775,1
17145,197,81,4,ps10_v2_p228,0.10969596356153488,1
17146,197,86,4,ps10_v2_p228,0.10969596356153488,1
17147,197,88,4,ps10_v2_p228,0.10969596356153488,1
17148,197,92,4,ps10_v2_p229,0.10162230581045151,1
17149,197,93,4,ps10_v2_p229,0.10162230581045151,1
17150,197,94,4,ps10_v2_p229,0.10162230581045151,1
17151,197,97,4,ps10_v2_p229,0.10162230581045151,1
17152,197,99,4,ps10_v2_p229,0.10162230581045151,1
17153,197,102,4,ps10_v2_p230,0.1082744300365448,1
17154,197,106,4,ps10_v2_p230,0.1082744300365448,1
17155,197,107,4,ps10_v2_p230,0.1082744300365448,1
17156,197,108,4,ps10_v2_p230,0.1082744300365448,1
17157,197,109,4,ps10_v2_p230,0.1082744300365448,1
17158,197,110,4,ps10_v2_p230,0.1082744300365448,1
17159,197,111,4,ps10_v2_p231,0.0854640007019043,1
17160,197,112,4,ps10_v2_p231,0.0854640007019043,1
17161,197,113,4,ps10_v2_p231,0.0854640007019043,1
17162,197,122,5,ps10_v2_p281,0.14469261467456818,1
17163,197,123,5,ps10_v2_p281,0.14469261467456818,1
17164,197,124,5,ps10_v2_p281,0.14469261467456818,1
17165,197,125,5,ps10_v2_p281,0.14469261467456818,1
17166,197,126,5,ps10_v2_p281,0.14469261467456818,1
17167,197,127,5,ps10_v2_p281,0.14469261467456818,1
17168,197,128,5,ps10_v2_p281,0.14469261467456818,1
17169,197,129,5,ps10_v2_p282,0.1846524029970169,1
17170,197,130,5,ps10_v2_p282,0.1846524029970169,1
17171,197,131,5,ps10_v2_p282,0.1846524029970169,1
17172,197,132,5,ps10_v2_p282,0.1846524029970169,1
17173,197,133,5,ps10_v2_p282,0.1846524029970169,1
17174,197,134,5,ps10_v2_p282,0.1846524029970169,1
17175,197,135,5,ps10_v2_p282,0.1846524029970169,1
17176,197,136,5,ps10_v2_p282,0.1846524029970169,1
17177,197,138,5,ps10_v2_p282,0.1846524029970169,1
17178,197,140,5,ps10_v2_p283,0.18096640706062317,1
17179,197,141,5,ps10_v2_p283,0.18096640706062317,1
17180,197,142,5,ps10_v2_p283,0.18096640706062317,1
17181,197,143,5,ps10_v2_p283,0.18096640706062317,1
17182,197,144,5,ps10_v2_p283,0.18096640706062317,1
17183,197,145,5,ps10_v2_p283,0.18096640706062317,1
17184,197,146,5,ps10_v2_p283,0.18096640706062317,1
17185,197,147,5,ps10_v2_p283,0.18096640706062317,1
17186,197,148,5,ps10_v2_p283,0.18096640706062317,1
17187,197,149,5,ps10_v2_p284,0.11095394939184189,1
17188,197,150,5,ps10_v2_p284,0.11095394939184189,1
17189,197,151,5,ps10_v2_p284,0.11095394939184189,1
17190,197,152,5,ps10_v2_p284,0.11095394939184189,1
17191,197,154,5,ps10_v2_p284,0.11095394939184189,1
17192,197,155,5,ps10_v2_p284,0.11095394939184189,1
17193,197,156,5,ps10_v2_p284,0.11095394939184189,1
17194,198,70,2,,,0
17195,198,71,4,ps10_v2_p227,0.10441964119672775,1
17196,198,75,4,ps10_v2_p227,0.10441964119672775,1
17197,198,80,4,ps10_v2_p227,0.10441964119672775,1
17198,198,88,4,ps10_v2_p228,0.10969596356153488,1
17199,198,90,4,ps10_v2_p228,0.10969596356153488,1
17200,198,92,4,ps10_v2_p229,0.10162230581045151,1
17201,198,96,4,ps10_v2_p229,0.10162230581045151,1
17202,198,98,4,ps10_v2_p229,0.10162230581045151,1
17203,198,100,4,ps10_v2_p229,0.10162230581045151,1
17204,198,101,4,ps10_v2_p230,0.1082744300365448,1
17205,198,104,4,ps10_v2_p230,0.1082744300365448,1
17206,198,106,4,ps10_v2_p230,0.1082744300365448,1
17207,198,107,4,ps10_v2_p230,0.1082744300365448,1
17208,198,109,4,ps10_v2_p230,0.1082744300365448,1
17209,198,110,4,ps10_v2_p230,0.1082744300365448,1
17210,198,111,4,ps10_v2_p231,0.0854640007019043,1
17211,198,121,5,ps10_v2_p281,0.14469261467456818,1
17212,198,122,5,ps10_v2_p281,0.14469261467456818,1
17213,198,123,5,ps10_v2_p281,0.14469261467456818,1
17214,198,124,5,ps10_v2_p281,0.14469261467456818,1
17215,198,126,5,ps10_v2_p281,0.14469261467456818,1
17216,198,127,5,ps10_v2_p281,0.14469261467456818,1
17217,198,128,5,ps10_v2_p281,0.14469261467456818,1
17218,198,129,5,ps10_v2_p282,0.1846524029970169,1
17219,198,130,5,ps10_v2_p282,0.1846524029970169,1
17220,198,131,5,ps10_v2_p282,0.1846524029970169,1
17221,198,132,5,ps10_v2_p282,0.1846524029970169,1
17222,198,133,5,ps10_v2_p282,0.1846524029970169,1
17223,198,135,5,ps10_v2_p282,0.1846524029970169,1
17224,198,137,5,ps10_v2_p282,0.1846524029970169,1
17225,198,138,5,ps10_v2_p282,0.1846524029970169,1
17226,198,139,5,ps10_v2_p283,0.18096640706062317,1
17227,198,140,5,ps10_v2_p283,0.18096640706062317,1
17228,198,141,5,ps10_v2_p283,0.18096640706062317,1
17229,198,142,5,ps10_v2_p283,0.18096640706062317,1
17230,198,143,5,ps10_v2_p283,0.18096640706062317,1
17231,198,144,5,ps10_v2_p283,0.18096640706062317,1
17232,198,145,5,ps10_v2_p283,0.18096640706062317,1
17233,198,146,5,ps10_v2_p283,0.18096640706062317,1
17234,198,147,5,ps10_v2_p283,0.18096640706062317,1
17235,198,148,5,ps10_v2_p283,0.18096640706062317,1
17236,198,149,5,ps10_v2_p284,0.11095394939184189,1
17237,198,150,5,ps10_v2_p284,0.11095394939184189,1
17238,198,151,5,ps10_v2_p284,0.11095394939184189,1
17239,198,154,5,ps10_v2_p284,0.11095394939184189,1
17240,198,155,5,ps10_v2_p284,0.11095394939184189,1
17241,199,68,2,,,0
17242,199,69,2,,,0
17243,199,71,4,ps10_v2_p227,0.10441964119672775,1
17244,199,73,4,ps10_v2_p227,0.10441964119672775,1
17245,199,76,4,ps10_v2_p227,0.10441964119672775,1
17246,199,79,4,ps10_v2_p227,0.10441964119672775,1
17247,199,87,4,ps10_v2_p228,0.10969596356153488,1
17248,199,89,4,ps10_v2_p228,0.10969596356153488,1
17249,199,93,4,ps10_v2_p229,0.10162230581045151,1
17250,199,95,4,ps10_v2_p229,0.10162230581045151,1
17251,199,97,4,ps10_v2_p229,0.10162230581045151,1
17252,199,98,4,ps10_v2_p229,0.10162230581045151,1
17253,199,99,4,ps10_v2_p229,0.10162230581045151,1
17254,199,100,4,ps10_v2_p229,0.10162230581045151,1
17255,199,102,4,ps10_v2_p230,0.1082744300365448,1
17256,199,103,4,ps10_v2_p230,0.1082744300365448,1
17257,199,105,4,ps10_v2_p230,0.1082744300365448,1
17258,199,106,4,ps10_v2_p230,0.1082744300365448,1
17259,199,107,4,ps10_v2_p230,0.1082744300365448,1
17260,199,108,4,ps10_v2_p230,0.1082744300365448,1
17261,199,109,4,ps10_v2_p230,0.1082744300365448,1
17262,199,110,4,ps10_v2_p230,0.1082744300365448,1
17263,199,121,5,ps10_v2_p281,0.14469261467456818,1
17264,199,122,5,ps10_v2_p281,0.14469261467456818,1
17265,199,123,5,ps10_v2_p281,0.14469261467456818,1
17266,199,124,5,ps10_v2_p281,0.14469261467456818,1
17267,199,125,5,ps10_v2_p281,0.14469261467456818,1
17268,199,126,5,ps10_v2_p281,0.14469261467456818,1
17269,199,127,5,ps10_v2_p281,0.14469261467456818,1
17270,199,128,5,ps10_v2_p281,0.14469261467456818,1
17271,199,129,5,ps10_v2_p282,0.1846524029970169,1
17272,199,130,5,ps10_v2_p282,0.1846524029970169,1
17273,199,131,5,ps10_v2_p282,0.1846524029970169,1
17274,199,132,5,ps10_v2_p282,0.1846524029970169,1
17275,199,134,5,ps10_v2_p282,0.1846524029970169,1
17276,199,135,5,ps10_v2_p282,0.1846524029970169,1
17277,199,136,5,ps10_v2_p282,0.1846524029970169,1
17278,199,137,5,ps10_v2_p282,0.1846524029970169,1
17279,199,138,5,ps10_v2_p282,0.1846524029970169,1
17280,199,139,5,ps10_v2_p283,0.18096640706062317,1
17281,199,140,5,ps10_v2_p283,0.18096640706062317,1
17282,199,141,5,ps10_v2_p283,0.18096640706062317,1
17283,199,142,5,ps10_v2_p283,0.18096640706062317,1
17284,199,143,5,ps10_v2_p283,0.18096640706062317,1
17285,199,144,5,ps10_v2_p283,0.18096640706062317,1
17286,199,145,5,ps10_v2_p283,0.18096640706062317,1
17287,199,146,5,ps10_v2_p283,0.18096640706062317,1
17288,199,147,5,ps10_v2_p283,0.18096640706062317,1
17289,199,148,5,ps10_v2_p283,0.18096640706062317,1
17290,199,149,5,ps10_v2_p284,0.11095394939184189,1
17291,199,150,5,ps10_v2_p284,0.11095394939184189,1
17292,199,152,5,ps10_v2_p284,0.11095394939184189,1
17293,200,68,2,,,0
17294,200,78,4,ps10_v2_p227,0.10441964119672775,1
17295,200,88,4,ps10_v2_p228,0.10969596356153488,1
17296,200,91,4,ps10_v2_p229,0.10162230581045151,1
17297,200,94,4,ps10_v2_p229,0.10162230581045151,1
17298,200,96,4,ps10_v2_p229,0.10162230581045151,1
17299,200,98,4,ps10_v2_p229,0.10162230581045151,1
17300,200,99,4,ps10_v2_p229,0.10162230581045151,1
17301,200,100,4,ps10_v2_p229,0.10162230581045151,1
17302,200,101,4,ps10_v2_p230,0.1082744300365448,1
17303,200,102,4,ps10_v2_p230,0.1082744300365448,1
17304,200,103,4,ps10_v2_p230,0.1082744300365448,1
17305,200,105,4,ps10_v2_p230,0.1082744300365448,1
17306,200,107,4,ps10_v2_p230,0.1082744300365448,1
17307,200,108,4,ps10_v2_p230,0.1082744300365448,1
17308,200,109,4,ps10_v2_p230,0.1082744300365448,1
17309,200,120,5,ps10_v2_p281,0.14469261467456818,1
17310,200,121,5,ps10_v2_p281,0.14469261467456818,1
17311,200,122,5,ps10_v2_p281,0.14469261467456818,1
17312,200,123,5,ps10_v2_p281,0.14469261467456818,1
17313,200,124,5,ps10_v2_p281,0.14469261467456818,1
17314,200,125,5,ps10_v2_p281,0.14469261467456818,1
17315,200,126,5,ps10_v2_p281,0.14469261467456818,1
17316,200,127,5,ps10_v2_p281,0.14469261467456818,1
17317,200,128,5,ps10_v2_p281,0.14469261467456818,1
17318,200,129,5,ps10_v2_p282,0.1846524029970169,1
17319,200,131,5,ps10_v2_p282,0.1846524029970169,1
17320,200,133,5,ps10_v2_p282,0.1846524029970169,1
17321,200,134,5,ps10_v2_p282,0.1846524029970169,1
17322,200,135,5,ps10_v2_p282,0.1846524029970169,1
17323,200,136,5,ps10_v2_p282,0.1846524029970169,1
17324,200,137,5,ps10_v2_p282,0.1846524029970169,1
17325,200,138,5,ps10_v2_p282,0.1846524029970169,1
17326,200,139,5,ps10_v2_p283,0.18096640706062317,1
17327,200,140,5,ps10_v2_p283,0.18096640706062317,1
17328,200,141,5,ps10_v2_p283,0.18096640706062317,1
17329,200,142,5,ps10_v2_p283,0.18096640706062317,1
17330,200,143,5,ps10_v2_p283,0.18096640706062317,1
17331,200,144,5,ps10_v2_p283,0.18096640706062317,1
17332,200,145,5,ps10_v2_p283,0.18096640706062317,1
17333,200,146,5,ps10_v2_p283,0.18096640706062317,1
17334,200,148,5,ps10_v2_p283,0.18096640706062317,1
17335,200,150,5,ps10_v2_p284,0.11095394939184189,1
17336,200,152,5,ps10_v2_p284,0.11095394939184189,1
17337,200,154,5,ps10_v2_p284,0.11095394939184189,1
17338,201,72,4,ps10_v2_p227,0.10441964119672775,1
17339,201,78,4,ps10_v2_p227,0.10441964119672775,1
17340,201,90,4,ps10_v2_p228,0.10969596356153488,1
17341,201,93,4,ps10_v2_p229,0.10162230581045151,1
17342,201,94,4,ps10_v2_p229,0.10162230581045151,1
17343,201,95,4,ps10_v2_p229,0.10162230581045151,1
17344,201,96,4,ps10_v2_p229,0.10162230581045151,1
17345,201,97,4,ps10_v2_p229,0.10162230581045151,1
17346,201,98,4,ps10_v2_p229,0.10162230581045151,1
17347,201,99,4,ps10_v2_p229,0.10162230581045151,1
17348,201,100,4,ps10_v2_p229,0.10162230581045151,1
17349,201,101,4,ps10_v2_p230,0.1082744300365448,1
17350,201,102,4,ps10_v2_p230,0.1082744300365448,1
17351,201,103,4,ps10_v2_p230,0.1082744300365448,1
17352,201,104,4,ps10_v2_p230,0.1082744300365448,1
17353,201,106,4,ps10_v2_p230,0.1082744300365448,1
17354,201,107,4,ps10_v2_p230,0.1082744300365448,1
17355,201,108,4,ps10_v2_p230,0.1082744300365448,1
17356,201,113,3,,,0
17357,201,114,3,,,0
17358,201,119,5,ps10_v2_p281,0.14469261467456818,1
17359,201,120,5,ps10_v2_p281,0.14469261467456818,1
17360,201,121,5,ps10_v2_p281,0.14469261467456818,1
17361,201,122,5,ps10_v2_p281,0.14469261467456818,1
17362,201,123,5,ps10_v2_p281,0.14469261467456818,1
17363,201,124,5,ps10_v2_p281,0.14469261467456818,1
17364,201,125,5,ps10_v2_p281,0.14469261467456818,1
17365,201,126,5,ps10_v2_p281,0.14469261467456818,1
17366,201,127,5,ps10_v2_p281,0.14469261467456818,1
17367,201,128,5,ps10_v2_p281,0.14469261467456818,1
17368,201,130,5,ps10_v2_p282,0.1846524029970169,1
17369,201,131,5,ps10_v2_p282,0.1846524029970169,1
17370,201,132,5,ps10_v2_p282,0.1846524029970169,1
17371,201,133,5,ps10_v2_p282,0.1846524029970169,1
17372,201,134,5,ps10_v2_p282,0.1846524029970169,1
17373,201,135,5,ps10_v2_p282,0.1846524029970169,1
17374,201,136,5,ps10_v2_p282,0.1846524029970169,1
17375,201,137,5,ps10_v2_p282,0.1846524029970169,1
17376,201,138,5,ps10_v2_p282,0.1846524029970169,1
17377,201,139,5,ps10_v2_p283,0.18096640706062317,1
17378,201,141,5,ps10_v2_p283,0.18096640706062317,1
17379,201,143,5,ps10_v2_p283,0.18096640706062317,1
17380,201,145,5,ps10_v2_p283,0.18096640706062317,1
17381,201,147,5,ps10_v2_p283,0.18096640706062317,1
17382,201,149,5,ps10_v2_p284,0.11095394939184189,1
17383,201,155,5,ps10_v2_p284,0.11095394939184189,1
17384,201,198,3,,,0
17385,201,199,3,,,0
17386,202,92,4,ps10_v2_p229,0.10162230581045151,1
17387,202,94,4,ps10_v2_p229,0.10162230581045151,1
17388,202,97,4,ps10_v2_p229,0.10162230581045151,1
17389,202,98,4,ps10_v2_p229,0.10162230581045151,1
17390,202,99,4,ps10_v2_p229,0.10162230581045151,1
17391,202,100,4,ps10_v2_p229,0.10162230581045151,1
17392,202,101,4,ps10_v2_p230,0.1082744300365448,1
17393,202,102,4,ps10_v2_p230,0.1082744300365448,1
17394,202,103,4,ps10_v2_p230,0.1082744300365448,1
17395,202,104,4,ps10_v2_p230,0.1082744300365448,1
17396,202,105,4,ps10_v2_p230,0.1082744300365448,1
17397,202,106,4,ps10_v2_p230,0.1082744300365448,1
17398,202,107,4,ps10_v2_p230,0.1082744300365448,1
17399,202,108,4,ps10_v2_p230,0.1082744300365448,1
17400,202,111,4,ps10_v2_p231,0.0854640007019043,1
17401,202,112,4,ps10_v2_p231,0.0854640007019043,1
17402,202,113,3,,,0
17403,202,118,5,,,0
17404,202,120,5,ps10_v2_p281,0.14469261467456818,1
17405,202,121,5,ps10_v2_p281,0.14469261467456818,1
17406,202,122,5,ps10_v2_p281,0.14469261467456818,1
17407,202,123,5,ps10_v2_p281,0.14469261467456818,1
17408,202,124,5,ps10_v2_p281,0.14469261467456818,1
17409,202,125,5,ps10_v2_p281,0.14469261467456818,1
17410,202,127,5,ps10_v2_p281,0.14469261467456818,1
17411,202,128,5,ps10_v2_p281,0.14469261467456818,1
17412,202,129,5,ps10_v2_p282,0.1846524029970169,1
17413,202,130,5,ps10_v2_p282,0.1846524029970169,1
17414,202,131,5,ps10_v2_p282,0.1846524029970169,1
17415,202,132,5,ps10_v2_p282,0.1846524029970169,1
17416,202,133,5,ps10_v2_p282,0.1846524029970169,1
17417,202,134,5,ps10_v2_p282,0.1846524029970169,1
17418,202,135,5,ps10_v2_p282,0.1846524029970169,1
17419,202,136,5,ps10_v2_p282,0.1846524029970169,1
17420,202,138,5,ps10_v2_p282,0.1846524029970169,1
17421,202,140,5,ps10_v2_p283,0.18096640706062317,1
17422,202,141,5,ps10_v2_p283,0.18096640706062317,1
17423,202,142,5,ps10_v2_p283,0.18096640706062317,1
17424,202,143,5,ps10_v2_p283,0.18096640706062317,1
17425,202,144,5,ps10_v2_p283,0.18096640706062317,1
17426,202,145,5,ps10_v2_p283,0.18096640706062317,1
17427,202,146,5,ps10_v2_p283,0.18096640706062317,1
17428,202,147,5,ps10_v2_p283,0.18096640706062317,1
17429,202,148,5,ps10_v2_p283,0.18096640706062317,1
17430,202,197,3,,,0
17431,203,77,4,ps10_v2_p227,0.10441964119672775,1
17432,203,89,4,ps10_v2_p228,0.10969596356153488,1
17433,203,90,4,ps10_v2_p228,0.10969596356153488,1
17434,203,91,4,ps10_v2_p229,0.10162230581045151,1
17435,203,99,4,ps10_v2_p229,0.10162230581045151,1
17436,203,100,4,ps10_v2_p229,0.10162230581045151,1
17437,203,101,4,ps10_v2_p230,0.1082744300365448,1
17438,203,102,4,ps10_v2_p230,0.1082744300365448,1
17439,203,103,4,ps10_v2_p230,0.1082744300365448,1
17440,203,104,4,ps10_v2_p230,0.1082744300365448,1
17441,203,109,4,ps10_v2_p230,0.1082744300365448,1
17442,203,111,4,ps10_v2_p231,0.0854640007019043,1
17443,203,112,4,ps10_v2_p231,0.0854640007019043,1
17444,203,114,5,ps10_v2_p285,0.1368570476770401,1
17445,203,115,5,ps10_v2_p285,0.1368570476770401,1
17446,203,117,5,ps10_v2_p285,0.1368570476770401,1
17447,203,119,5,ps10_v2_p286,0.18380196392536163,1
17448,203,120,5,ps10_v2_p286,0.18380196392536163,1
17449,203,121,5,ps10_v2_p286,0.18380196392536163,1
17450,203,122,5,ps10_v2_p286,0.18380196392536163,1
17451,203,123,5,ps10_v2_p286,0.18380196392536163,1
17452,203,124,5,ps10_v2_p286,0.18380196392536163,1
17453,203,126,5,ps10_v2_p286,0.18380196392536163,1
17454,203,127,5,ps10_v2_p286,0.18380196392536163,1
17455,203,128,5,ps10_v2_p286,0.18380196392536163,1
17456,203,129,5,ps10_v2_p287,0.19516095519065857,1
17457,203,130,5,ps10_v2_p287,0.19516095519065857,1
17458,203,131,5,ps10_v2_p287,0.19516095519065857,1
17459,203,132,5,ps10_v2_p287,0.19516095519065857,1
17460,203,133,5,ps10_v2_p287,0.19516095519065857,1
17461,203,135,5,ps10_v2_p287,0.19516095519065857,1
17462,203,137,5,ps10_v2_p287,0.19516095519065857,1
17463,203,138,5,ps10_v2_p287,0.19516095519065857,1
17464,203,139,5,ps10_v2_p288,0.1222662404179573,1
17465,203,140,5,ps10_v2_p288,0.1222662404179573,1
17466,203,141,5,ps10_v2_p288,0.1222662404179573,1
17467,203,142,5,ps10_v2_p288,0.1222662404179573,1
17468,203,143,5,ps10_v2_p288,0.1222662404179573,1
17469,203,144,5,ps10_v2_p288,0.1222662404179573,1
17470,203,145,5,ps10_v2_p288,0.1222662404179573,1
17471,203,146,5,ps10_v2_p288,0.1222662404179573,1
17472,203,147,5,ps10_v2_p288,0.1222662404179573,1
17473,203,148,5,ps10_v2_p288,0.1222662404179573,1
17474,203,197,3,,,0
17475,203,198,3,,,0
17476,204,77,4,ps10_v2_p227,0.10441964119672775,1
17477,204,87,4,ps10_v2_p228,0.10969596356153488,1
17478,204,89,4,ps10_v2_p228,0.10969596356153488,1
17479,204,90,4,ps10_v2_p228,0.10969596356153488,1
17480,204,95,4,ps10_v2_p229,0.10162230581045151,1
17481,204,96,4,ps10_v2_p229,0.10162230581045151,1
17482,204,98,4,ps10_v2_p229,0.10162230581045151,1
17483,204,99,4,ps10_v2_p229,0.10162230581045151,1
17484,204,100,4,ps10_v2_p229,0.10162230581045151,1
17485,204,101,4,ps10_v2_p230,0.1082744300365448,1
17486,204,102,4,ps10_v2_p230,0.1082744300365448,1
17487,204,103,4,ps10_v2_p230,0.1082744300365448,1
17488,204,104,4,ps10_v2_p230,0.1082744300365448,1
17489,204,106,4,ps10_v2_p230,0.1082744300365448,1
17490,204,107,4,ps10_v2_p230,0.1082744300365448,1
17491,204,108,4,ps10_v2_p230,0.1082744300365448,1
17492,204,109,4,ps10_v2_p230,0.1082744300365448,1
17493,204,111,4,ps10_v2_p231,0.0854640007019043,1
17494,204,113,5,ps10_v2_p285,0.1368570476770401,1
17495,204,114,5,ps10_v2_p285,0.1368570476770401,1
17496,204,116,5,ps10_v2_p285,0.1368570476770401,1
17497,204,117,5,ps10_v2_p285,0.1368570476770401,1
17498,204,118,5,ps10_v2_p285,0.1368570476770401,1
17499,204,119,5,ps10_v2_p286,0.18380196392536163,1
17500,204,120,5,ps10_v2_p286,0.18380196392536163,1
17501,204,121,5,ps10_v2_p286,0.18380196392536163,1
17502,204,122,5,ps10_v2_p286,0.18380196392536163,1
17503,204,123,5,ps10_v2_p286,0.18380196392536163,1
17504,204,124,5,ps10_v2_p286,0.18380196392536163,1
17505,204,125,5,ps10_v2_p286,0.18380196392536163,1
17506,204,126,5,ps10_v2_p286,0.18380196392536163,1
17507,204,127,5,ps10_v2_p286,0.18380196392536163,1
17508,204,128,5,ps10_v2_p286,0.18380196392536163,1
17509,204,129,5,ps10_v2_p287,0.19516095519065857,1
17510,204,130,5,ps10_v2_p287,0.19516095519065857,1
17511,204,132,5,ps10_v2_p287,0.19516095519065857,1
17512,204,134,5,ps10_v2_p287,0.19516095519065857,1
17513,204,135,5,ps10_v2_p287,0.19516095519065857,1
17514,204,136,5,ps10_v2_p287,0.19516095519065857,1
17515,204,137,5,ps10_v2_p287,0.19516095519065857,1
17516,204,138,5,ps10_v2_p287,0.19516095519065857,1
17517,204,139,5,ps10_v2_p288,0.1222662404179573,1
17518,204,140,5,ps10_v2_p288,0.1222662404179573,1
17519,204,141,5,ps10_v2_p288,0.1222662404179573,1
17520,204,142,5,ps10_v2_p288,0.1222662404179573,1
17521,204,143,5,ps10_v2_p288,0.1222662404179573,1
17522,204,144,5,ps10_v2_p288,0.1222662404179573,1
17523,204,145,5,ps10_v2_p288,0.1222662404179573,1
17524,204,146,5,ps10_v2_p288,0.1222662404179573,1
17525,204,147,5,ps10_v2_p288,0.1222662404179573,1
17526,204,148,5,ps10_v2_p288,0.1222662404179573,1
17527,204,160,5,,,0
17528,204,196,3,,,0
17529,204,197,3,,,0
17530,205,88,4,ps10_v2_p228,0.10969596356153488,1
17531,205,91,4,ps10_v2_p229,0.10162230581045151,1
17532,205,92,4,ps10_v2_p229,0.10162230581045151,1
17533,205,94,4,ps10_v2_p229,0.10162230581045151,1
17534,205,96,4,ps10_v2_p229,0.10162230581045151,1
17535,205,97,4,ps10_v2_p229,0.10162230581045151,1
17536,205,99,4,ps10_v2_p229,0.10162230581045151,1
17537,205,100,4,ps10_v2_p229,0.10162230581045151,1
17538,205,101,4,ps10_v2_p230,0.1082744300365448,1
17539,205,102,4,ps10_v2_p230,0.1082744300365448,1
17540,205,105,4,ps10_v2_p230,0.1082744300365448,1
17541,205,107,4,ps10_v2_p230,0.1082744300365448,1
17542,205,108,4,ps10_v2_p230,0.1082744300365448,1
17543,205,109,4,ps10_v2_p230,0.1082744300365448,1
17544,205,110,4,ps10_v2_p230,0.1082744300365448,1
17545,205,112,3,,,0
17546,205,113,5,ps10_v2_p285,0.1368570476770401,1
17547,205,115,5,ps10_v2_p285,0.1368570476770401,1
17548,205,116,5,ps10_v2_p285,0.1368570476770401,1
17549,205,117,5,ps10_v2_p285,0.1368570476770401,1
17550,205,118,5,ps10_v2_p285,0.1368570476770401,1
17551,205,119,5,ps10_v2_p286,0.18380196392536163,1
17552,205,120,5,ps10_v2_p286,0.18380196392536163,1
17553,205,121,5,ps10_v2_p286,0.18380196392536163,1
17554,205,122,5,ps10_v2_p286,0.18380196392536163,1
17555,205,123,5,ps10_v2_p286,0.18380196392536163,1
17556,205,124,5,ps10_v2_p286,0.18380196392536163,1
17557,205,125,5,ps10_v2_p286,0.18380196392536163,1
17558,205,126,5,ps10_v2_p286,0.18380196392536163,1
17559,205,127,5,ps10_v2_p286,0.18380196392536163,1
17560,205,128,5,ps10_v2_p286,0.18380196392536163,1
17561,205,129,5,ps10_v2_p287,0.19516095519065857,1
17562,205,131,5,ps10_v2_p287,0.19516095519065857,1
17563,205,132,5,ps10_v2_p287,0.19516095519065857,1
17564,205,133,5,ps10_v2_p287,0.19516095519065857,1
17565,205,134,5,ps10_v2_p287,0.19516095519065857,1
17566,205,135,5,ps10_v2_p287,0.19516095519065857,1
17567,205,136,5,ps10_v2_p287,0.19516095519065857,1
17568,205,137,5,ps10_v2_p287,0.19516095519065857,1
17569,205,138,5,ps10_v2_p287,0.19516095519065857,1
17570,205,139,5,ps10_v2_p288,0.1222662404179573,1
17571,205,140,5,ps10_v2_p288,0.1222662404179573,1
17572,205,141,5,ps10_v2_p288,0.1222662404179573,1
17573,205,142,5,ps10_v2_p288,0.1222662404179573,1
17574,205,144,5,ps10_v2_p288,0.1222662404179573,1
17575,205,146,5,ps10_v2_p288,0.1222662404179573,1
17576,205,148,5,ps10_v2_p288,0.1222662404179573,1
17577,205,150,5,,,0
17578,205,159,5,,,0
17579,205,197,3,,,0
17580,206,47,2,,,0
17581,206,77,4,,,0
17582,206,80,4,,,0
17583,206,90,4,,,0
17584,206,91,4,ps10_v2_p232,0.09212330728769302,1
17585,206,92,4,ps10_v2_p232,0.09212330728769302,1
17586,206,98,4,ps10_v2_p232,0.09212330728769302,1
17587,206,99,4,ps10_v2_p232,0.09212330728769302,1
17588,206,101,4,ps10_v2_p233,0.08579760789871216,1
17589,206,102,4,ps10_v2_p233,0.08579760789871216,1
17590,206,104,4,ps10_v2_p233,0.08579760789871216,1
17591,206,105,4,ps10_v2_p233,0.08579760789871216,1
17592,206,106,4,ps10_v2_p233,0.08579760789871216,1
17593,206,108,4,ps10_v2_p233,0.08579760789871216,1
17594,206,109,4,ps10_v2_p233,0.08579760789871216,1
17595,206,111,4,,,0
17596,206,112,5,ps10_v2_p285,0.1368570476770401,1
17597,206,115,5,ps10_v2_p285,0.1368570476770401,1
17598,206,116,5,ps10_v2_p285,0.1368570476770401,1
17599,206,117,5,ps10_v2_p285,0.1368570476770401,1
17600,206,118,5,ps10_v2_p285,0.1368570476770401,1
17601,206,119,5,ps10_v2_p286,0.18380196392536163,1
17602,206,121,5,ps10_v2_p286,0.18380196392536163,1
17603,206,122,5,ps10_v2_p286,0.18380196392536163,1
17604,206,123,5,ps10_v2_p286,0.18380196392536163,1
17605,206,124,5,ps10_v2_p286,0.18380196392536163,1
17606,206,125,5,ps10_v2_p286,0.18380196392536163,1
17607,206,126,5,ps10_v2_p286,0.18380196392536163,1
17608,206,128,5,ps10_v2_p286,0.18380196392536163,1
17609,206,130,5,ps10_v2_p287,0.19516095519065857,1
17610,206,131,5,ps10_v2_p287,0.19516095519065857,1
17611,206,132,5,ps10_v2_p287,0.19516095519065857,1
17612,206,133,5,ps10_v2_p287,0.19516095519065857,1
17613,206,134,5,ps10_v2_p287,0.19516095519065857,1
17614,206,135,5,ps10_v2_p287,0.19516095519065857,1
17615,206,136,5,ps10_v2_p287,0.19516095519065857,1
17616,206,137,5,ps10_v2_p287,0.19516095519065857,1
17617,206,138,5,ps10_v2_p287,0.19516095519065857,1
17618,206,139,5,ps10_v2_p288,0.1222662404179573,1
17619,206,141,5,ps10_v2_p288,0.1222662404179573,1
17620,206,143,5,ps10_v2_p288,0.1222662404179573,1
17621,206,144,5,ps10_v2_p288,0.1222662404179573,1
17622,206,145,5,ps10_v2_p288,0.1222662404179573,1
17623,206,147,5,ps10_v2_p288,0.1222662404179573,1
17624,206,148,5,ps10_v2_p288,0.1222662404179573,1
17625,206,149,5,,,0
17626,206,196,3,,,0
17627,207,46,2,,,0
17628,207,76,4,,,0
17629,207,79,4,,,0
17630,207,81,4,,,0
17631,207,89,4,,,0
17632,207,91,4,ps10_v2_p232,0.09212330728769302,1
17633,207,97,4,ps10_v2_p232,0.09212330728769302,1
17634,207,98,4,ps10_v2_p232,0.09212330728769302,1
17635,207,100,4,ps10_v2_p232,0.09212330728769302,1
17636,207,101,4,ps10_v2_p233,0.08579760789871216,1
17637,207,102,4,ps10_v2_p233,0.08579760789871216,1
17638,207,104,4,ps10_v2_p233,0.08579760789871216,1
17639,207,105,4,ps10_v2_p233,0.08579760789871216,1
17640,207,107,4,ps10_v2_p233,0.08579760789871216,1
17641,207,108,4,ps10_v2_p233,0.08579760789871216,1
17642,207,109,4,ps10_v2_p233,0.08579760789871216,1
17643,207,110,4,ps10_v2_p233,0.08579760789871216,1
17644,207,111,4,,,0
17645,207,113,5,ps10_v2_p285,0.1368570476770401,1
17646,207,114,5,ps10_v2_p285,0.1368570476770401,1
17647,207,115,5,ps10_v2_p285,0.1368570476770401,1
17648,207,116,5,ps10_v2_p285,0.1368570476770401,1
17649,207,117,5,ps10_v2_p285,0.1368570476770401,1
17650,207,118,5,ps10_v2_p285,0.1368570476770401,1
17651,207,120,5,ps10_v2_p286,0.18380196392536163,1
17652,207,121,5,ps10_v2_p286,0.18380196392536163,1
17653,207,122,5,ps10_v2_p286,0.18380196392536163,1
17654,207,123,5,ps10_v2_p286,0.18380196392536163,1
17655,207,124,5,ps10_v2_p286,0.18380196392536163,1
17656,207,125,5,ps10_v2_p286,0.18380196392536163,1
17657,207,127,5,ps10_v2_p286,0.18380196392536163,1
17658,207,128,5,ps10_v2_p286,0.18380196392536163,1
17659,207,129,5,ps10_v2_p287,0.19516095519065857,1
17660,207,130,5,ps10_v2_p287,0.19516095519065857,1
17661,207,131,5,ps10_v2_p287,0.19516095519065857,1
17662,207,132,5,ps10_v2_p287,0.19516095519065857,1
17663,207,133,5,ps10_v2_p287,0.19516095519065857,1
17664,207,134,5,ps10_v2_p287,0.19516095519065857,1
17665,207,135,5,ps10_v2_p287,0.19516095519065857,1
17666,207,136,5,ps10_v2_p287,0.19516095519065857,1
17667,207,138,5,ps10_v2_p287,0.19516095519065857,1
17668,207,139,5,ps10_v2_p288,0.1222662404179573,1
17669,207,140,5,ps10_v2_p288,0.1222662404179573,1
17670,207,141,5,ps10_v2_p288,0.1222662404179573,1
17671,207,142,5,ps10_v2_p288,0.1222662404179573,1
17672,207,143,5,ps10_v2_p288,0.1222662404179573,1
17673,207,144,5,ps10_v2_p288,0.1222662404179573,1
17674,207,145,5,ps10_v2_p288,0.1222662404179573,1
17675,207,146,5,ps10_v2_p288,0.1222662404179573,1
17676,207,147,5,ps10_v2_p288,0.1222662404179573,1
17677,207,148,5,ps10_v2_p288,0.1222662404179573,1
17678,208,75,3,,,0
17679,208,76,3,,,0
17680,208,78,4,,,0
17681,208,94,4,ps10_v2_p232,0.09212330728769302,1
17682,208,96,4,ps10_v2_p232,0.09212330728769302,1
17683,208,97,4,ps10_v2_p232,0.09212330728769302,1
17684,208,99,4,ps10_v2_p232,0.09212330728769302,1
17685,208,101,4,ps10_v2_p233,0.08579760789871216,1
17686,208,103,4,ps10_v2_p233,0.08579760789871216,1
17687,208,104,4,ps10_v2_p233,0.08579760789871216,1
17688,208,107,4,ps10_v2_p233,0.08579760789871216,1
17689,208,108,4,ps10_v2_p233,0.08579760789871216,1
17690,208,109,4,ps10_v2_p233,0.08579760789871216,1
17691,208,110,4,ps10_v2_p233,0.08579760789871216,1
17692,208,112,5,ps10_v2_p285,0.1368570476770401,1
17693,208,113,5,ps10_v2_p285,0.1368570476770401,1
17694,208,114,5,ps10_v2_p285,0.1368570476770401,1
17695,208,115,5,ps10_v2_p285,0.1368570476770401,1
17696,208,116,5,ps10_v2_p285,0.1368570476770401,1
17697,208,117,5,ps10_v2_p285,0.1368570476770401,1
17698,208,118,5,ps10_v2_p285,0.1368570476770401,1
17699,208,119,5,ps10_v2_p286,0.18380196392536163,1
17700,208,120,5,ps10_v2_p286,0.18380196392536163,1
17701,208,121,5,ps10_v2_p286,0.18380196392536163,1
17702,208,122,5,ps10_v2_p286,0.18380196392536163,1
17703,208,124,5,ps10_v2_p286,0.18380196392536163,1
17704,208,125,5,ps10_v2_p286,0.18380196392536163,1
17705,208,126,5,ps10_v2_p286,0.18380196392536163,1
17706,208,127,5,ps10_v2_p286,0.18380196392536163,1
17707,208,128,5,ps10_v2_p286,0.18380196392536163,1
17708,208,129,5,ps10_v2_p287,0.19516095519065857,1
17709,208,130,5,ps10_v2_p287,0.19516095519065857,1
17710,208,131,5,ps10_v2_p287,0.19516095519065857,1
17711,208,133,5,ps10_v2_p287,0.19516095519065857,1
17712,208,135,5,ps10_v2_p287,0.19516095519065857,1
17713,208,136,5,ps10_v2_p287,0.19516095519065857,1
17714,208,137,5,ps10_v2_p287,0.19516095519065857,1
17715,208,138,5,ps10_v2_p287,0.19516095519065857,1
17716,208,139,5,ps10_v2_p288,0.1222662404179573,1
17717,208,140,5,ps10_v2_p288,0.1222662404179573,1
17718,208,141,5,ps10_v2_p288,0.1222662404179573,1
17719,208,142,5,ps10_v2_p288,0.1222662404179573,1
17720,208,143,5,ps10_v2_p288,0.1222662404179573,1
17721,208,144,5,ps10_v2_p288,0.1222662404179573,1
17722,208,155,5,,,0
17723,209,76,3,,,0
17724,209,77,3,,,0
17725,209,85,4,,,0
17726,209,90,4,,,0
17727,209,93,4,ps10_v2_p232,0.09212330728769302,1
17728,209,95,4,ps10_v2_p232,0.09212330728769302,1
17729,209,98,4,ps10_v2_p232,0.09212330728769302,1
17730,209,100,4,ps10_v2_p232,0.09212330728769302,1
17731,209,101,4,ps10_v2_p233,0.08579760789871216,1
17732,209,102,4,ps10_v2_p233,0.08579760789871216,1
17733,209,103,4,ps10_v2_p233,0.08579760789871216,1
17734,209,107,4,ps10_v2_p233,0.08579760789871216,1
17735,209,108,4,ps10_v2_p233,0.08579760789871216,1
17736,209,109,4,ps10_v2_p233,0.08579760789871216,1
17737,209,111,5,ps10_v2_p285,0.1368570476770401,1
17738,209,112,5,ps10_v2_p285,0.1368570476770401,1
17739,209,113,5,ps10_v2_p285,0.1368570476770401,1
17740,209,114,5,ps10_v2_p285,0.1368570476770401,1
17741,209,116,5,ps10_v2_p285,0.1368570476770401,1
17742,209,117,5,ps10_v2_p285,0.1368570476770401,1
17743,209,118,5,ps10_v2_p285,0.1368570476770401,1
17744,209,119,5,ps10_v2_p286,0.18380196392536163,1
17745,209,120,5,ps10_v2_p286,0.18380196392536163,1
17746,209,121,5,ps10_v2_p286,0.18380196392536163,1
17747,209,123,5,ps10_v2_p286,0.18380196392536163,1
17748,209,124,5,ps10_v2_p286,0.18380196392536163,1
17749,209,125,5,ps10_v2_p286,0.18380196392536163,1
17750,209,126,5,ps10_v2_p286,0.18380196392536163,1
17751,209,127,5,ps10_v2_p286,0.18380196392536163,1
17752,209,128,5,ps10_v2_p286,0.18380196392536163,1
17753,209,130,5,ps10_v2_p287,0.19516095519065857,1
17754,209,132,5,ps10_v2_p287,0.19516095519065857,1
17755,209,133,5,ps10_v2_p287,0.19516095519065857,1
17756,209,134,5,ps10_v2_p287,0.19516095519065857,1
17757,209,135,5,ps10_v2_p287,0.19516095519065857,1
17758,209,136,5,ps10_v2_p287,0.19516095519065857,1
17759,209,137,5,ps10_v2_p287,0.19516095519065857,1
17760,209,138,5,ps10_v2_p287,0.19516095519065857,1
17761,209,139,5,ps10_v2_p288,0.1222662404179573,1
17762,209,140,5,ps10_v2_p288,0.1222662404179573,1
17763,209,141,5,ps10_v2_p288,0.1222662404179573,1
17764,209,142,5,ps10_v2_p288,0.1222662404179573,1
17765,209,153,5,,,0
17766,210,75,3,ps10_v2_p149,0.06987669318914413,1
17767,210,76,3,ps10_v2_p149,0.06987669318914413,1
17768,210,79,3,ps10_v2_p149,0.06987669318914413,1
17769,210,95,4,ps10_v2_p232,0.09212330728769302,1
17770,210,96,4,ps10_v2_p232,0.09212330728769302,1
17771,210,97,4,ps10_v2_p232,0.09212330728769302,1
17772,210,98,4,ps10_v2_p232,0.09212330728769302,1
17773,210,100,4,ps10_v2_p232,0.09212330728769302,1
17774,210,102,4,ps10_v2_p233,0.08579760789871216,1
17775,210,103,4,ps10_v2_p233,0.08579760789871216,1
17776,210,107,4,ps10_v2_p233,0.08579760789871216,1
17777,210,108,4,ps10_v2_p233,0.08579760789871216,1
17778,210,111,5,ps10_v2_p285,0.1368570476770401,1
17779,210,112,5,ps10_v2_p285,0.1368570476770401,1
17780,210,113,5,ps10_v2_p285,0.1368570476770401,1
17781,210,115,5,ps10_v2_p285,0.1368570476770401,1
17782,210,116,5,ps10_v2_p285,0.1368570476770401,1
17783,210,117,5,ps10_v2_p285,0.1368570476770401,1
17784,210,118,5,ps10_v2_p285,0.1368570476770401,1
17785,210,119,5,ps10_v2_p286,0.18380196392536163,1
17786,210,120,5,ps10_v2_p286,0.18380196392536163,1
17787,210,121,5,ps10_v2_p286,0.18380196392536163,1
17788,210,122,5,ps10_v2_p286,0.18380196392536163,1
17789,210,123,5,ps10_v2_p286,0.18380196392536163,1
17790,210,124,5,ps10_v2_p286,0.18380196392536163,1
17791,210,125,5,ps10_v2_p286,0.18380196392536163,1
17792,210,126,5,ps10_v2_p286,0.18380196392536163,1
17793,210,127,5,ps10_v2_p286,0.18380196392536163,1
17794,210,129,5,ps10_v2_p287,0.19516095519065857,1
17795,210,130,5,ps10_v2_p287,0.19516095519065857,1
17796,210,131,5,ps10_v2_p287,0.19516095519065857,1
17797,210,132,5,ps10_v2_p287,0.19516095519065857,1
17798,210,133,5,ps10_v2_p287,0.19516095519065857,1
17799,210,134,5,ps10_v2_p287,0.19516095519065857,1
17800,210,135,5,ps10_v2_p287,0.19516095519065857,1
17801,210,136,5,ps10_v2_p287,0.19516095519065857,1
17802,210,137,5,ps10_v2_p287,0.19516095519065857,1
17803,210,138,5,ps10_v2_p287,0.19516095519065857,1
17804,210,139,5,ps10_v2_p288,0.1222662404179573,1
17805,210,140,5,ps10_v2_p288,0.1222662404179573,1
17806,210,142,5,ps10_v2_p288,0.1222662404179573,1
17807,210,154,5,,,0
17808,211,78,3,ps10_v2_p149,0.06987669318914413,1
17809,211,81,3,ps10_v2_p149,0.06987669318914413,1
17810,211,94,4,ps10_v2_p232,0.09212330728769302,1
17811,211,95,4,ps10_v2_p232,0.09212330728769302,1
17812,211,96,4,ps10_v2_p232,0.09212330728769302,1
17813,211,99,4,ps10_v2_p232,0.09212330728769302,1
17814,211,102,4,ps10_v2_p233,0.08579760789871216,1
17815,211,105,4,ps10_v2_p233,0.08579760789871216,1
17816,211,106,4,ps10_v2_p233,0.08579760789871216,1
17817,211,107,4,ps10_v2_p233,0.08579760789871216,1
17818,211,109,4,ps10_v2_p233,0.08579760789871216,1
17819,211,110,4,ps10_v2_p233,0.08579760789871216,1
17820,211,111,5,ps10_v2_p285,0.1368570476770401,1
17821,211,112,5,ps10_v2_p285,0.1368570476770401,1
17822,211,114,5,ps10_v2_p285,0.1368570476770401,1
17823,211,115,5,ps10_v2_p285,0.1368570476770401,1
17824,211,116,5,ps10_v2_p285,0.1368570476770401,1
17825,211,117,5,ps10_v2_p285,0.1368570476770401,1
17826,211,119,5,ps10_v2_p286,0.18380196392536163,1
17827,211,120,5,ps10_v2_p286,0.18380196392536163,1
17828,211,121,5,ps10_v2_p286,0.18380196392536163,1
17829,211,122,5,ps10_v2_p286,0.18380196392536163,1
17830,211,123,5,ps10_v2_p286,0.18380196392536163,1
17831,211,124,5,ps10_v2_p286,0.18380196392536163,1
17832,211,126,5,ps10_v2_p286,0.18380196392536163,1
17833,211,127,5,ps10_v2_p286,0.18380196392536163,1
17834,211,128,5,ps10_v2_p286,0.18380196392536163,1
17835,211,129,5,ps10_v2_p287,0.19516095519065857,1
17836,211,130,5,ps10_v2_p287,0.19516095519065857,1
17837,211,131,5,ps10_v2_p287,0.19516095519065857,1
17838,211,132,5,ps10_v2_p287,0.19516095519065857,1
17839,211,133,5,ps10_v2_p287,0.19516095519065857,1
17840,211,134,5,ps10_v2_p287,0.19516095519065857,1
17841,211,135,5,ps10_v2_p287,0.19516095519065857,1
17842,211,137,5,ps10_v2_p287,0.19516095519065857,1
17843,211,139,5,ps10_v2_p288,0.1222662404179573,1
17844,211,141,5,ps10_v2_p288,0.1222662404179573,1
17845,211,152,5,,,0
17846,212,77,3,ps10_v2_p149,0.06987669318914413,1
17847,212,80,3,ps10_v2_p149,0.06987669318914413,1
17848,212,81,3,ps10_v2_p149,0.06987669318914413,1
17849,212,93,4,ps10_v2_p232,0.09212330728769302,1
17850,212,94,4,ps10_v2_p232,0.09212330728769302,1
17851,212,100,4,ps10_v2_p232,0.09212330728769302,1
17852,212,101,4,ps10_v2_p233,0.08579760789871216,1
17853,212,104,4,ps10_v2_p233,0.08579760789871216,1
17854,212,106,4,ps10_v2_p233,0.08579760789871216,1
17855,212,109,4,ps10_v2_p233,0.08579760789871216,1
17856,212,110,4,ps10_v2_p233,0.08579760789871216,1
17857,212,111,5,ps10_v2_p285,0.1368570476770401,1
17858,212,112,5,ps10_v2_p285,0.1368570476770401,1
17859,212,113,5,ps10_v2_p285,0.1368570476770401,1
17860,212,114,5,ps10_v2_p285,0.1368570476770401,1
17861,212,115,5,ps10_v2_p285,0.1368570476770401,1
17862,212,116,5,ps10_v2_p285,0.1368570476770401,1
17863,212,118,5,ps10_v2_p285,0.1368570476770401,1
17864,212,119,5,ps10_v2_p286,0.18380196392536163,1
17865,212,120,5,ps10_v2_p286,0.18380196392536163,1
17866,212,121,5,ps10_v2_p286,0.18380196392536163,1
17867,212,122,5,ps10_v2_p286,0.18380196392536163,1
17868,212,123,5,ps10_v2_p286,0.18380196392536163,1
17869,212,125,5,ps10_v2_p286,0.18380196392536163,1
17870,212,126,5,ps10_v2_p286,0.18380196392536163,1
17871,212,127,5,ps10_v2_p286,0.18380196392536163,1
17872,212,128,5,ps10_v2_p286,0.18380196392536163,1
17873,212,129,5,ps10_v2_p287,0.19516095519065857,1
17874,212,130,5,ps10_v2_p287,0.19516095519065857,1
17875,212,131,5,ps10_v2_p287,0.19516095519065857,1
17876,212,132,5,ps10_v2_p287,0.19516095519065857,1
17877,212,134,5,ps10_v2_p287,0.19516095519065857,1
17878,212,136,5,ps10_v2_p287,0.19516095519065857,1
17879,212,137,5,ps10_v2_p287,0.19516095519065857,1
17880,212,138,5,ps10_v2_p287,0.19516095519065857,1
17881,212,140,5,ps10_v2_p288,0.1222662404179573,1
17882,212,149,5,,,0
17883,212,150,5,,,0
17884,212,151,5,,,0
17885,213,78,3,ps10_v2_p149,0.06987669318914413,1
17886,213,79,3,ps10_v2_p149,0.06987669318914413,1
17887,213,80,3,ps10_v2_p149,0.06987669318914413,1
17888,213,92,4,ps10_v2_p232,0.09212330728769302,1
17889,213,99,4,ps10_v2_p232,0.09212330728769302,1
17890,213,100,4,ps10_v2_p232,0.09212330728769302,1
17891,213,105,4,ps10_v2_p233,0.08579760789871216,1
17892,213,106,4,ps10_v2_p233,0.08579760789871216,1
17893,213,107,4,ps10_v2_p233,0.08579760789871216,1
17894,213,108,4,ps10_v2_p233,0.08579760789871216,1
17895,213,109,4,ps10_v2_p233,0.08579760789871216,1
17896,213,110,5,ps10_v2_p290,0.17964956164360046,1
17897,213,111,5,ps10_v2_p290,0.17964956164360046,1
17898,213,112,5,ps10_v2_p290,0.17964956164360046,1
17899,213,113,5,ps10_v2_p290,0.17964956164360046,1
17900,213,114,5,ps10_v2_p290,0.17964956164360046,1
17901,213,115,5,ps10_v2_p290,0.17964956164360046,1
17902,213,117,5,ps10_v2_p290,0.17964956164360046,1
17903,213,118,5,ps10_v2_p290,0.17964956164360046,1
17904,213,119,5,ps10_v2_p291,0.1972144991159439,1
17905,213,120,5,ps10_v2_p291,0.1972144991159439,1
17906,213,121,5,ps10_v2_p291,0.1972144991159439,1
17907,213,122,5,ps10_v2_p291,0.1972144991159439,1
17908,213,123,5,ps10_v2_p291,0.1972144991159439,1
17909,213,124,5,ps10_v2_p291,0.1972144991159439,1
17910,213,125,5,ps10_v2_p291,0.1972144991159439,1
17911,213,126,5,ps10_v2_p291,0.1972144991159439,1
17912,213,127,5,ps10_v2_p291,0.1972144991159439,1
17913,213,128,5,ps10_v2_p291,0.1972144991159439,1
17914,213,129,5,ps10_v2_p292,0.1465497612953186,1
17915,213,131,5,ps10_v2_p292,0.1465497612953186,1
17916,213,132,5,ps10_v2_p292,0.1465497612953186,1
17917,213,133,5,ps10_v2_p292,0.1465497612953186,1
17918,213,134,5,ps10_v2_p292,0.1465497612953186,1
17919,213,135,5,ps10_v2_p292,0.1465497612953186,1
17920,213,136,5,ps10_v2_p292,0.1465497612953186,1
17921,213,137,5,ps10_v2_p292,0.1465497612953186,1
17922,213,138,5,ps10_v2_p292,0.1465497612953186,1
17923,213,150,5,,,0
17924,214,77,3,ps10_v2_p149,0.06987669318914413,1
17925,214,78,3,ps10_v2_p149,0.06987669318914413,1
17926,214,81,3,ps10_v2_p149,0.06987669318914413,1
17927,214,82,3,ps10_v2_p149,0.06987669318914413,1
17928,214,86,3,ps10_v2_p150,0.08408323675394058,1
17929,214,97,4,ps10_v2_p232,0.09212330728769302,1
17930,214,98,4,ps10_v2_p232,0.09212330728769302,1
17931,214,99,4,ps10_v2_p232,0.09212330728769302,1
17932,214,102,4,ps10_v2_p233,0.08579760789871216,1
17933,214,103,4,ps10_v2_p233,0.08579760789871216,1
17934,214,104,4,ps10_v2_p233,0.08579760789871216,1
17935,214,105,4,ps10_v2_p233,0.08579760789871216,1
17936,214,106,4,ps10_v2_p233,0.08579760789871216,1
17937,214,107,4,ps10_v2_p233,0.08579760789871216,1
17938,214,108,4,ps10_v2_p233,0.08579760789871216,1
17939,214,109,4,ps10_v2_p233,0.08579760789871216,1
17940,214,110,5,ps10_v2_p290,0.17964956164360046,1
17941,214,111,5,ps10_v2_p290,0.17964956164360046,1
17942,214,112,5,ps10_v2_p290,0.17964956164360046,1
17943,214,113,5,ps10_v2_p290,0.17964956164360046,1
17944,214,114,5,ps10_v2_p290,0.17964956164360046,1
17945,214,115,5,ps10_v2_p290,0.17964956164360046,1
17946,214,116,5,ps10_v2_p290,0.17964956164360046,1
17947,214,117,5,ps10_v2_p290,0.17964956164360046,1
17948,214,118,5,ps10_v2_p290,0.17964956164360046,1
17949,214,119,5,ps10_v2_p291,0.1972144991159439,1
17950,214,121,5,ps10_v2_p291,0.1972144991159439,1
17951,214,122,5,ps10_v2_p291,0.1972144991159439,1
17952,214,123,5,ps10_v2_p291,0.1972144991159439,1
17953,214,124,5,ps10_v2_p291,0.1972144991159439,1
17954,214,125,5,ps10_v2_p291,0.1972144991159439,1
17955,214,126,5,ps10_v2_p291,0.1972144991159439,1
17956,214,127,5,ps10_v2_p291,0.1972144991159439,1
17957,214,128,5,ps10_v2_p291,0.1972144991159439,1
17958,214,130,5,ps10_v2_p292,0.1465497612953186,1
17959,214,131,5,ps10_v2_p292,0.1465497612953186,1
17960,214,132,5,ps10_v2_p292,0.1465497612953186,1
17961,214,133,5,ps10_v2_p292,0.1465497612953186,1
17962,214,134,5,ps10_v2_p292,0.1465497612953186,1
17963,214,135,5,ps10_v2_p292,0.1465497612953186,1
17964,214,136,5,ps10_v2_p292,0.1465497612953186,1
17965,214,137,5,ps10_v2_p292,0.1465497612953186,1
17966,214,139,5,,,0
17967,214,149,5,,,0
17968,215,77,3,ps10_v2_p149,0.06987669318914413,1
17969,215,80,3,ps10_v2_p149,0.06987669318914413,1
17970,215,81,3,ps10_v2_p149,0.06987669318914413,1
17971,215,82,3,ps10_v2_p149,0.06987669318914413,1
17972,215,83,3,ps10_v2_p149,0.06987669318914413,1
17973,215,97,4,ps10_v2_p232,0.09212330728769302,1
17974,215,98,4,ps10_v2_p232,0.09212330728769302,1
17975,215,100,4,ps10_v2_p232,0.09212330728769302,1
17976,215,101,4,ps10_v2_p233,0.08579760789871216,1
17977,215,102,4,ps10_v2_p233,0.08579760789871216,1
17978,215,104,4,ps10_v2_p233,0.08579760789871216,1
17979,215,105,4,ps10_v2_p233,0.08579760789871216,1
17980,215,106,4,ps10_v2_p233,0.08579760789871216,1
17981,215,108,4,ps10_v2_p233,0.08579760789871216,1
17982,215,109,4,ps10_v2_p233,0.08579760789871216,1
17983,215,110,5,ps10_v2_p290,0.17964956164360046,1
17984,215,111,5,ps10_v2_p290,0.17964956164360046,1
17985,215,113,5,ps10_v2_p290,0.17964956164360046,1
17986,215,114,5,ps10_v2_p290,0.17964956164360046,1
17987,215,115,5,ps10_v2_p290,0.17964956164360046,1
17988,215,116,5,ps10_v2_p290,0.17964956164360046,1
17989,215,117,5,ps10_v2_p290,0.17964956164360046,1
17990,215,118,5,ps10_v2_p290,0.17964956164360046,1
17991,215,120,5,ps10_v2_p291,0.1972144991159439,1
17992,215,121,5,ps10_v2_p291,0.1972144991159439,1
17993,215,122,5,ps10_v2_p291,0.1972144991159439,1
17994,215,123,5,ps10_v2_p291,0.1972144991159439,1
17995,215,124,5,ps10_v2_p291,0.1972144991159439,1
17996,215,125,5,ps10_v2_p291,0.1972144991159439,1
17997,215,127,5,ps10_v2_p291,0.1972144991159439,1
17998,215,128,5,ps10_v2_p291,0.1972144991159439,1
17999,215,129,5,ps10_v2_p292,0.1465497612953186,1
18000,215,130,5,ps10_v2_p292,0.1465497612953186,1
18001,215,131,5,ps10_v2_p292,0.1465497612953186,1
18002,215,132,5,ps10_v2_p292,0.1465497612953186,1
18003,215,133,5,ps10_v2_p292,0.1465497612953186,1
18004,215,134,5,ps10_v2_p292,0.1465497612953186,1
18005,215,135,5,ps10_v2_p292,0.1465497612953186,1
18006,215,136,5,ps10_v2_p292,0.1465497612953186,1
18007,215,138,5,ps10_v2_p292,0.1465497612953186,1
18008,216,80,3,ps10_v2_p149,0.06987669318914413,1
18009,216,81,3,ps10_v2_p149,0.06987669318914413,1
18010,216,83,3,ps10_v2_p149,0.06987669318914413,1
18011,216,89,3,ps10_v2_p150,0.08408323675394058,1
18012,216,90,3,ps10_v2_p150,0.08408323675394058,1
18013,216,94,3,ps10_v2_p151,0.11262638121843338,1
18014,216,95,3,ps10_v2_p151,0.11262638121843338,1
18015,216,96,3,ps10_v2_p151,0.11262638121843338,1
18016,216,97,3,ps10_v2_p151,0.11262638121843338,1
18017,216,98,4,,,0
18018,216,99,4,,,0
18019,216,100,4,,,0
18020,216,102,4,ps10_v2_p234,0.1334492564201355,1
18021,216,103,4,ps10_v2_p234,0.1334492564201355,1
18022,216,104,4,ps10_v2_p234,0.1334492564201355,1
18023,216,105,4,ps10_v2_p234,0.1334492564201355,1
18024,216,107,4,ps10_v2_p234,0.1334492564201355,1
18025,216,108,4,ps10_v2_p234,0.1334492564201355,1
18026,216,109,4,ps10_v2_p234,0.1334492564201355,1
18027,216,110,5,ps10_v2_p290,0.17964956164360046,1
18028,216,112,5,ps10_v2_p290,0.17964956164360046,1
18029,216,113,5,ps10_v2_p290,0.17964956164360046,1
18030,216,114,5,ps10_v2_p290,0.17964956164360046,1
18031,216,115,5,ps10_v2_p290,0.17964956164360046,1
18032,216,117,5,ps10_v2_p290,0.17964956164360046,1
18033,216,118,5,ps10_v2_p290,0.17964956164360046,1
18034,216,119,5,ps10_v2_p291,0.1972144991159439,1
18035,216,120,5,ps10_v2_p291,0.1972144991159439,1
18036,216,121,5,ps10_v2_p291,0.1972144991159439,1
18037,216,122,5,ps10_v2_p291,0.1972144991159439,1
18038,216,124,5,ps10_v2_p291,0.1972144991159439,1
18039,216,125,5,ps10_v2_p291,0.1972144991159439,1
18040,216,126,5,ps10_v2_p291,0.1972144991159439,1
18041,216,127,5,ps10_v2_p291,0.1972144991159439,1
18042,216,128,5,ps10_v2_p291,0.1972144991159439,1
18043,216,129,5,ps10_v2_p292,0.1465497612953186,1
18044,216,130,5,ps10_v2_p292,0.1465497612953186,1
18045,216,131,5,ps10_v2_p292,0.1465497612953186,1
18046,216,132,5,ps10_v2_p292,0.1465497612953186,1
18047,216,133,5,ps10_v2_p292,0.1465497612953186,1
18048,216,135,5,ps10_v2_p292,0.1465497612953186,1
18049,216,137,5,ps10_v2_p292,0.1465497612953186,1
18050,217,79,3,ps10_v2_p149,0.06987669318914413,1
18051,217,82,3,ps10_v2_p149,0.06987669318914413,1
18052,217,84,3,ps10_v2_p150,0.08408323675394058,1
18053,217,87,3,ps10_v2_p150,0.08408323675394058,1
18054,217,88,3,ps10_v2_p150,0.08408323675394058,1
18055,217,89,3,ps10_v2_p150,0.08408323675394058,1
18056,217,95,3,ps10_v2_p151,0.11262638121843338,1
18057,217,96,3,ps10_v2_p151,0.11262638121843338,1
18058,217,97,3,ps10_v2_p151,0.11262638121843338,1
18059,217,101,4,ps10_v2_p234,0.1334492564201355,1
18060,217,102,4,ps10_v2_p234,0.1334492564201355,1
18061,217,103,4,ps10_v2_p234,0.1334492564201355,1
18062,217,104,4,ps10_v2_p234,0.1334492564201355,1
18063,217,106,4,ps10_v2_p234,0.1334492564201355,1
18064,217,107,4,ps10_v2_p234,0.1334492564201355,1
18065,217,108,4,ps10_v2_p234,0.1334492564201355,1
18066,217,109,5,ps10_v2_p290,0.17964956164360046,1
18067,217,111,5,ps10_v2_p290,0.17964956164360046,1
18068,217,112,5,ps10_v2_p290,0.17964956164360046,1
18069,217,113,5,ps10_v2_p290,0.17964956164360046,1
18070,217,114,5,ps10_v2_p290,0.17964956164360046,1
18071,217,116,5,ps10_v2_p290,0.17964956164360046,1
18072,217,117,5,ps10_v2_p290,0.17964956164360046,1
18073,217,118,5,ps10_v2_p290,0.17964956164360046,1
18074,217,119,5,ps10_v2_p291,0.1972144991159439,1
18075,217,120,5,ps10_v2_p291,0.1972144991159439,1
18076,217,121,5,ps10_v2_p291,0.1972144991159439,1
18077,217,123,5,ps10_v2_p291,0.1972144991159439,1
18078,217,124,5,ps10_v2_p291,0.1972144991159439,1
18079,217,125,5,ps10_v2_p291,0.1972144991159439,1
18080,217,126,5,ps10_v2_p291,0.1972144991159439,1
18081,217,127,5,ps10_v2_p291,0.1972144991159439,1
18082,217,128,5,ps10_v2_p291,0.1972144991159439,1
18083,217,129,5,ps10_v2_p292,0.1465497612953186,1
18084,217,130,5,ps10_v2_p292,0.1465497612953186,1
18085,217,132,5,ps10_v2_p292,0.1465497612953186,1
18086,217,133,5,ps10_v2_p292,0.1465497612953186,1
18087,217,134,5,ps10_v2_p292,0.1465497612953186,1
18088,217,135,5,ps10_v2_p292,0.1465497612953186,1
18089,217,136,5,ps10_v2_p292,0.1465497612953186,1
18090,218,83,3,ps10_v2_p149,0.06987669318914413,1
18091,218,84,3,ps10_v2_p150,0.08408323675394058,1
18092,218,85,3,ps10_v2_p150,0.08408323675394058,1
18093,218,86,3,ps10_v2_p150,0.08408323675394058,1
18094,218,88,3,ps10_v2_p150,0.08408323675394058,1
18095,218,101,3,ps10_v2_p151,0.11262638121843338,1
18096,218,102,3,ps10_v2_p151,0.11262638121843338,1
18097,218,103,4,ps10_v2_p234,0.1334492564201355,1
18098,218,105,4,ps10_v2_p234,0.1334492564201355,1
18099,218,106,4,ps10_v2_p234,0.1334492564201355,1
18100,218,107,4,ps10_v2_p234,0.1334492564201355,1
18101,218,108,4,ps10_v2_p234,0.1334492564201355,1
18102,218,109,5,ps10_v2_p290,0.17964956164360046,1
18103,218,110,5,ps10_v2_p290,0.17964956164360046,1
18104,218,111,5,ps10_v2_p290,0.17964956164360046,1
18105,218,112,5,ps10_v2_p290,0.17964956164360046,1
18106,218,113,5,ps10_v2_p290,0.17964956164360046,1
18107,218,115,5,ps10_v2_p290,0.17964956164360046,1
18108,218,116,5,ps10_v2_p290,0.17964956164360046,1
18109,218,117,5,ps10_v2_p290,0.17964956164360046,1
18110,218,118,5,ps10_v2_p290,0.17964956164360046,1
18111,218,120,5,ps10_v2_p291,0.1972144991159439,1
18112,218,121,5,ps10_v2_p291,0.1972144991159439,1
18113,218,122,5,ps10_v2_p291,0.1972144991159439,1
18114,218,123,5,ps10_v2_p291,0.1972144991159439,1
18115,218,124,5,ps10_v2_p291,0.1972144991159439,1
18116,218,125,5,ps10_v2_p291,0.1972144991159439,1
18117,218,126,5,ps10_v2_p291,0.1972144991159439,1
18118,218,127,5,ps10_v2_p291,0.1972144991159439,1
18119,218,129,5,ps10_v2_p292,0.1465497612953186,1
18120,218,130,5,ps10_v2_p292,0.1465497612953186,1
18121,218,131,5,ps10_v2_p292,0.1465497612953186,1
18122,218,132,5,ps10_v2_p292,0.1465497612953186,1
18123,218,133,5,ps10_v2_p292,0.1465497612953186,1
18124,218,134,5,ps10_v2_p292,0.1465497612953186,1
18125,218,135,5,ps10_v2_p292,0.1465497612953186,1
18126,218,136,5,ps10_v2_p292,0.1465497612953186,1
18127,218,180,3,,,0
18128,219,81,3,ps10_v2_p149,0.06987669318914413,1
18129,219,82,3,ps10_v2_p149,0.06987669318914413,1
18130,219,83,3,ps10_v2_p149,0.06987669318914413,1
18131,219,84,3,ps10_v2_p150,0.08408323675394058,1
18132,219,85,3,ps10_v2_p150,0.08408323675394058,1
18133,219,86,3,ps10_v2_p150,0.08408323675394058,1
18134,219,87,3,ps10_v2_p150,0.08408323675394058,1
18135,219,92,3,ps10_v2_p150,0.08408323675394058,1
18136,219,93,3,ps10_v2_p150,0.08408323675394058,1
18137,219,100,3,ps10_v2_p151,0.11262638121843338,1
18138,219,101,3,ps10_v2_p151,0.11262638121843338,1
18139,219,102,3,ps10_v2_p151,0.11262638121843338,1
18140,219,103,5,ps10_v2_p289,0.16794033348560333,1
18141,219,104,5,ps10_v2_p289,0.16794033348560333,1
18142,219,105,5,ps10_v2_p289,0.16794033348560333,1
18143,219,106,4,ps10_v2_p234,0.1334492564201355,1
18144,219,107,4,ps10_v2_p234,0.1334492564201355,1
18145,219,108,4,ps10_v2_p234,0.1334492564201355,1
18146,219,109,5,ps10_v2_p290,0.17964956164360046,1
18147,219,110,5,ps10_v2_p290,0.17964956164360046,1
18148,219,111,5,ps10_v2_p290,0.17964956164360046,1
18149,219,112,5,ps10_v2_p290,0.17964956164360046,1
18150,219,113,5,ps10_v2_p290,0.17964956164360046,1
18151,219,114,5,ps10_v2_p290,0.17964956164360046,1
18152,219,115,5,ps10_v2_p290,0.17964956164360046,1
18153,219,116,5,ps10_v2_p290,0.17964956164360046,1
18154,219,117,5,ps10_v2_p290,0.17964956164360046,1
18155,219,119,5,ps10_v2_p291,0.1972144991159439,1
18156,219,120,5,ps10_v2_p291,0.1972144991159439,1
18157,219,121,5,ps10_v2_p291,0.1972144991159439,1
18158,219,122,5,ps10_v2_p291,0.1972144991159439,1
18159,219,123,5,ps10_v2_p291,0.1972144991159439,1
18160,219,124,5,ps10_v2_p291,0.1972144991159439,1
18161,219,126,5,ps10_v2_p291,0.1972144991159439,1
18162,219,127,5,ps10_v2_p291,0.1972144991159439,1
18163,219,128,5,ps10_v2_p291,0.1972144991159439,1
18164,219,129,5,ps10_v2_p292,0.1465497612953186,1
18165,219,130,5,ps10_v2_p292,0.1465497612953186,1
18166,219,131,5,ps10_v2_p292,0.1465497612953186,1
18167,219,132,5,ps10_v2_p292,0.1465497612953186,1
18168,219,133,5,ps10_v2_p292,0.1465497612953186,1
18169,219,135,5,ps10_v2_p292,0.1465497612953186,1
18170,219,137,5,ps10_v2_p292,0.1465497612953186,1
18171,219,179,3,,,0
18172,220,81,3,,,0
18173,220,82,3,,,0
18174,220,83,3,,,0
18175,220,84,3,ps10_v2_p152,0.0854070782661438,1
18176,220,85,3,ps10_v2_p152,0.0854070782661438,1
18177,220,86,3,ps10_v2_p152,0.0854070782661438,1
18178,220,91,3,ps10_v2_p152,0.0854070782661438,1
18179,220,92,3,ps10_v2_p152,0.0854070782661438,1
18180,220,100,3,ps10_v2_p153,0.10314977169036865,1
18181,220,101,3,ps10_v2_p153,0.10314977169036865,1
18182,220,102,5,ps10_v2_p289,0.16794033348560333,1
18183,220,103,5,ps10_v2_p289,0.16794033348560333,1
18184,220,104,5,ps10_v2_p289,0.16794033348560333,1
18185,220,105,5,ps10_v2_p289,0.16794033348560333,1
18186,220,106,5,ps10_v2_p289,0.16794033348560333,1
18187,220,107,5,ps10_v2_p289,0.16794033348560333,1
18188,220,108,5,ps10_v2_p289,0.16794033348560333,1
18189,220,109,5,ps10_v2_p290,0.17964956164360046,1
18190,220,111,5,ps10_v2_p290,0.17964956164360046,1
18191,220,112,5,ps10_v2_p290,0.17964956164360046,1
18192,220,113,5,ps10_v2_p290,0.17964956164360046,1
18193,220,114,5,ps10_v2_p290,0.17964956164360046,1
18194,220,115,5,ps10_v2_p290,0.17964956164360046,1
18195,220,116,5,ps10_v2_p290,0.17964956164360046,1
18196,220,117,5,ps10_v2_p290,0.17964956164360046,1
18197,220,118,5,ps10_v2_p290,0.17964956164360046,1
18198,220,119,5,ps10_v2_p291,0.1972144991159439,1
18199,220,120,5,ps10_v2_p291,0.1972144991159439,1
18200,220,121,5,ps10_v2_p291,0.1972144991159439,1
18201,220,122,5,ps10_v2_p291,0.1972144991159439,1
18202,220,123,5,ps10_v2_p291,0.1972144991159439,1
18203,220,125,5,ps10_v2_p291,0.1972144991159439,1
18204,220,126,5,ps10_v2_p291,0.1972144991159439,1
18205,220,127,5,ps10_v2_p291,0.1972144991159439,1
18206,220,128,5,ps10_v2_p291,0.1972144991159439,1
18207,220,129,5,ps10_v2_p292,0.1465497612953186,1
18208,220,130,5,ps10_v2_p292,0.1465497612953186,1
18209,220,131,5,ps10_v2_p292,0.1465497612953186,1
18210,220,132,5,ps10_v2_p292,0.1465497612953186,1
18211,220,134,5,ps10_v2_p292,0.1465497612953186,1
18212,220,179,3,,,0
18213,221,81,3,,,0
18214,221,83,3,,,0
18215,221,84,3,ps10_v2_p152,0.0854070782661438,1
18216,221,85,3,ps10_v2_p152,0.0854070782661438,1
18217,221,90,3,ps10_v2_p152,0.0854070782661438,1
18218,221,91,3,ps10_v2_p152,0.0854070782661438,1
18219,221,92,3,ps10_v2_p152,0.0854070782661438,1
18220,221,95,3,ps10_v2_p153,0.10314977169036865,1
18221,221,98,3,ps10_v2_p153,0.10314977169036865,1
18222,221,99,3,ps10_v2_p153,0.10314977169036865,1
18223,221,100,3,ps10_v2_p153,0.10314977169036865,1
18224,221,101,3,ps10_v2_p153,0.10314977169036865,1
18225,221,102,5,ps10_v2_p289,0.16794033348560333,1
18226,221,103,5,ps10_v2_p289,0.16794033348560333,1
18227,221,105,5,ps10_v2_p289,0.16794033348560333,1
18228,221,106,5,ps10_v2_p289,0.16794033348560333,1
18229,221,107,5,ps10_v2_p289,0.16794033348560333,1
18230,221,108,5,ps10_v2_p289,0.16794033348560333,1
18231,221,110,5,ps10_v2_p290,0.17964956164360046,1
18232,221,111,5,ps10_v2_p290,0.17964956164360046,1
18233,221,112,5,ps10_v2_p290,0.17964956164360046,1
18234,221,113,5,ps10_v2_p290,0.17964956164360046,1
18235,221,115,5,ps10_v2_p290,0.17964956164360046,1
18236,221,116,5,ps10_v2_p290,0.17964956164360046,1
18237,221,117,5,ps10_v2_p290,0.17964956164360046,1
18238,221,118,5,ps10_v2_p290,0.17964956164360046,1
18239,221,119,5,ps10_v2_p291,0.1972144991159439,1
18240,221,120,5,ps10_v2_p291,0.1972144991159439,1
18241,221,122,5,ps10_v2_p291,0.1972144991159439,1
18242,221,123,5,ps10_v2_p291,0.1972144991159439,1
18243,221,124,5,ps10_v2_p291,0.1972144991159439,1
18244,221,125,5,ps10_v2_p291,0.1972144991159439,1
18245,221,126,5,ps10_v2_p291,0.1972144991159439,1
18246,221,127,5,ps10_v2_p291,0.1972144991159439,1
18247,221,128,5,ps10_v2_p291,0.1972144991159439,1
18248,221,129,5,ps10_v2_p292,0.1465497612953186,1
18249,221,131,5,ps10_v2_p292,0.1465497612953186,1
18250,221,132,5,ps10_v2_p292,0.1465497612953186,1
18251,221,133,5,ps10_v2_p292,0.1465497612953186,1
18252,221,135,5,ps10_v2_p292,0.1465497612953186,1
18253,221,178,3,,,0
18254,222,83,3,,,0
18255,222,84,3,ps10_v2_p152,0.0854070782661438,1
18256,222,86,3,ps10_v2_p152,0.0854070782661438,1
18257,222,87,3,ps10_v2_p152,0.0854070782661438,1
18258,222,88,3,ps10_v2_p152,0.0854070782661438,1
18259,222,89,3,ps10_v2_p152,0.0854070782661438,1
18260,222,90,3,ps10_v2_p152,0.0854070782661438,1
18261,222,91,3,ps10_v2_p152,0.0854070782661438,1
18262,222,96,3,ps10_v2_p153,0.10314977169036865,1
18263,222,97,3,ps10_v2_p153,0.10314977169036865,1
18264,222,99,3,ps10_v2_p153,0.10314977169036865,1
18265,222,100,3,ps10_v2_p153,0.10314977169036865,1
18266,222,101,5,ps10_v2_p289,0.16794033348560333,1
18267,222,102,5,ps10_v2_p289,0.16794033348560333,1
18268,222,104,5,ps10_v2_p289,0.16794033348560333,1
18269,222,105,5,ps10_v2_p289,0.16794033348560333,1
18270,222,106,5,ps10_v2_p289,0.16794033348560333,1
18271,222,107,5,ps10_v2_p289,0.16794033348560333,1
18272,222,108,5,ps10_v2_p289,0.16794033348560333,1
18273,222,109,5,ps10_v2_p290,0.17964956164360046,1
18274,222,110,5,ps10_v2_p290,0.17964956164360046,1
18275,222,111,5,ps10_v2_p290,0.17964956164360046,1
18276,222,112,5,ps10_v2_p290,0.17964956164360046,1
18277,222,114,5,ps10_v2_p290,0.17964956164360046,1
18278,222,115,5,ps10_v2_p290,0.17964956164360046,1
18279,222,116,5,ps10_v2_p290,0.17964956164360046,1
18280,222,117,5,ps10_v2_p290,0.17964956164360046,1
18281,222,118,5,ps10_v2_p290,0.17964956164360046,1
18282,222,119,5,ps10_v2_p291,0.1972144991159439,1
18283,222,120,5,ps10_v2_p291,0.1972144991159439,1
18284,222,121,5,ps10_v2_p291,0.1972144991159439,1
18285,222,122,5,ps10_v2_p291,0.1972144991159439,1
18286,222,123,5,ps10_v2_p291,0.1972144991159439,1
18287,222,124,5,ps10_v2_p291,0.1972144991159439,1
18288,222,125,5,ps10_v2_p291,0.1972144991159439,1
18289,222,126,5,ps10_v2_p291,0.1972144991159439,1
18290,222,128,5,ps10_v2_p291,0.1972144991159439,1
18291,222,129,5,ps10_v2_p292,0.1465497612953186,1
18292,222,130,5,ps10_v2_p292,0.1465497612953186,1
18293,222,131,5,ps10_v2_p292,0.1465497612953186,1
18294,222,132,5,ps10_v2_p292,0.1465497612953186,1
18295,222,177,3,,,0
18296,222,178,3,,,0
18297,223,84,3,ps10_v2_p152,0.0854070782661438,1
18298,223,85,3,ps10_v2_p152,0.0854070782661438,1
18299,223,86,3,ps10_v2_p152,0.0854070782661438,1
18300,223,87,3,ps10_v2_p152,0.0854070782661438,1
18301,223,88,3,ps10_v2_p152,0.0854070782661438,1
18302,223,90,3,ps10_v2_p152,0.0854070782661438,1
18303,223,95,3,ps10_v2_p153,0.10314977169036865,1
18304,223,96,3,ps10_v2_p153,0.10314977169036865,1
18305,223,98,3,ps10_v2_p153,0.10314977169036865,1
18306,223,99,3,ps10_v2_p153,0.10314977169036865,1
18307,223,100,5,ps10_v2_p294,0.15891022980213165,1
18308,223,101,5,ps10_v2_p294,0.15891022980213165,1
18309,223,103,5,ps10_v2_p294,0.15891022980213165,1
18310,223,104,5,ps10_v2_p294,0.15891022980213165,1
18311,223,105,5,ps10_v2_p294,0.15891022980213165,1
18312,223,106,5,ps10_v2_p294,0.15891022980213165,1
18313,223,107,5,ps10_v2_p294,0.15891022980213165,1
18314,223,108,5,ps10_v2_p294,0.15891022980213165,1
18315,223,109,5,ps10_v2_p295,0.17424511909484863,1
18316,223,110,5,ps10_v2_p295,0.17424511909484863,1
18317,223,111,5,ps10_v2_p295,0.17424511909484863,1
18318,223,112,5,ps10_v2_p295,0.17424511909484863,1
18319,223,113,5,ps10_v2_p295,0.17424511909484863,1
18320,223,114,5,ps10_v2_p295,0.17424511909484863,1
18321,223,115,5,ps10_v2_p295,0.17424511909484863,1
18322,223,116,5,ps10_v2_p295,0.17424511909484863,1
18323,223,118,5,ps10_v2_p295,0.17424511909484863,1
18324,223,119,5,ps10_v2_p296,0.14857228100299835,1
18325,223,120,5,ps10_v2_p296,0.14857228100299835,1
18326,223,121,5,ps10_v2_p296,0.14857228100299835,1
18327,223,122,5,ps10_v2_p296,0.14857228100299835,1
18328,223,123,5,ps10_v2_p296,0.14857228100299835,1
18329,223,125,5,ps10_v2_p296,0.14857228100299835,1
18330,223,126,5,ps10_v2_p296,0.14857228100299835,1
18331,223,127,5,ps10_v2_p296,0.14857228100299835,1
18332,223,128,5,ps10_v2_p296,0.14857228100299835,1
18333,223,129,5,ps10_v2_p297,0.1282331943511963,1
18334,223,130,5,ps10_v2_p297,0.1282331943511963,1
18335,223,131,5,ps10_v2_p297,0.1282331943511963,1
18336,223,132,5,ps10_v2_p297,0.1282331943511963,1
18337,223,177,3,,,0
18338,224,84,3,ps10_v2_p152,0.0854070782661438,1
18339,224,85,3,ps10_v2_p152,0.0854070782661438,1
18340,224,86,3,ps10_v2_p152,0.0854070782661438,1
18341,224,87,3,ps10_v2_p152,0.0854070782661438,1
18342,224,88,3,ps10_v2_p152,0.0854070782661438,1
18343,224,89,3,ps10_v2_p152,0.0854070782661438,1
18344,224,95,3,ps10_v2_p153,0.10314977169036865,1
18345,224,97,3,ps10_v2_p153,0.10314977169036865,1
18346,224,98,3,ps10_v2_p153,0.10314977169036865,1
18347,224,99,3,ps10_v2_p153,0.10314977169036865,1
18348,224,100,5,ps10_v2_p294,0.15891022980213165,1
18349,224,101,5,ps10_v2_p294,0.15891022980213165,1
18350,224,102,5,ps10_v2_p294,0.15891022980213165,1
18351,224,103,5,ps10_v2_p294,0.15891022980213165,1
18352,224,104,5,ps10_v2_p294,0.15891022980213165,1
18353,224,105,5,ps10_v2_p294,0.15891022980213165,1
18354,224,106,5,ps10_v2_p294,0.15891022980213165,1
18355,224,107,5,ps10_v2_p294,0.15891022980213165,1
18356,224,108,5,ps10_v2_p294,0.15891022980213165,1
18357,224,110,5,ps10_v2_p295,0.17424511909484863,1
18358,224,111,5,ps10_v2_p295,0.17424511909484863,1
18359,224,112,5,ps10_v2_p295,0.17424511909484863,1
18360,224,113,5,ps10_v2_p295,0.17424511909484863,1
18361,224,114,5,ps10_v2_p295,0.17424511909484863,1
18362,224,115,5,ps10_v2_p295,0.17424511909484863,1
18363,224,117,5,ps10_v2_p295,0.17424511909484863,1
18364,224,118,5,ps10_v2_p295,0.17424511909484863,1
18365,224,119,5,ps10_v2_p296,0.14857228100299835,1
18366,224,120,5,ps10_v2_p296,0.14857228100299835,1
18367,224,121,5,ps10_v2_p296,0.14857228100299835,1
18368,224,122,5,ps10_v2_p296,0.14857228100299835,1
18369,224,123,5,ps10_v2_p296,0.14857228100299835,1
18370,224,124,5,ps10_v2_p296,0.14857228100299835,1
18371,224,125,5,ps10_v2_p296,0.14857228100299835,1
18372,224,126,5,ps10_v2_p296,0.14857228100299835,1
18373,224,127,5,ps10_v2_p296,0.14857228100299835,1
18374,224,128,5,ps10_v2_p296,0.14857228100299835,1
18375,224,129,5,ps10_v2_p297,0.1282331943511963,1
18376,224,130,5,ps10_v2_p297,0.1282331943511963,1
18377,224,131,5,ps10_v2_p297,0.1282331943511963,1
18378,224,133,5,ps10_v2_p297,0.1282331943511963,1
18379,224,176,3,,,0
18380,225,86,3,ps10_v2_p152,0.0854070782661438,1
18381,225,87,3,ps10_v2_p152,0.0854070782661438,1
18382,225,88,3,ps10_v2_p152,0.0854070782661438,1
18383,225,89,3,ps10_v2_p152,0.0854070782661438,1
18384,225,94,3,ps10_v2_p153,0.10314977169036865,1
18385,225,96,3,ps10_v2_p153,0.10314977169036865,1
18386,225,97,3,ps10_v2_p153,0.10314977169036865,1
18387,225,98,3,ps10_v2_p153,0.10314977169036865,1
18388,225,99,5,ps10_v2_p294,0.15891022980213165,1
18389,225,100,5,ps10_v2_p294,0.15891022980213165,1
18390,225,101,5,ps10_v2_p294,0.15891022980213165,1
18391,225,102,5,ps10_v2_p294,0.15891022980213165,1
18392,225,104,5,ps10_v2_p294,0.15891022980213165,1
18393,225,105,5,ps10_v2_p294,0.15891022980213165,1
18394,225,106,5,ps10_v2_p294,0.15891022980213165,1
18395,225,107,5,ps10_v2_p294,0.15891022980213165,1
18396,225,109,5,ps10_v2_p295,0.17424511909484863,1
18397,225,110,5,ps10_v2_p295,0.17424511909484863,1
18398,225,111,5,ps10_v2_p295,0.17424511909484863,1
18399,225,112,5,ps10_v2_p295,0.17424511909484863,1
18400,225,113,5,ps10_v2_p295,0.17424511909484863,1
18401,225,114,5,ps10_v2_p295,0.17424511909484863,1
18402,225,115,5,ps10_v2_p295,0.17424511909484863,1
18403,225,116,5,ps10_v2_p295,0.17424511909484863,1
18404,225,117,5,ps10_v2_p295,0.17424511909484863,1
18405,225,118,5,ps10_v2_p295,0.17424511909484863,1
18406,225,119,5,ps10_v2_p296,0.14857228100299835,1
18407,225,121,5,ps10_v2_p296,0.14857228100299835,1
18408,225,122,5,ps10_v2_p296,0.14857228100299835,1
18409,225,123,5,ps10_v2_p296,0.14857228100299835,1
18410,225,124,5,ps10_v2_p296,0.14857228100299835,1
18411,225,125,5,ps10_v2_p296,0.14857228100299835,1
18412,225,126,5,ps10_v2_p296,0.14857228100299835,1
18413,225,127,5,ps10_v2_p296,0.14857228100299835,1
18414,225,128,5,ps10_v2_p296,0.14857228100299835,1
18415,225,130,5,ps10_v2_p297,0.1282331943511963,1
18416,225,132,5,ps10_v2_p297,0.1282331943511963,1
18417,226,85,3,ps10_v2_p152,0.0854070782661438,1
18418,226,86,3,ps10_v2_p152,0.0854070782661438,1
18419,226,87,3,ps10_v2_p152,0.0854070782661438,1
18420,226,88,3,ps10_v2_p152,0.0854070782661438,1
18421,226,95,3,ps10_v2_p153,0.10314977169036865,1
18422,226,96,3,ps10_v2_p153,0.10314977169036865,1
18423,226,97,3,ps10_v2_p153,0.10314977169036865,1
18424,226,98,5,ps10_v2_p293,0.14337746798992157,1
18425,226,99,5,ps10_v2_p294,0.15891022980213165,1
18426,226,100,5,ps10_v2_p294,0.15891022980213165,1
18427,226,101,5,ps10_v2_p294,0.15891022980213165,1
18428,226,103,5,ps10_v2_p294,0.15891022980213165,1
18429,226,104,5,ps10_v2_p294,0.15891022980213165,1
18430,226,105,5,ps10_v2_p294,0.15891022980213165,1
18431,226,106,5,ps10_v2_p294,0.15891022980213165,1
18432,226,108,5,ps10_v2_p294,0.15891022980213165,1
18433,226,109,5,ps10_v2_p295,0.17424511909484863,1
18434,226,110,5,ps10_v2_p295,0.17424511909484863,1
18435,226,111,5,ps10_v2_p295,0.17424511909484863,1
18436,226,113,5,ps10_v2_p295,0.17424511909484863,1
18437,226,114,5,ps10_v2_p295,0.17424511909484863,1
18438,226,115,5,ps10_v2_p295,0.17424511909484863,1
18439,226,116,5,ps10_v2_p295,0.17424511909484863,1
18440,226,118,5,ps10_v2_p295,0.17424511909484863,1
18441,226,119,5,ps10_v2_p296,0.14857228100299835,1
18442,226,120,5,ps10_v2_p296,0.14857228100299835,1
18443,226,121,5,ps10_v2_p296,0.14857228100299835,1
18444,226,122,5,ps10_v2_p296,0.14857228100299835,1
18445,226,123,5,ps10_v2_p296,0.14857228100299835,1
18446,226,124,5,ps10_v2_p296,0.14857228100299835,1
18447,226,125,5,ps10_v2_p296,0.14857228100299835,1
18448,226,127,5,ps10_v2_p296,0.14857228100299835,1
18449,226,128,5,ps10_v2_p296,0.14857228100299835,1
18450,226,129,5,ps10_v2_p297,0.1282331943511963,1
18451,226,130,5,ps10_v2_p297,0.1282331943511963,1
18452,226,131,5,ps10_v2_p297,0.1282331943511963,1
18453,227,86,3,ps10_v2_p152,0.0854070782661438,1
18454,227,87,3,ps10_v2_p152,0.0854070782661438,1
18455,227,88,3,ps10_v2_p152,0.0854070782661438,1
18456,227,90,3,ps10_v2_p152,0.0854070782661438,1
18457,227,94,3,ps10_v2_p153,0.10314977169036865,1
18458,227,95,3,ps10_v2_p153,0.10314977169036865,1
18459,227,97,3,ps10_v2_p153,0.10314977169036865,1
18460,227,98,5,ps10_v2_p293,0.14337746798992157,1
18461,227,99,5,ps10_v2_p294,0.15891022980213165,1
18462,227,100,5,ps10_v2_p294,0.15891022980213165,1
18463,227,101,5,ps10_v2_p294,0.15891022980213165,1
18464,227,102,5,ps10_v2_p294,0.15891022980213165,1
18465,227,103,5,ps10_v2_p294,0.15891022980213165,1
18466,227,104,5,ps10_v2_p294,0.15891022980213165,1
18467,227,105,5,ps10_v2_p294,0.15891022980213165,1
18468,227,106,5,ps10_v2_p294,0.15891022980213165,1
18469,227,107,5,ps10_v2_p294,0.15891022980213165,1
18470,227,108,5,ps10_v2_p294,0.15891022980213165,1
18471,227,109,5,ps10_v2_p295,0.17424511909484863,1
18472,227,110,5,ps10_v2_p295,0.17424511909484863,1
18473,227,111,5,ps10_v2_p295,0.17424511909484863,1
18474,227,112,5,ps10_v2_p295,0.17424511909484863,1
18475,227,113,5,ps10_v2_p295,0.17424511909484863,1
18476,227,114,5,ps10_v2_p295,0.17424511909484863,1
18477,227,115,5,ps10_v2_p295,0.17424511909484863,1
18478,227,117,5,ps10_v2_p295,0.17424511909484863,1
18479,227,118,5,ps10_v2_p295,0.17424511909484863,1
18480,227,119,5,ps10_v2_p296,0.14857228100299835,1
18481,227,120,5,ps10_v2_p296,0.14857228100299835,1
18482,227,121,5,ps10_v2_p296,0.14857228100299835,1
18483,227,122,5,ps10_v2_p296,0.14857228100299835,1
18484,227,124,5,ps10_v2_p296,0.14857228100299835,1
18485,227,125,5,ps10_v2_p296,0.14857228100299835,1
18486,227,126,5,ps10_v2_p296,0.14857228100299835,1
18487,227,127,5,ps10_v2_p296,0.14857228100299835,1
18488,227,128,5,ps10_v2_p296,0.14857228100299835,1
18489,227,129,5,ps10_v2_p297,0.1282331943511963,1
18490,227,130,5,ps10_v2_p297,0.1282331943511963,1
18491,227,131,5,ps10_v2_p297,0.1282331943511963,1
18492,227,133,5,ps10_v2_p297,0.1282331943511963,1
18493,228,86,3,ps10_v2_p152,0.0854070782661438,1
18494,228,88,3,ps10_v2_p152,0.0854070782661438,1
18495,228,90,3,ps10_v2_p152,0.0854070782661438,1
18496,228,91,3,ps10_v2_p152,0.0854070782661438,1
18497,228,93,3,ps10_v2_p152,0.0854070782661438,1
18498,228,94,3,ps10_v2_p153,0.10314977169036865,1
18499,228,96,3,ps10_v2_p153,0.10314977169036865,1
18500,228,97,5,ps10_v2_p293,0.14337746798992157,1
18501,228,98,5,ps10_v2_p293,0.14337746798992157,1
18502,228,99,5,ps10_v2_p294,0.15891022980213165,1
18503,228,100,5,ps10_v2_p294,0.15891022980213165,1
18504,228,101,5,ps10_v2_p294,0.15891022980213165,1
18505,228,102,5,ps10_v2_p294,0.15891022980213165,1
18506,228,103,5,ps10_v2_p294,0.15891022980213165,1
18507,228,104,5,ps10_v2_p294,0.15891022980213165,1
18508,228,105,5,ps10_v2_p294,0.15891022980213165,1
18509,228,106,5,ps10_v2_p294,0.15891022980213165,1
18510,228,107,5,ps10_v2_p294,0.15891022980213165,1
18511,228,109,5,ps10_v2_p295,0.17424511909484863,1
18512,228,110,5,ps10_v2_p295,0.17424511909484863,1
18513,228,111,5,ps10_v2_p295,0.17424511909484863,1
18514,228,112,5,ps10_v2_p295,0.17424511909484863,1
18515,228,113,5,ps10_v2_p295,0.17424511909484863,1
18516,228,114,5,ps10_v2_p295,0.17424511909484863,1
18517,228,115,5,ps10_v2_p295,0.17424511909484863,1
18518,228,116,5,ps10_v2_p295,0.17424511909484863,1
18519,228,117,5,ps10_v2_p295,0.17424511909484863,1
18520,228,118,5,ps10_v2_p295,0.17424511909484863,1
18521,228,119,5,ps10_v2_p296,0.14857228100299835,1
18522,228,121,5,ps10_v2_p296,0.14857228100299835,1
18523,228,122,5,ps10_v2_p296,0.14857228100299835,1
18524,228,123,5,ps10_v2_p296,0.14857228100299835,1
18525,228,124,5,ps10_v2_p296,0.14857228100299835,1
18526,228,125,5,ps10_v2_p296,0.14857228100299835,1
18527,228,126,5,ps10_v2_p296,0.14857228100299835,1
18528,228,127,5,ps10_v2_p296,0.14857228100299835,1
18529,228,128,5,ps10_v2_p296,0.14857228100299835,1
18530,228,130,5,ps10_v2_p297,0.1282331943511963,1
18531,228,132,5,ps10_v2_p297,0.1282331943511963,1
18532,229,90,3,ps10_v2_p152,0.0854070782661438,1
18533,229,91,3,ps10_v2_p152,0.0854070782661438,1
18534,229,92,3,ps10_v2_p152,0.0854070782661438,1
18535,229,93,3,ps10_v2_p152,0.0854070782661438,1
18536,229,95,3,ps10_v2_p153,0.10314977169036865,1
18537,229,96,5,ps10_v2_p293,0.14337746798992157,1
18538,229,97,5,ps10_v2_p293,0.14337746798992157,1
18539,229,98,5,ps10_v2_p293,0.14337746798992157,1
18540,229,99,5,ps10_v2_p294,0.15891022980213165,1
18541,229,100,5,ps10_v2_p294,0.15891022980213165,1
18542,229,101,5,ps10_v2_p294,0.15891022980213165,1
18543,229,103,5,ps10_v2_p294,0.15891022980213165,1
18544,229,104,5,ps10_v2_p294,0.15891022980213165,1
18545,229,105,5,ps10_v2_p294,0.15891022980213165,1
18546,229,106,5,ps10_v2_p294,0.15891022980213165,1
18547,229,108,5,ps10_v2_p294,0.15891022980213165,1
18548,229,109,5,ps10_v2_p295,0.17424511909484863,1
18549,229,110,5,ps10_v2_p295,0.17424511909484863,1
18550,229,111,5,ps10_v2_p295,0.17424511909484863,1
18551,229,113,5,ps10_v2_p295,0.17424511909484863,1
18552,229,114,5,ps10_v2_p295,0.17424511909484863,1
18553,229,115,5,ps10_v2_p295,0.17424511909484863,1
18554,229,116,5,ps10_v2_p295,0.17424511909484863,1
18555,229,117,5,ps10_v2_p295,0.17424511909484863,1
18556,229,118,5,ps10_v2_p295,0.17424511909484863,1
18557,229,120,5,ps10_v2_p296,0.14857228100299835,1
18558,229,121,5,ps10_v2_p296,0.14857228100299835,1
18559,229,122,5,ps10_v2_p296,0.14857228100299835,1
18560,229,123,5,ps10_v2_p296,0.14857228100299835,1
18561,229,124,5,ps10_v2_p296,0.14857228100299835,1
18562,229,125,5,ps10_v2_p296,0.14857228100299835,1
18563,229,127,5,ps10_v2_p296,0.14857228100299835,1
18564,229,129,5,ps10_v2_p297,0.1282331943511963,1
18565,229,131,5,ps10_v2_p297,0.1282331943511963,1
18566,230,90,3,ps10_v2_p154,0.08554296940565109,1
18567,230,91,3,ps10_v2_p154,0.08554296940565109,1
18568,230,92,3,ps10_v2_p154,0.08554296940565109,1
18569,230,94,3,,,0
18570,230,95,5,ps10_v2_p293,0.14337746798992157,1
18571,230,96,5,ps10_v2_p293,0.14337746798992157,1
18572,230,97,5,ps10_v2_p293,0.14337746798992157,1
18573,230,98,5,ps10_v2_p293,0.14337746798992157,1
18574,230,99,5,ps10_v2_p294,0.15891022980213165,1
18575,230,100,5,ps10_v2_p294,0.15891022980213165,1
18576,230,102,5,ps10_v2_p294,0.15891022980213165,1
18577,230,103,5,ps10_v2_p294,0.15891022980213165,1
18578,230,104,5,ps10_v2_p294,0.15891022980213165,1
18579,230,105,5,ps10_v2_p294,0.15891022980213165,1
18580,230,106,5,ps10_v2_p294,0.15891022980213165,1
18581,230,107,5,ps10_v2_p294,0.15891022980213165,1
18582,230,108,5,ps10_v2_p294,0.15891022980213165,1
18583,230,109,5,ps10_v2_p295,0.17424511909484863,1
18584,230,110,5,ps10_v2_p295,0.17424511909484863,1
18585,230,112,5,ps10_v2_p295,0.17424511909484863,1
18586,230,113,5,ps10_v2_p295,0.17424511909484863,1
18587,230,114,5,ps10_v2_p295,0.17424511909484863,1
18588,230,115,5,ps10_v2_p295,0.17424511909484863,1
18589,230,117,5,ps10_v2_p295,0.17424511909484863,1
18590,230,118,5,ps10_v2_p295,0.17424511909484863,1
18591,230,119,5,ps10_v2_p296,0.14857228100299835,1
18592,230,120,5,ps10_v2_p296,0.14857228100299835,1
18593,230,121,5,ps10_v2_p296,0.14857228100299835,1
18594,230,122,5,ps10_v2_p296,0.14857228100299835,1
18595,230,124,5,ps10_v2_p296,0.14857228100299835,1
18596,230,126,5,ps10_v2_p296,0.14857228100299835,1
18597,230,127,5,ps10_v2_p296,0.14857228100299835,1
18598,230,128,5,ps10_v2_p296,0.14857228100299835,1
18599,230,129,5,ps10_v2_p297,0.1282331943511963,1
18600,230,130,5,ps10_v2_p297,0.1282331943511963,1
18601,231,88,3,ps10_v2_p154,0.08554296940565109,1
18602,231,89,3,ps10_v2_p154,0.08554296940565109,1
18603,231,90,3,ps10_v2_p154,0.08554296940565109,1
18604,231,91,3,ps10_v2_p154,0.08554296940565109,1
18605,231,92,3,ps10_v2_p154,0.08554296940565109,1
18606,231,93,3,ps10_v2_p154,0.08554296940565109,1
18607,231,94,3,,,0
18608,231,96,5,ps10_v2_p293,0.14337746798992157,1
18609,231,97,5,ps10_v2_p293,0.14337746798992157,1
18610,231,98,5,ps10_v2_p293,0.14337746798992157,1
18611,231,99,5,ps10_v2_p294,0.15891022980213165,1
18612,231,100,5,ps10_v2_p294,0.15891022980213165,1
18613,231,101,5,ps10_v2_p294,0.15891022980213165,1
18614,231,102,5,ps10_v2_p294,0.15891022980213165,1
18615,231,103,5,ps10_v2_p294,0.15891022980213165,1
18616,231,104,5,ps10_v2_p294,0.15891022980213165,1
18617,231,105,5,ps10_v2_p294,0.15891022980213165,1
18618,231,106,5,ps10_v2_p294,0.15891022980213165,1
18619,231,107,5,ps10_v2_p294,0.15891022980213165,1
18620,231,108,5,ps10_v2_p294,0.15891022980213165,1
18621,231,109,5,ps10_v2_p295,0.17424511909484863,1
18622,231,110,5,ps10_v2_p295,0.17424511909484863,1
18623,231,111,5,ps10_v2_p295,0.17424511909484863,1
18624,231,112,5,ps10_v2_p295,0.17424511909484863,1
18625,231,113,5,ps10_v2_p295,0.17424511909484863,1
18626,231,114,5,ps10_v2_p295,0.17424511909484863,1
18627,231,116,5,ps10_v2_p295,0.17424511909484863,1
18628,231,117,5,ps10_v2_p295,0.17424511909484863,1
18629,231,118,5,ps10_v2_p295,0.17424511909484863,1
18630,231,119,5,ps10_v2_p296,0.14857228100299835,1
18631,231,120,5,ps10_v2_p296,0.14857228100299835,1
18632,231,121,5,ps10_v2_p296,0.14857228100299835,1
18633,231,123,5,ps10_v2_p296,0.14857228100299835,1
18634,231,124,5,ps10_v2_p296,0.14857228100299835,1
18635,231,125,5,ps10_v2_p296,0.14857228100299835,1
18636,231,126,5,ps10_v2_p296,0.14857228100299835,1
18637,231,128,5,ps10_v2_p296,0.14857228100299835,1
18638,231,130,5,ps10_v2_p297,0.1282331943511963,1
18639,232,89,3,ps10_v2_p154,0.08554296940565109,1
18640,232,90,3,ps10_v2_p154,0.08554296940565109,1
18641,232,91,3,ps10_v2_p154,0.08554296940565109,1
18642,232,92,3,ps10_v2_p154,0.08554296940565109,1
18643,232,93,3,ps10_v2_p154,0.08554296940565109,1
18644,232,95,5,ps10_v2_p293,0.14337746798992157,1
18645,232,96,5,ps10_v2_p293,0.14337746798992157,1
18646,232,97,5,ps10_v2_p293,0.14337746798992157,1
18647,232,98,5,ps10_v2_p293,0.14337746798992157,1
18648,232,99,5,ps10_v2_p294,0.15891022980213165,1
18649,232,100,5,ps10_v2_p294,0.15891022980213165,1
18650,232,101,5,ps10_v2_p294,0.15891022980213165,1
18651,232,103,5,ps10_v2_p294,0.15891022980213165,1
18652,232,104,5,ps10_v2_p294,0.15891022980213165,1
18653,232,105,5,ps10_v2_p294,0.15891022980213165,1
18654,232,106,5,ps10_v2_p294,0.15891022980213165,1
18655,232,108,5,ps10_v2_p294,0.15891022980213165,1
18656,232,109,5,ps10_v2_p295,0.17424511909484863,1
18657,232,110,5,ps10_v2_p295,0.17424511909484863,1
18658,232,111,5,ps10_v2_p295,0.17424511909484863,1
18659,232,113,5,ps10_v2_p295,0.17424511909484863,1
18660,232,114,5,ps10_v2_p295,0.17424511909484863,1
18661,232,115,5,ps10_v2_p295,0.17424511909484863,1
18662,232,116,5,ps10_v2_p295,0.17424511909484863,1
18663,232,117,5,ps10_v2_p295,0.17424511909484863,1
18664,232,118,5,ps10_v2_p295,0.17424511909484863,1
18665,232,120,5,ps10_v2_p296,0.14857228100299835,1
18666,232,121,5,ps10_v2_p296,0.14857228100299835,1
18667,232,122,5,ps10_v2_p296,0.14857228100299835,1
18668,232,123,5,ps10_v2_p296,0.14857228100299835,1
18669,232,124,5,ps10_v2_p296,0.14857228100299835,1
18670,232,127,5,ps10_v2_p296,0.14857228100299835,1
18671,232,129,5,ps10_v2_p297,0.1282331943511963,1
18672,233,89,3,ps10_v2_p154,0.08554296940565109,1
18673,233,90,3,ps10_v2_p154,0.08554296940565109,1
18674,233,91,3,ps10_v2_p154,0.08554296940565109,1
18675,233,92,3,ps10_v2_p154,0.08554296940565109,1
18676,233,93,5,ps10_v2_p298,0.11574694514274597,1
18677,233,94,5,ps10_v2_p298,0.11574694514274597,1
18678,233,95,5,ps10_v2_p298,0.11574694514274597,1
18679,233,96,5,ps10_v2_p298,0.11574694514274597,1
18680,233,97,5,ps10_v2_p298,0.11574694514274597,1
18681,233,98,5,ps10_v2_p298,0.11574694514274597,1
18682,233,100,5,ps10_v2_p299,0.13688352704048157,1
18683,233,102,5,ps10_v2_p299,0.13688352704048157,1
18684,233,103,5,ps10_v2_p299,0.13688352704048157,1
18685,233,104,5,ps10_v2_p299,0.13688352704048157,1
18686,233,105,5,ps10_v2_p299,0.13688352704048157,1
18687,233,106,5,ps10_v2_p299,0.13688352704048157,1
18688,233,107,5,ps10_v2_p299,0.13688352704048157,1
18689,233,108,5,ps10_v2_p299,0.13688352704048157,1
18690,233,109,5,ps10_v2_p300,0.1289944350719452,1
18691,233,110,5,ps10_v2_p300,0.1289944350719452,1
18692,233,112,5,ps10_v2_p300,0.1289944350719452,1
18693,233,113,5,ps10_v2_p300,0.1289944350719452,1
18694,233,114,5,ps10_v2_p300,0.1289944350719452,1
18695,233,115,5,ps10_v2_p300,0.1289944350719452,1
18696,233,117,5,ps10_v2_p300,0.1289944350719452,1
18697,233,118,5,ps10_v2_p300,0.1289944350719452,1
18698,233,119,5,ps10_v2_p301,0.11519231647253036,1
18699,233,120,5,ps10_v2_p301,0.11519231647253036,1
18700,233,121,5,ps10_v2_p301,0.11519231647253036,1
18701,233,122,5,ps10_v2_p301,0.11519231647253036,1
18702,233,123,5,ps10_v2_p301,0.11519231647253036,1
18703,233,128,5,ps10_v2_p301,0.11519231647253036,1
18704,233,161,3,ps10_v2_p155,0.10357149690389633,1
18705,234,89,3,ps10_v2_p154,0.08554296940565109,1
18706,234,90,3,ps10_v2_p154,0.08554296940565109,1
18707,234,91,3,ps10_v2_p154,0.08554296940565109,1
18708,234,92,3,ps10_v2_p154,0.08554296940565109,1
18709,234,93,5,ps10_v2_p298,0.11574694514274597,1
18710,234,94,5,ps10_v2_p298,0.11574694514274597,1
18711,234,96,5,ps10_v2_p298,0.11574694514274597,1
18712,234,97,5,ps10_v2_p298,0.11574694514274597,1
18713,234,98,5,ps10_v2_p298,0.11574694514274597,1
18714,234,99,5,ps10_v2_p299,0.13688352704048157,1
18715,234,101,5,ps10_v2_p299,0.13688352704048157,1
18716,234,102,5,ps10_v2_p299,0.13688352704048157,1
18717,234,103,5,ps10_v2_p299,0.13688352704048157,1
18718,234,104,5,ps10_v2_p299,0.13688352704048157,1
18719,234,105,5,ps10_v2_p299,0.13688352704048157,1
18720,234,106,5,ps10_v2_p299,0.13688352704048157,1
18721,234,107,5,ps10_v2_p299,0.13688352704048157,1
18722,234,108,5,ps10_v2_p299,0.13688352704048157,1
18723,234,109,5,ps10_v2_p300,0.1289944350719452,1
18724,234,110,5,ps10_v2_p300,0.1289944350719452,1
18725,234,111,5,ps10_v2_p300,0.1289944350719452,1
18726,234,112,5,ps10_v2_p300,0.1289944350719452,1
18727,234,113,5,ps10_v2_p300,0.1289944350719452,1
18728,234,114,5,ps10_v2_p300,0.1289944350719452,1
18729,234,116,5,ps10_v2_p300,0.1289944350719452,1
18730,234,117,5,ps10_v2_p300,0.1289944350719452,1
18731,234,118,5,ps10_v2_p300,0.1289944350719452,1
18732,234,119,5,ps10_v2_p301,0.11519231647253036,1
18733,234,120,5,ps10_v2_p301,0.11519231647253036,1
18734,234,121,5,ps10_v2_p301,0.11519231647253036,1
18735,234,160,3,ps10_v2_p155,0.10357149690389633,1
18736,235,87,3,ps10_v2_p154,0.08554296940565109,1
18737,235,88,3,ps10_v2_p154,0.08554296940565109,1
18738,235,89,3,ps10_v2_p154,0.08554296940565109,1
18739,235,90,3,ps10_v2_p154,0.08554296940565109,1
18740,235,91,3,ps10_v2_p154,0.08554296940565109,1
18741,235,92,5,ps10_v2_p298,0.11574694514274597,1
18742,235,93,5,ps10_v2_p298,0.11574694514274597,1
18743,235,95,5,ps10_v2_p298,0.11574694514274597,1
18744,235,96,5,ps10_v2_p298,0.11574694514274597,1
18745,235,97,5,ps10_v2_p298,0.11574694514274597,1
18746,235,98,5,ps10_v2_p298,0.11574694514274597,1
18747,235,99,5,ps10_v2_p299,0.13688352704048157,1
18748,235,100,5,ps10_v2_p299,0.13688352704048157,1
18749,235,101,5,ps10_v2_p299,0.13688352704048157,1
18750,235,103,5,ps10_v2_p299,0.13688352704048157,1
18751,235,104,5,ps10_v2_p299,0.13688352704048157,1
18752,235,105,5,ps10_v2_p299,0.13688352704048157,1
18753,235,106,5,ps10_v2_p299,0.13688352704048157,1
18754,235,108,5,ps10_v2_p299,0.13688352704048157,1
18755,235,109,5,ps10_v2_p300,0.1289944350719452,1
18756,235,110,5,ps10_v2_p300,0.1289944350719452,1
18757,235,111,5,ps10_v2_p300,0.1289944350719452,1
18758,235,112,5,ps10_v2_p300,0.1289944350719452,1
18759,235,113,5,ps10_v2_p300,0.1289944350719452,1
18760,235,114,5,ps10_v2_p300,0.1289944350719452,1
18761,235,115,5,ps10_v2_p300,0.1289944350719452,1
18762,235,116,5,ps10_v2_p300,0.1289944350719452,1
18763,235,117,5,ps10_v2_p300,0.1289944350719452,1
18764,235,118,5,ps10_v2_p300,0.1289944350719452,1
18765,235,120,5,ps10_v2_p301,0.11519231647253036,1
18766,235,121,5,ps10_v2_p301,0.11519231647253036,1
18767,235,122,5,ps10_v2_p301,0.11519231647253036,1
18768,235,125,5,ps10_v2_p301,0.11519231647253036,1
18769,235,160,3,ps10_v2_p155,0.10357149690389633,1
18770,236,87,3,ps10_v2_p154,0.08554296940565109,1
18771,236,89,3,ps10_v2_p154,0.08554296940565109,1
18772,236,90,3,ps10_v2_p154,0.08554296940565109,1
18773,236,91,5,ps10_v2_p298,0.11574694514274597,1
18774,236,92,5,ps10_v2_p298,0.11574694514274597,1
18775,236,93,5,ps10_v2_p298,0.11574694514274597,1
18776,236,94,5,ps10_v2_p298,0.11574694514274597,1
18777,236,95,5,ps10_v2_p298,0.11574694514274597,1
18778,236,97,5,ps10_v2_p298,0.11574694514274597,1
18779,236,98,5,ps10_v2_p298,0.11574694514274597,1
18780,236,99,5,ps10_v2_p299,0.13688352704048157,1
18781,236,100,5,ps10_v2_p299,0.13688352704048157,1
18782,236,102,5,ps10_v2_p299,0.13688352704048157,1
18783,236,103,5,ps10_v2_p299,0.13688352704048157,1
18784,236,104,5,ps10_v2_p299,0.13688352704048157,1
18785,236,105,5,ps10_v2_p299,0.13688352704048157,1
18786,236,106,5,ps10_v2_p299,0.13688352704048157,1
18787,236,107,5,ps10_v2_p299,0.13688352704048157,1
18788,236,108,5,ps10_v2_p299,0.13688352704048157,1
18789,236,109,5,ps10_v2_p300,0.1289944350719452,1
18790,236,110,5,ps10_v2_p300,0.1289944350719452,1
18791,236,112,5,ps10_v2_p300,0.1289944350719452,1
18792,236,113,5,ps10_v2_p300,0.1289944350719452,1
18793,236,114,5,ps10_v2_p300,0.1289944350719452,1
18794,236,115,5,ps10_v2_p300,0.1289944350719452,1
18795,236,116,5,ps10_v2_p300,0.1289944350719452,1
18796,236,117,5,ps10_v2_p300,0.1289944350719452,1
18797,236,119,5,ps10_v2_p301,0.11519231647253036,1
18798,236,120,5,ps10_v2_p301,0.11519231647253036,1
18799,236,121,5,ps10_v2_p301,0.11519231647253036,1
18800,236,159,3,ps10_v2_p155,0.10357149690389633,1
18801,237,86,3,ps10_v2_p154,0.08554296940565109,1
18802,237,88,3,ps10_v2_p154,0.08554296940565109,1
18803,237,89,3,ps10_v2_p154,0.08554296940565109,1
18804,237,90,3,ps10_v2_p154,0.08554296940565109,1
18805,237,92,5,ps10_v2_p298,0.11574694514274597,1
18806,237,93,5,ps10_v2_p298,0.11574694514274597,1
18807,237,94,5,ps10_v2_p298,0.11574694514274597,1
18808,237,96,5,ps10_v2_p298,0.11574694514274597,1
18809,237,97,5,ps10_v2_p298,0.11574694514274597,1
18810,237,98,5,ps10_v2_p298,0.11574694514274597,1
18811,237,99,5,ps10_v2_p299,0.13688352704048157,1
18812,237,100,5,ps10_v2_p299,0.13688352704048157,1
18813,237,101,5,ps10_v2_p299,0.13688352704048157,1
18814,237,102,5,ps10_v2_p299,0.13688352704048157,1
18815,237,103,5,ps10_v2_p299,0.13688352704048157,1
18816,237,104,5,ps10_v2_p299,0.13688352704048157,1
18817,237,105,5,ps10_v2_p299,0.13688352704048157,1
18818,237,106,5,ps10_v2_p299,0.13688352704048157,1
18819,237,107,5,ps10_v2_p299,0.13688352704048157,1
18820,237,109,5,ps10_v2_p300,0.1289944350719452,1
18821,237,110,5,ps10_v2_p300,0.1289944350719452,1
18822,237,111,5,ps10_v2_p300,0.1289944350719452,1
18823,237,112,5,ps10_v2_p300,0.1289944350719452,1
18824,237,113,5,ps10_v2_p300,0.1289944350719452,1
18825,237,114,5,ps10_v2_p300,0.1289944350719452,1
18826,237,116,5,ps10_v2_p300,0.1289944350719452,1
18827,237,117,5,ps10_v2_p300,0.1289944350719452,1
18828,237,118,5,ps10_v2_p300,0.1289944350719452,1
18829,237,119,5,ps10_v2_p301,0.11519231647253036,1
18830,237,120,5,ps10_v2_p301,0.11519231647253036,1
18831,237,121,5,ps10_v2_p301,0.11519231647253036,1
18832,237,158,3,ps10_v2_p155,0.10357149690389633,1
18833,237,162,3,ps10_v2_p155,0.10357149690389633,1
18834,238,85,3,ps10_v2_p154,0.08554296940565109,1
18835,238,88,3,ps10_v2_p154,0.08554296940565109,1
18836,238,90,5,ps10_v2_p298,0.11574694514274597,1
18837,238,91,5,ps10_v2_p298,0.11574694514274597,1
18838,238,92,5,ps10_v2_p298,0.11574694514274597,1
18839,238,93,5,ps10_v2_p298,0.11574694514274597,1
18840,238,94,5,ps10_v2_p298,0.11574694514274597,1
18841,238,95,5,ps10_v2_p298,0.11574694514274597,1
18842,238,96,5,ps10_v2_p298,0.11574694514274597,1
18843,238,98,5,ps10_v2_p298,0.11574694514274597,1
18844,238,99,5,ps10_v2_p299,0.13688352704048157,1
18845,238,100,5,ps10_v2_p299,0.13688352704048157,1
18846,238,101,5,ps10_v2_p299,0.13688352704048157,1
18847,238,103,5,ps10_v2_p299,0.13688352704048157,1
18848,238,104,5,ps10_v2_p299,0.13688352704048157,1
18849,238,105,5,ps10_v2_p299,0.13688352704048157,1
18850,238,106,5,ps10_v2_p299,0.13688352704048157,1
18851,238,108,5,ps10_v2_p299,0.13688352704048157,1
18852,238,109,5,ps10_v2_p300,0.1289944350719452,1
18853,238,110,5,ps10_v2_p300,0.1289944350719452,1
18854,238,111,5,ps10_v2_p300,0.1289944350719452,1
18855,238,113,5,ps10_v2_p300,0.1289944350719452,1
18856,238,114,5,ps10_v2_p300,0.1289944350719452,1
18857,238,115,5,ps10_v2_p300,0.1289944350719452,1
18858,238,116,5,ps10_v2_p300,0.1289944350719452,1
18859,238,117,5,ps10_v2_p300,0.1289944350719452,1
18860,238,118,5,ps10_v2_p300,0.1289944350719452,1
18861,238,120,5,ps10_v2_p301,0.11519231647253036,1
18862,238,157,3,ps10_v2_p155,0.10357149690389633,1
18863,238,158,3,ps10_v2_p155,0.10357149690389633,1
18864,238,159,3,ps10_v2_p155,0.10357149690389633,1
18865,238,161,3,ps10_v2_p155,0.10357149690389633,1
18866,239,84,3,ps10_v2_p154,0.08554296940565109,1
18867,239,87,3,ps10_v2_p154,0.08554296940565109,1
18868,239,89,5,ps10_v2_p298,0.11574694514274597,1
18869,239,90,5,ps10_v2_p298,0.11574694514274597,1
18870,239,92,5,ps10_v2_p298,0.11574694514274597,1
18871,239,93,5,ps10_v2_p298,0.11574694514274597,1
18872,239,95,5,ps10_v2_p298,0.11574694514274597,1
18873,239,97,5,ps10_v2_p298,0.11574694514274597,1
18874,239,98,5,ps10_v2_p298,0.11574694514274597,1
18875,239,99,5,ps10_v2_p299,0.13688352704048157,1
18876,239,100,5,ps10_v2_p299,0.13688352704048157,1
18877,239,101,5,ps10_v2_p299,0.13688352704048157,1
18878,239,102,5,ps10_v2_p299,0.13688352704048157,1
18879,239,103,5,ps10_v2_p299,0.13688352704048157,1
18880,239,104,5,ps10_v2_p299,0.13688352704048157,1
18881,239,105,5,ps10_v2_p299,0.13688352704048157,1
18882,239,106,5,ps10_v2_p299,0.13688352704048157,1
18883,239,107,5,ps10_v2_p299,0.13688352704048157,1
18884,239,108,5,ps10_v2_p299,0.13688352704048157,1
18885,239,109,5,ps10_v2_p300,0.1289944350719452,1
18886,239,110,5,ps10_v2_p300,0.1289944350719452,1
18887,239,112,5,ps10_v2_p300,0.1289944350719452,1
18888,239,113,5,ps10_v2_p300,0.1289944350719452,1
18889,239,114,5,ps10_v2_p300,0.1289944350719452,1
18890,239,115,5,ps10_v2_p300,0.1289944350719452,1
18891,239,116,5,ps10_v2_p300,0.1289944350719452,1
18892,239,117,5,ps10_v2_p300,0.1289944350719452,1
18893,239,119,5,ps10_v2_p301,0.11519231647253036,1
18894,239,157,3,ps10_v2_p155,0.10357149690389633,1
18895,239,159,3,ps10_v2_p155,0.10357149690389633,1
18896,239,160,3,ps10_v2_p155,0.10357149690389633,1
18897,239,161,3,ps10_v2_p155,0.10357149690389633,1
18898,240,83,3,,,0
18899,240,86,3,ps10_v2_p156,0.08692581951618195,1
18900,240,88,3,ps10_v2_p156,0.08692581951618195,1
18901,240,89,5,ps10_v2_p298,0.11574694514274597,1
18902,240,92,5,ps10_v2_p298,0.11574694514274597,1
18903,240,93,5,ps10_v2_p298,0.11574694514274597,1
18904,240,94,5,ps10_v2_p298,0.11574694514274597,1
18905,240,96,5,ps10_v2_p298,0.11574694514274597,1
18906,240,97,5,ps10_v2_p298,0.11574694514274597,1
18907,240,98,5,ps10_v2_p298,0.11574694514274597,1
18908,240,99,5,ps10_v2_p299,0.13688352704048157,1
18909,240,100,5,ps10_v2_p299,0.13688352704048157,1
18910,240,101,5,ps10_v2_p299,0.13688352704048157,1
18911,240,102,5,ps10_v2_p299,0.13688352704048157,1
18912,240,104,5,ps10_v2_p299,0.13688352704048157,1
18913,240,105,5,ps10_v2_p299,0.13688352704048157,1
18914,240,106,5,ps10_v2_p299,0.13688352704048157,1
18915,240,107,5,ps10_v2_p299,0.13688352704048157,1
18916,240,109,5,ps10_v2_p300,0.1289944350719452,1
18917,240,110,5,ps10_v2_p300,0.1289944350719452,1
18918,240,111,5,ps10_v2_p300,0.1289944350719452,1
18919,240,112,5,ps10_v2_p300,0.1289944350719452,1
18920,240,113,5,ps10_v2_p300,0.1289944350719452,1
18921,240,114,5,ps10_v2_p300,0.1289944350719452,1
18922,240,116,5,ps10_v2_p300,0.1289944350719452,1
18923,240,117,5,ps10_v2_p300,0.1289944350719452,1
18924,240,118,5,ps10_v2_p300,0.1289944350719452,1
18925,240,120,5,ps10_v2_p301,0.11519231647253036,1
18926,240,160,3,,,0
18927,241,85,3,ps10_v2_p156,0.08692581951618195,1
18928,241,86,3,ps10_v2_p156,0.08692581951618195,1
18929,241,87,3,ps10_v2_p156,0.08692581951618195,1
18930,241,91,5,ps10_v2_p298,0.11574694514274597,1
18931,241,92,5,ps10_v2_p298,0.11574694514274597,1
18932,241,93,5,ps10_v2_p298,0.11574694514274597,1
18933,241,94,5,ps10_v2_p298,0.11574694514274597,1
18934,241,95,5,ps10_v2_p298,0.11574694514274597,1
18935,241,96,5,ps10_v2_p298,0.11574694514274597,1
18936,241,98,5,ps10_v2_p298,0.11574694514274597,1
18937,241,99,5,ps10_v2_p299,0.13688352704048157,1
18938,241,100,5,ps10_v2_p299,0.13688352704048157,1
18939,241,101,5,ps10_v2_p299,0.13688352704048157,1
18940,241,103,5,ps10_v2_p299,0.13688352704048157,1
18941,241,104,5,ps10_v2_p299,0.13688352704048157,1
18942,241,105,5,ps10_v2_p299,0.13688352704048157,1
18943,241,106,5,ps10_v2_p299,0.13688352704048157,1
18944,241,108,5,ps10_v2_p299,0.13688352704048157,1
18945,241,109,5,ps10_v2_p300,0.1289944350719452,1
18946,241,110,5,ps10_v2_p300,0.1289944350719452,1
18947,241,111,5,ps10_v2_p300,0.1289944350719452,1
18948,241,113,5,ps10_v2_p300,0.1289944350719452,1
18949,241,114,5,ps10_v2_p300,0.1289944350719452,1
18950,241,115,5,ps10_v2_p300,0.1289944350719452,1
18951,241,116,5,ps10_v2_p300,0.1289944350719452,1
18952,241,123,5,ps10_v2_p301,0.11519231647253036,1
18953,241,158,3,,,0
18954,241,159,3,,,0
18955,242,85,3,ps10_v2_p156,0.08692581951618195,1
18956,242,86,3,ps10_v2_p156,0.08692581951618195,1
18957,242,90,5,ps10_v2_p298,0.11574694514274597,1
18958,242,92,5,ps10_v2_p298,0.11574694514274597,1
18959,242,93,5,ps10_v2_p298,0.11574694514274597,1
18960,242,94,5,ps10_v2_p298,0.11574694514274597,1
18961,242,95,5,ps10_v2_p298,0.11574694514274597,1
18962,242,96,5,ps10_v2_p298,0.11574694514274597,1
18963,242,97,5,ps10_v2_p298,0.11574694514274597,1
18964,242,98,5,ps10_v2_p298,0.11574694514274597,1
18965,242,99,5,ps10_v2_p299,0.13688352704048157,1
18966,242,100,5,ps10_v2_p299,0.13688352704048157,1
18967,242,101,5,ps10_v2_p299,0.13688352704048157,1
18968,242,102,5,ps10_v2_p299,0.13688352704048157,1
18969,242,103,5,ps10_v2_p299,0.13688352704048157,1
18970,242,104,5,ps10_v2_p299,0.13688352704048157,1
18971,242,105,5,ps10_v2_p299,0.13688352704048157,1
18972,242,106,5,ps10_v2_p299,0.13688352704048157,1
18973,242,107,5,ps10_v2_p299,0.13688352704048157,1
18974,242,108,5,ps10_v2_p299,0.13688352704048157,1
18975,242,109,5,ps10_v2_p300,0.1289944350719452,1
18976,242,110,5,ps10_v2_p300,0.1289944350719452,1
18977,242,112,5,ps10_v2_p300,0.1289944350719452,1
18978,242,113,5,ps10_v2_p300,0.1289944350719452,1
18979,242,114,5,ps10_v2_p300,0.1289944350719452,1
18980,242,115,5,ps10_v2_p300,0.1289944350719452,1
18981,243,84,3,ps10_v2_p156,0.08692581951618195,1
18982,243,85,3,ps10_v2_p156,0.08692581951618195,1
18983,243,86,3,ps10_v2_p156,0.08692581951618195,1
18984,243,89,5,ps10_v2_p302,0.11675066500902176,1
18985,243,91,5,ps10_v2_p302,0.11675066500902176,1
18986,243,92,5,ps10_v2_p302,0.11675066500902176,1
18987,243,93,5,ps10_v2_p302,0.11675066500902176,1
18988,243,94,5,ps10_v2_p302,0.11675066500902176,1
18989,243,95,5,ps10_v2_p302,0.11675066500902176,1
18990,243,96,5,ps10_v2_p302,0.11675066500902176,1
18991,243,97,5,ps10_v2_p302,0.11675066500902176,1
18992,243,99,5,ps10_v2_p303,0.10236887633800507,1
18993,243,100,5,ps10_v2_p303,0.10236887633800507,1
18994,243,101,5,ps10_v2_p303,0.10236887633800507,1
18995,243,102,5,ps10_v2_p303,0.10236887633800507,1
18996,243,104,5,ps10_v2_p303,0.10236887633800507,1
18997,243,105,5,ps10_v2_p303,0.10236887633800507,1
18998,243,106,5,ps10_v2_p303,0.10236887633800507,1
18999,243,107,5,ps10_v2_p303,0.10236887633800507,1
19000,243,109,5,ps10_v2_p304,0.09283030778169632,1
19001,243,110,5,ps10_v2_p304,0.09283030778169632,1
19002,243,111,5,ps10_v2_p304,0.09283030778169632,1
19003,243,112,5,ps10_v2_p304,0.09283030778169632,1
19004,243,113,5,ps10_v2_p304,0.09283030778169632,1
19005,243,114,5,ps10_v2_p304,0.09283030778169632,1
19006,243,116,5,ps10_v2_p304,0.09283030778169632,1
19007,244,83,3,,,0
19008,244,85,3,ps10_v2_p156,0.08692581951618195,1
19009,244,86,3,ps10_v2_p156,0.08692581951618195,1
19010,244,88,3,ps10_v2_p156,0.08692581951618195,1
19011,244,90,5,ps10_v2_p302,0.11675066500902176,1
19012,244,91,5,ps10_v2_p302,0.11675066500902176,1
19013,244,92,5,ps10_v2_p302,0.11675066500902176,1
19014,244,93,5,ps10_v2_p302,0.11675066500902176,1
19015,244,94,5,ps10_v2_p302,0.11675066500902176,1
19016,244,95,5,ps10_v2_p302,0.11675066500902176,1
19017,244,96,5,ps10_v2_p302,0.11675066500902176,1
19018,244,98,5,ps10_v2_p302,0.11675066500902176,1
19019,244,99,5,ps10_v2_p303,0.10236887633800507,1
19020,244,100,5,ps10_v2_p303,0.10236887633800507,1
19021,244,101,5,ps10_v2_p303,0.10236887633800507,1
19022,244,103,5,ps10_v2_p303,0.10236887633800507,1
19023,244,104,5,ps10_v2_p303,0.10236887633800507,1
19024,244,105,5,ps10_v2_p303,0.10236887633800507,1
19025,244,106,5,ps10_v2_p303,0.10236887633800507,1
19026,244,108,5,ps10_v2_p303,0.10236887633800507,1
19027,244,109,5,ps10_v2_p304,0.09283030778169632,1
19028,244,110,5,ps10_v2_p304,0.09283030778169632,1
19029,244,111,5,ps10_v2_p304,0.09283030778169632,1
19030,244,113,5,ps10_v2_p304,0.09283030778169632,1
19031,244,114,5,ps10_v2_p304,0.09283030778169632,1
19032,244,115,5,ps10_v2_p304,0.09283030778169632,1
19033,244,116,5,ps10_v2_p304,0.09283030778169632,1
19034,245,88,3,ps10_v2_p156,0.08692581951618195,1
19035,245,89,5,ps10_v2_p302,0.11675066500902176,1
19036,245,90,5,ps10_v2_p302,0.11675066500902176,1
19037,245,92,5,ps10_v2_p302,0.11675066500902176,1
19038,245,93,5,ps10_v2_p302,0.11675066500902176,1
19039,245,94,5,ps10_v2_p302,0.11675066500902176,1
19040,245,95,5,ps10_v2_p302,0.11675066500902176,1
19041,245,96,5,ps10_v2_p302,0.11675066500902176,1
19042,245,97,5,ps10_v2_p302,0.11675066500902176,1
19043,245,98,5,ps10_v2_p302,0.11675066500902176,1
19044,245,100,5,ps10_v2_p303,0.10236887633800507,1
19045,245,101,5,ps10_v2_p303,0.10236887633800507,1
19046,245,102,5,ps10_v2_p303,0.10236887633800507,1
19047,245,103,5,ps10_v2_p303,0.10236887633800507,1
19048,245,105,5,ps10_v2_p303,0.10236887633800507,1
19049,245,106,5,ps10_v2_p303,0.10236887633800507,1
19050,245,107,5,ps10_v2_p303,0.10236887633800507,1
19051,245,108,5,ps10_v2_p303,0.10236887633800507,1
19052,245,109,5,ps10_v2_p304,0.09283030778169632,1
19053,245,110,5,ps10_v2_p304,0.09283030778169632,1
19054,245,112,5,ps10_v2_p304,0.09283030778169632,1
19055,245,113,5,ps10_v2_p304,0.09283030778169632,1
19056,245,114,5,ps10_v2_p304,0.09283030778169632,1
19057,245,115,5,ps10_v2_p304,0.09283030778169632,1
19058,246,87,3,ps10_v2_p156,0.08692581951618195,1
19059,246,88,3,ps10_v2_p156,0.08692581951618195,1
19060,246,89,5,ps10_v2_p302,0.11675066500902176,1
19061,246,90,5,ps10_v2_p302,0.11675066500902176,1
19062,246,91,5,ps10_v2_p302,0.11675066500902176,1
19063,246,92,5,ps10_v2_p302,0.11675066500902176,1
19064,246,94,5,ps10_v2_p302,0.11675066500902176,1
19065,246,95,5,ps10_v2_p302,0.11675066500902176,1
19066,246,96,5,ps10_v2_p302,0.11675066500902176,1
19067,246,97,5,ps10_v2_p302,0.11675066500902176,1
19068,246,99,5,ps10_v2_p303,0.10236887633800507,1
19069,246,100,5,ps10_v2_p303,0.10236887633800507,1
19070,246,101,5,ps10_v2_p303,0.10236887633800507,1
19071,246,102,5,ps10_v2_p303,0.10236887633800507,1
19072,246,104,5,ps10_v2_p303,0.10236887633800507,1
19073,246,105,5,ps10_v2_p303,0.10236887633800507,1
19074,246,106,5,ps10_v2_p303,0.10236887633800507,1
19075,246,107,5,ps10_v2_p303,0.10236887633800507,1
19076,246,109,5,ps10_v2_p304,0.09283030778169632,1
19077,246,110,5,ps10_v2_p304,0.09283030778169632,1
19078,246,111,5,ps10_v2_p304,0.09283030778169632,1
19079,246,112,5,ps10_v2_p304,0.09283030778169632,1
19080,246,113,5,ps10_v2_p304,0.09283030778169632,1
19081,246,114,5,ps10_v2_p304,0.09283030778169632,1
19082,247,86,3,ps10_v2_p156,0.08692581951618195,1
19083,247,87,3,ps10_v2_p156,0.08692581951618195,1
19084,247,88,3,ps10_v2_p156,0.08692581951618195,1
19085,247,89,5,ps10_v2_p302,0.11675066500902176,1
19086,247,90,5,ps10_v2_p302,0.11675066500902176,1
19087,247,91,5,ps10_v2_p302,0.11675066500902176,1
19088,247,93,5,ps10_v2_p302,0.11675066500902176,1
19089,247,94,5,ps10_v2_p302,0.11675066500902176,1
19090,247,95,5,ps10_v2_p302,0.11675066500902176,1
19091,247,96,5,ps10_v2_p302,0.11675066500902176,1
19092,247,97,5,ps10_v2_p302,0.11675066500902176,1
19093,247,98,5,ps10_v2_p302,0.11675066500902176,1
19094,247,99,5,ps10_v2_p303,0.10236887633800507,1
19095,247,100,5,ps10_v2_p303,0.10236887633800507,1
19096,247,101,5,ps10_v2_p303,0.10236887633800507,1
19097,247,102,5,ps10_v2_p303,0.10236887633800507,1
19098,247,103,5,ps10_v2_p303,0.10236887633800507,1
19099,247,104,5,ps10_v2_p303,0.10236887633800507,1
19100,247,106,5,ps10_v2_p303,0.10236887633800507,1
19101,247,107,5,ps10_v2_p303,0.10236887633800507,1
19102,247,108,5,ps10_v2_p303,0.10236887633800507,1
19103,247,109,5,ps10_v2_p304,0.09283030778169632,1
19104,247,110,5,ps10_v2_p304,0.09283030778169632,1
19105,247,111,5,ps10_v2_p304,0.09283030778169632,1
19106,247,113,5,ps10_v2_p304,0.09283030778169632,1
19107,247,116,5,ps10_v2_p304,0.09283030778169632,1
19108,248,87,3,ps10_v2_p156,0.08692581951618195,1
19109,248,88,3,ps10_v2_p156,0.08692581951618195,1
19110,248,89,5,ps10_v2_p302,0.11675066500902176,1
19111,248,90,5,ps10_v2_p302,0.11675066500902176,1
19112,248,91,5,ps10_v2_p302,0.11675066500902176,1
19113,248,92,5,ps10_v2_p302,0.11675066500902176,1
19114,248,93,5,ps10_v2_p302,0.11675066500902176,1
19115,248,95,5,ps10_v2_p302,0.11675066500902176,1
19116,248,96,5,ps10_v2_p302,0.11675066500902176,1
19117,248,97,5,ps10_v2_p302,0.11675066500902176,1
19118,248,98,5,ps10_v2_p302,0.11675066500902176,1
19119,248,100,5,ps10_v2_p303,0.10236887633800507,1
19120,248,101,5,ps10_v2_p303,0.10236887633800507,1
19121,248,102,5,ps10_v2_p303,0.10236887633800507,1
19122,248,103,5,ps10_v2_p303,0.10236887633800507,1
19123,248,105,5,ps10_v2_p303,0.10236887633800507,1
19124,248,106,5,ps10_v2_p303,0.10236887633800507,1
19125,248,107,5,ps10_v2_p303,0.10236887633800507,1
19126,248,108,5,ps10_v2_p303,0.10236887633800507,1
19127,248,110,5,ps10_v2_p304,0.09283030778169632,1
19128,249,86,3,ps10_v2_p156,0.08692581951618195,1
19129,249,87,3,ps10_v2_p156,0.08692581951618195,1
19130,249,88,3,ps10_v2_p156,0.08692581951618195,1
19131,249,89,5,ps10_v2_p302,0.11675066500902176,1
19132,249,90,5,ps10_v2_p302,0.11675066500902176,1
19133,249,91,5,ps10_v2_p302,0.11675066500902176,1
19134,249,92,5,ps10_v2_p302,0.11675066500902176,1
19135,249,94,5,ps10_v2_p302,0.11675066500902176,1
19136,249,95,5,ps10_v2_p302,0.11675066500902176,1
19137,249,96,5,ps10_v2_p302,0.11675066500902176,1
19138,249,97,5,ps10_v2_p302,0.11675066500902176,1
19139,249,98,5,ps10_v2_p302,0.11675066500902176,1
19140,249,99,5,ps10_v2_p303,0.10236887633800507,1
19141,249,100,5,ps10_v2_p303,0.10236887633800507,1
19142,249,102,5,ps10_v2_p303,0.10236887633800507,1
19143,249,103,5,ps10_v2_p303,0.10236887633800507,1
19144,249,104,5,ps10_v2_p303,0.10236887633800507,1
19145,249,105,5,ps10_v2_p303,0.10236887633800507,1
19146,249,106,5,ps10_v2_p303,0.10236887633800507,1
19147,249,107,5,ps10_v2_p303,0.10236887633800507,1
19148,249,109,5,ps10_v2_p304,0.09283030778169632,1
19149,249,110,5,ps10_v2_p304,0.09283030778169632,1
19150,249,111,5,ps10_v2_p304,0.09283030778169632,1
19151,250,84,3,ps10_v2_p158,0.08777248114347458,1
19152,250,86,3,ps10_v2_p158,0.08777248114347458,1
19153,250,88,3,ps10_v2_p158,0.08777248114347458,1
19154,250,89,5,ps10_v2_p302,0.11675066500902176,1
19155,250,90,5,ps10_v2_p302,0.11675066500902176,1
19156,250,91,5,ps10_v2_p302,0.11675066500902176,1
19157,250,93,5,ps10_v2_p302,0.11675066500902176,1
19158,250,94,5,ps10_v2_p302,0.11675066500902176,1
19159,250,96,5,ps10_v2_p302,0.11675066500902176,1
19160,250,97,5,ps10_v2_p302,0.11675066500902176,1
19161,250,98,5,ps10_v2_p302,0.11675066500902176,1
19162,250,99,5,ps10_v2_p303,0.10236887633800507,1
19163,250,101,5,ps10_v2_p303,0.10236887633800507,1
19164,250,102,5,ps10_v2_p303,0.10236887633800507,1
19165,250,104,5,ps10_v2_p303,0.10236887633800507,1
19166,250,106,5,ps10_v2_p303,0.10236887633800507,1
19167,250,107,5,ps10_v2_p303,0.10236887633800507,1
19168,250,108,5,ps10_v2_p303,0.10236887633800507,1
19169,250,109,5,ps10_v2_p304,0.09283030778169632,1
19170,250,110,5,ps10_v2_p304,0.09283030778169632,1
19171,250,111,5,ps10_v2_p304,0.09283030778169632,1
19172,251,85,3,ps10_v2_p158,0.08777248114347458,1
19173,251,86,3,ps10_v2_p158,0.08777248114347458,1
19174,251,87,3,ps10_v2_p158,0.08777248114347458,1
19175,251,88,3,ps10_v2_p158,0.08777248114347458,1
19176,251,90,5,ps10_v2_p302,0.11675066500902176,1
19177,251,91,5,ps10_v2_p302,0.11675066500902176,1
19178,251,93,5,ps10_v2_p302,0.11675066500902176,1
19179,251,94,5,ps10_v2_p302,0.11675066500902176,1
19180,251,95,5,ps10_v2_p302,0.11675066500902176,1
19181,251,96,5,ps10_v2_p302,0.11675066500902176,1
19182,251,97,5,ps10_v2_p302,0.11675066500902176,1
19183,251,98,5,ps10_v2_p302,0.11675066500902176,1
19184,251,99,5,ps10_v2_p303,0.10236887633800507,1
19185,251,100,5,ps10_v2_p303,0.10236887633800507,1
19186,251,101,5,ps10_v2_p303,0.10236887633800507,1
19187,251,102,5,ps10_v2_p303,0.10236887633800507,1
19188,251,103,5,ps10_v2_p303,0.10236887633800507,1
19189,251,104,5,ps10_v2_p303,0.10236887633800507,1
19190,251,105,5,ps10_v2_p303,0.10236887633800507,1
19191,251,106,5,ps10_v2_p303,0.10236887633800507,1
19192,251,107,5,ps10_v2_p303,0.10236887633800507,1
19193,251,108,5,ps10_v2_p303,0.10236887633800507,1
19194,251,110,5,ps10_v2_p304,0.09283030778169632,1
19195,251,113,5,ps10_v2_p304,0.09283030778169632,1
19196,251,115,5,ps10_v2_p304,0.09283030778169632,1
19197,252,84,3,ps10_v2_p158,0.08777248114347458,1
19198,252,87,3,ps10_v2_p158,0.08777248114347458,1
19199,252,89,5,ps10_v2_p302,0.11675066500902176,1
19200,252,90,5,ps10_v2_p302,0.11675066500902176,1
19201,252,92,5,ps10_v2_p302,0.11675066500902176,1
19202,252,94,5,ps10_v2_p302,0.11675066500902176,1
19203,252,95,5,ps10_v2_p302,0.11675066500902176,1
19204,252,97,5,ps10_v2_p302,0.11675066500902176,1
19205,252,98,5,ps10_v2_p302,0.11675066500902176,1
19206,252,99,5,ps10_v2_p303,0.10236887633800507,1
19207,252,100,5,ps10_v2_p303,0.10236887633800507,1
19208,252,102,5,ps10_v2_p303,0.10236887633800507,1
19209,252,103,5,ps10_v2_p303,0.10236887633800507,1
19210,252,104,5,ps10_v2_p303,0.10236887633800507,1
19211,252,105,5,ps10_v2_p303,0.10236887633800507,1
19212,252,107,5,ps10_v2_p303,0.10236887633800507,1
19213,252,108,5,ps10_v2_p303,0.10236887633800507,1
19214,253,83,3,ps10_v2_p157,0.08306469768285751,1
19215,253,85,3,ps10_v2_p158,0.08777248114347458,1
19216,253,86,3,ps10_v2_p158,0.08777248114347458,1
19217,253,87,3,ps10_v2_p158,0.08777248114347458,1
19218,253,88,3,ps10_v2_p158,0.08777248114347458,1
19219,253,89,5,ps10_v2_p305,0.09938264638185501,1
19220,253,91,5,ps10_v2_p305,0.09938264638185501,1
19221,253,92,5,ps10_v2_p305,0.09938264638185501,1
19222,253,93,5,ps10_v2_p305,0.09938264638185501,1
19223,253,94,5,ps10_v2_p305,0.09938264638185501,1
19224,253,96,5,ps10_v2_p305,0.09938264638185501,1
19225,253,97,5,ps10_v2_p305,0.09938264638185501,1
19226,253,98,5,ps10_v2_p305,0.09938264638185501,1
19227,253,99,5,ps10_v2_p306,0.09295602142810822,1
19228,253,100,5,ps10_v2_p306,0.09295602142810822,1
19229,253,101,5,ps10_v2_p306,0.09295602142810822,1
19230,253,102,5,ps10_v2_p306,0.09295602142810822,1
19231,253,103,5,ps10_v2_p306,0.09295602142810822,1
19232,253,104,5,ps10_v2_p306,0.09295602142810822,1
19233,253,106,5,ps10_v2_p306,0.09295602142810822,1
19234,253,108,5,ps10_v2_p306,0.09295602142810822,1
19235,254,82,3,ps10_v2_p157,0.08306469768285751,1
19236,254,83,3,ps10_v2_p157,0.08306469768285751,1
19237,254,86,3,ps10_v2_p158,0.08777248114347458,1
19238,254,87,3,ps10_v2_p158,0.08777248114347458,1
19239,254,88,3,ps10_v2_p158,0.08777248114347458,1
19240,254,90,5,ps10_v2_p305,0.09938264638185501,1
19241,254,91,5,ps10_v2_p305,0.09938264638185501,1
19242,254,92,5,ps10_v2_p305,0.09938264638185501,1
19243,254,93,5,ps10_v2_p305,0.09938264638185501,1
19244,254,94,5,ps10_v2_p305,0.09938264638185501,1
19245,254,95,5,ps10_v2_p305,0.09938264638185501,1
19246,254,98,5,ps10_v2_p305,0.09938264638185501,1
19247,254,99,5,ps10_v2_p306,0.09295602142810822,1
19248,254,101,5,ps10_v2_p306,0.09295602142810822,1
19249,254,103,5,ps10_v2_p306,0.09295602142810822,1
19250,254,104,5,ps10_v2_p306,0.09295602142810822,1
19251,254,105,5,ps10_v2_p306,0.09295602142810822,1
19252,255,81,3,ps10_v2_p157,0.08306469768285751,1
19253,255,82,3,ps10_v2_p157,0.08306469768285751,1
19254,255,85,3,ps10_v2_p158,0.08777248114347458,1
19255,255,87,3,ps10_v2_p158,0.08777248114347458,1
19256,255,88,3,ps10_v2_p158,0.08777248114347458,1
19257,255,90,5,ps10_v2_p305,0.09938264638185501,1
19258,255,92,5,ps10_v2_p305,0.09938264638185501,1
19259,255,93,5,ps10_v2_p305,0.09938264638185501,1
19260,255,94,5,ps10_v2_p305,0.09938264638185501,1
19261,255,95,5,ps10_v2_p305,0.09938264638185501,1
19262,255,97,5,ps10_v2_p305,0.09938264638185501,1
19263,255,98,5,ps10_v2_p305,0.09938264638185501,1
19264,255,100,5,ps10_v2_p306,0.09295602142810822,1
19265,255,102,5,ps10_v2_p306,0.09295602142810822,1
19266,255,103,5,ps10_v2_p306,0.09295602142810822,1
19267,255,104,5,ps10_v2_p306,0.09295602142810822,1
19268,255,105,5,ps10_v2_p306,0.09295602142810822,1
19269,255,108,5,ps10_v2_p306,0.09295602142810822,1
19270,256,80,3,ps10_v2_p157,0.08306469768285751,1
19271,256,81,3,ps10_v2_p157,0.08306469768285751,1
19272,256,83,3,ps10_v2_p157,0.08306469768285751,1
19273,256,84,3,ps10_v2_p158,0.08777248114347458,1
19274,256,86,3,ps10_v2_p158,0.08777248114347458,1
19275,256,87,3,ps10_v2_p158,0.08777248114347458,1
19276,256,88,3,ps10_v2_p158,0.08777248114347458,1
19277,256,89,5,ps10_v2_p305,0.09938264638185501,1
19278,256,90,5,ps10_v2_p305,0.09938264638185501,1
19279,256,91,5,ps10_v2_p305,0.09938264638185501,1
19280,256,92,5,ps10_v2_p305,0.09938264638185501,1
19281,256,94,5,ps10_v2_p305,0.09938264638185501,1
19282,256,95,5,ps10_v2_p305,0.09938264638185501,1
19283,256,96,5,ps10_v2_p305,0.09938264638185501,1
19284,256,97,5,ps10_v2_p305,0.09938264638185501,1
19285,256,99,5,ps10_v2_p306,0.09295602142810822,1
19286,256,100,5,ps10_v2_p306,0.09295602142810822,1
19287,256,101,5,ps10_v2_p306,0.09295602142810822,1
19288,256,102,5,ps10_v2_p306,0.09295602142810822,1
19289,256,104,5,ps10_v2_p306,0.09295602142810822,1
19290,256,107,5,ps10_v2_p306,0.09295602142810822,1
19291,256,138,3,,,0
19292,257,80,3,ps10_v2_p157,0.08306469768285751,1
19293,257,83,3,ps10_v2_p157,0.08306469768285751,1
19294,257,85,3,ps10_v2_p158,0.08777248114347458,1
19295,257,86,3,ps10_v2_p158,0.08777248114347458,1
19296,257,87,3,ps10_v2_p158,0.08777248114347458,1
19297,257,88,3,ps10_v2_p158,0.08777248114347458,1
19298,257,89,5,ps10_v2_p305,0.09938264638185501,1
19299,257,90,5,ps10_v2_p305,0.09938264638185501,1
19300,257,91,5,ps10_v2_p305,0.09938264638185501,1
19301,257,93,5,ps10_v2_p305,0.09938264638185501,1
19302,257,94,5,ps10_v2_p305,0.09938264638185501,1
19303,257,95,5,ps10_v2_p305,0.09938264638185501,1
19304,257,96,5,ps10_v2_p305,0.09938264638185501,1
19305,257,98,5,ps10_v2_p305,0.09938264638185501,1
19306,257,99,5,ps10_v2_p306,0.09295602142810822,1
19307,257,100,5,ps10_v2_p306,0.09295602142810822,1
19308,257,101,5,ps10_v2_p306,0.09295602142810822,1
19309,257,103,5,ps10_v2_p306,0.09295602142810822,1
19310,257,104,5,ps10_v2_p306,0.09295602142810822,1
19311,257,106,5,ps10_v2_p306,0.09295602142810822,1
19312,257,137,3,,,0
19313,257,141,3,,,0
19314,258,83,3,ps10_v2_p157,0.08306469768285751,1
19315,258,84,3,ps10_v2_p158,0.08777248114347458,1
19316,258,85,3,ps10_v2_p158,0.08777248114347458,1
19317,258,87,3,ps10_v2_p158,0.08777248114347458,1
19318,258,88,3,ps10_v2_p158,0.08777248114347458,1
19319,258,89,5,ps10_v2_p305,0.09938264638185501,1
19320,258,90,5,ps10_v2_p305,0.09938264638185501,1
19321,258,92,5,ps10_v2_p305,0.09938264638185501,1
19322,258,93,5,ps10_v2_p305,0.09938264638185501,1
19323,258,95,5,ps10_v2_p305,0.09938264638185501,1
19324,258,96,5,ps10_v2_p305,0.09938264638185501,1
19325,258,98,5,ps10_v2_p305,0.09938264638185501,1
19326,258,100,5,ps10_v2_p306,0.09295602142810822,1
19327,258,101,5,ps10_v2_p306,0.09295602142810822,1
19328,258,102,5,ps10_v2_p306,0.09295602142810822,1
19329,258,103,5,ps10_v2_p306,0.09295602142810822,1
19330,258,137,3,,,0
19331,258,140,3,,,0
19332,259,82,3,ps10_v2_p157,0.08306469768285751,1
19333,259,83,3,ps10_v2_p157,0.08306469768285751,1
19334,259,84,3,ps10_v2_p158,0.08777248114347458,1
19335,259,85,3,ps10_v2_p158,0.08777248114347458,1
19336,259,86,3,ps10_v2_p158,0.08777248114347458,1
19337,259,87,3,ps10_v2_p158,0.08777248114347458,1
19338,259,89,5,ps10_v2_p305,0.09938264638185501,1
19339,259,90,5,ps10_v2_p305,0.09938264638185501,1
19340,259,91,5,ps10_v2_p305,0.09938264638185501,1
19341,259,92,5,ps10_v2_p305,0.09938264638185501,1
19342,259,94,5,ps10_v2_p305,0.09938264638185501,1
19343,259,95,5,ps10_v2_p305,0.09938264638185501,1
19344,259,97,5,ps10_v2_p305,0.09938264638185501,1
19345,259,98,5,ps10_v2_p305,0.09938264638185501,1
19346,259,99,5,ps10_v2_p306,0.09295602142810822,1
19347,259,100,5,ps10_v2_p306,0.09295602142810822,1
19348,259,102,5,ps10_v2_p306,0.09295602142810822,1
19349,259,104,5,ps10_v2_p306,0.09295602142810822,1
19350,259,136,3,,,0
19351,259,138,3,,,0
19352,259,139,3,,,0
19353,259,140,3,,,0
19354,260,81,3,ps10_v2_p159,0.09571074694395065,1
19355,260,83,3,ps10_v2_p159,0.09571074694395065,1
19356,260,84,3,ps10_v2_p160,0.12062760442495346,1
19357,260,85,3,ps10_v2_p160,0.12062760442495346,1
19358,260,86,3,ps10_v2_p160,0.12062760442495346,1
19359,260,87,3,ps10_v2_p160,0.12062760442495346,1
19360,260,88,3,ps10_v2_p160,0.12062760442495346,1
19361,260,89,5,ps10_v2_p305,0.09938264638185501,1
19362,260,91,5,ps10_v2_p305,0.09938264638185501,1
19363,260,92,5,ps10_v2_p305,0.09938264638185501,1
19364,260,93,5,ps10_v2_p305,0.09938264638185501,1
19365,260,94,5,ps10_v2_p305,0.09938264638185501,1
19366,260,96,5,ps10_v2_p305,0.09938264638185501,1
19367,260,97,5,ps10_v2_p305,0.09938264638185501,1
19368,260,98,5,ps10_v2_p305,0.09938264638185501,1
19369,260,99,5,ps10_v2_p306,0.09295602142810822,1
19370,260,101,5,ps10_v2_p306,0.09295602142810822,1
19371,260,102,5,ps10_v2_p306,0.09295602142810822,1
19372,260,103,5,ps10_v2_p306,0.09295602142810822,1
19373,260,135,3,,,0
19374,260,139,3,,,0
19375,261,80,3,ps10_v2_p159,0.09571074694395065,1
19376,261,82,3,ps10_v2_p159,0.09571074694395065,1
19377,261,83,3,ps10_v2_p159,0.09571074694395065,1
19378,261,85,3,ps10_v2_p160,0.12062760442495346,1
19379,261,86,3,ps10_v2_p160,0.12062760442495346,1
19380,261,87,3,ps10_v2_p160,0.12062760442495346,1
19381,261,88,3,ps10_v2_p160,0.12062760442495346,1
19382,261,90,5,ps10_v2_p305,0.09938264638185501,1
19383,261,91,5,ps10_v2_p305,0.09938264638185501,1
19384,261,92,5,ps10_v2_p305,0.09938264638185501,1
19385,261,93,5,ps10_v2_p305,0.09938264638185501,1
19386,261,95,5,ps10_v2_p305,0.09938264638185501,1
19387,261,96,5,ps10_v2_p305,0.09938264638185501,1
19388,261,98,5,ps10_v2_p305,0.09938264638185501,1
19389,261,100,5,ps10_v2_p306,0.09295602142810822,1
19390,261,101,5,ps10_v2_p306,0.09295602142810822,1
19391,261,102,5,ps10_v2_p306,0.09295602142810822,1
19392,261,134,3,,,0
19393,261,137,3,,,0
19394,261,138,3,,,0
19395,262,81,3,ps10_v2_p159,0.09571074694395065,1
19396,262,82,3,ps10_v2_p159,0.09571074694395065,1
19397,262,84,3,ps10_v2_p160,0.12062760442495346,1
19398,262,86,3,ps10_v2_p160,0.12062760442495346,1
19399,262,87,3,ps10_v2_p160,0.12062760442495346,1
19400,262,89,5,ps10_v2_p305,0.09938264638185501,1
19401,262,90,5,ps10_v2_p305,0.09938264638185501,1
19402,262,92,5,ps10_v2_p305,0.09938264638185501,1
19403,262,93,5,ps10_v2_p305,0.09938264638185501,1
19404,262,95,5,ps10_v2_p305,0.09938264638185501,1
19405,262,98,5,ps10_v2_p305,0.09938264638185501,1
19406,262,99,5,ps10_v2_p306,0.09295602142810822,1
19407,262,100,5,ps10_v2_p306,0.09295602142810822,1
19408,262,132,3,,,0
19409,262,133,3,,,0
19410,263,80,3,ps10_v2_p159,0.09571074694395065,1
19411,263,81,3,ps10_v2_p159,0.09571074694395065,1
19412,263,82,3,ps10_v2_p159,0.09571074694395065,1
19413,263,86,3,ps10_v2_p160,0.12062760442495346,1
19414,263,89,5,ps10_v2_p307,0.08953189849853516,1
19415,263,90,5,ps10_v2_p307,0.08953189849853516,1
19416,263,91,5,ps10_v2_p307,0.08953189849853516,1
19417,263,92,5,ps10_v2_p307,0.08953189849853516,1
19418,263,94,5,ps10_v2_p307,0.08953189849853516,1
19419,263,96,5,ps10_v2_p307,0.08953189849853516,1
19420,263,97,5,ps10_v2_p307,0.08953189849853516,1
19421,263,99,5,,,0
19422,264,78,3,ps10_v2_p159,0.09571074694395065,1
19423,264,80,3,ps10_v2_p159,0.09571074694395065,1
19424,264,81,3,ps10_v2_p159,0.09571074694395065,1
19425,264,84,3,ps10_v2_p160,0.12062760442495346,1
19426,264,85,3,ps10_v2_p160,0.12062760442495346,1
19427,264,86,3,ps10_v2_p160,0.12062760442495346,1
19428,264,89,5,ps10_v2_p307,0.08953189849853516,1
19429,264,90,5,ps10_v2_p307,0.08953189849853516,1
19430,264,91,5,ps10_v2_p307,0.08953189849853516,1
19431,264,93,5,ps10_v2_p307,0.08953189849853516,1
19432,264,94,5,ps10_v2_p307,0.08953189849853516,1
19433,264,96,5,ps10_v2_p307,0.08953189849853516,1
19434,264,98,5,ps10_v2_p307,0.08953189849853516,1
19435,265,74,3,ps10_v2_p159,0.09571074694395065,1
19436,265,76,3,ps10_v2_p159,0.09571074694395065,1
19437,265,77,3,ps10_v2_p159,0.09571074694395065,1
19438,265,79,3,ps10_v2_p159,0.09571074694395065,1
19439,265,80,3,ps10_v2_p159,0.09571074694395065,1
19440,265,83,3,ps10_v2_p159,0.09571074694395065,1
19441,265,84,3,ps10_v2_p160,0.12062760442495346,1
19442,265,85,3,ps10_v2_p160,0.12062760442495346,1
19443,265,88,3,ps10_v2_p160,0.12062760442495346,1
19444,265,90,5,ps10_v2_p307,0.08953189849853516,1
19445,265,91,5,ps10_v2_p307,0.08953189849853516,1
19446,265,92,5,ps10_v2_p307,0.08953189849853516,1
19447,265,93,5,ps10_v2_p307,0.08953189849853516,1
19448,265,95,5,ps10_v2_p307,0.08953189849853516,1
19449,265,96,5,ps10_v2_p307,0.08953189849853516,1
19450,265,97,5,ps10_v2_p307,0.08953189849853516,1
19451,265,98,5,ps10_v2_p307,0.08953189849853516,1
19452,265,130,3,,,0
19453,266,76,3,ps10_v2_p159,0.09571074694395065,1
19454,266,77,3,ps10_v2_p159,0.09571074694395065,1
19455,266,79,3,ps10_v2_p159,0.09571074694395065,1
19456,266,81,3,ps10_v2_p159,0.09571074694395065,1
19457,266,82,3,ps10_v2_p159,0.09571074694395065,1
19458,266,84,3,ps10_v2_p160,0.12062760442495346,1
19459,266,87,3,ps10_v2_p160,0.12062760442495346,1
19460,266,89,5,ps10_v2_p307,0.08953189849853516,1
19461,266,90,5,ps10_v2_p307,0.08953189849853516,1
19462,266,92,5,ps10_v2_p307,0.08953189849853516,1
19463,266,94,5,ps10_v2_p307,0.08953189849853516,1
19464,266,95,5,ps10_v2_p307,0.08953189849853516,1
19465,266,129,3,,,0
19466,267,79,3,ps10_v2_p159,0.09571074694395065,1
19467,267,80,3,ps10_v2_p159,0.09571074694395065,1
19468,267,83,3,ps10_v2_p159,0.09571074694395065,1
19469,267,89,5,ps10_v2_p307,0.08953189849853516,1
19470,267,91,5,ps10_v2_p307,0.08953189849853516,1
19471,267,92,5,ps10_v2_p307,0.08953189849853516,1
19472,267,93,5,ps10_v2_p307,0.08953189849853516,1
19473,267,94,5,ps10_v2_p307,0.08953189849853516,1
19474,267,96,5,ps10_v2_p307,0.08953189849853516,1
19475,268,78,3,ps10_v2_p159,0.09571074694395065,1
19476,268,82,3,ps10_v2_p159,0.09571074694395065,1
19477,268,85,3,ps10_v2_p160,0.12062760442495346,1
19478,268,86,3,ps10_v2_p160,0.12062760442495346,1
19479,268,88,3,ps10_v2_p160,0.12062760442495346,1
19480,268,91,5,ps10_v2_p307,0.08953189849853516,1
19481,268,92,5,ps10_v2_p307,0.08953189849853516,1
19482,268,93,5,ps10_v2_p307,0.08953189849853516,1
19483,268,94,5,ps10_v2_p307,0.08953189849853516,1
19484,268,95,5,ps10_v2_p307,0.08953189849853516,1
19485,269,71,3,,,0
19486,269,77,3,ps10_v2_p159,0.09571074694395065,1
19487,269,82,3,ps10_v2_p159,0.09571074694395065,1
19488,269,85,3,ps10_v2_p160,0.12062760442495346,1
19489,269,92,5,ps10_v2_p307,0.08953189849853516,1
19490,269,93,5,ps10_v2_p307,0.08953189849853516,1
19491,270,70,3,,,0
19492,270,76,3,ps10_v2_p161,0.1043364405632019,1
19493,270,84,3,ps10_v2_p162,0.11663329601287842,1
19494,270,87,3,ps10_v2_p162,0.11663329601287842,1
19495,270,90,5,ps10_v2_p307,0.08953189849853516,1
19496,270,91,5,ps10_v2_p307,0.08953189849853516,1
19497,271,75,3,ps10_v2_p161,0.1043364405632019,1
19498,271,86,3,ps10_v2_p162,0.11663329601287842,1
19499,271,88,3,ps10_v2_p162,0.11663329601287842,1
19500,271,89,5,ps10_v2_p307,0.08953189849853516,1
19501,271,90,5,ps10_v2_p307,0.08953189849853516,1
19502,272,74,3,ps10_v2_p161,0.1043364405632019,1
19503,272,75,3,ps10_v2_p161,0.1043364405632019,1
19504,272,86,3,ps10_v2_p162,0.11663329601287842,1
19505,272,87,3,ps10_v2_p162,0.11663329601287842,1
19506,272,91,5,ps10_v2_p307,0.08953189849853516,1
19507,273,73,3,,,0
19508,273,74,3,ps10_v2_p161,0.1043364405632019,1
19509,273,77,3,ps10_v2_p161,0.1043364405632019,1
19510,273,79,3,ps10_v2_p161,0.1043364405632019,1
19511,273,85,3,ps10_v2_p162,0.11663329601287842,1
19512,274,73,3,,,0
19513,274,74,3,ps10_v2_p161,0.1043364405632019,1
19514,274,78,3,ps10_v2_p161,0.1043364405632019,1
19515,274,84,3,ps10_v2_p162,0.11663329601287842,1
19516,274,86,3,ps10_v2_p162,0.11663329601287842,1
19517,275,72,3,,,0
19518,275,73,3,,,0
19519,275,81,3,ps10_v2_p161,0.1043364405632019,1
19520,275,83,3,ps10_v2_p161,0.1043364405632019,1
19521,275,85,3,ps10_v2_p162,0.11663329601287842,1
19522,275,86,3,ps10_v2_p162,0.11663329601287842,1
19523,276,71,3,,,0
19524,276,72,3,,,0
19525,276,75,3,ps10_v2_p161,0.1043364405632019,1
19526,276,80,3,ps10_v2_p161,0.1043364405632019,1
19527,276,83,3,ps10_v2_p161,0.1043364405632019,1
19528,276,84,3,ps10_v2_p162,0.11663329601287842,1
19529,276,85,3,ps10_v2_p162,0.11663329601287842,1
19530,276,86,3,ps10_v2_p162,0.11663329601287842,1
19531,277,73,3,,,0
19532,277,76,3,ps10_v2_p161,0.1043364405632019,1
19533,277,77,3,ps10_v2_p161,0.1043364405632019,1
19534,277,81,3,ps10_v2_p161,0.1043364405632019,1
19535,277,82,3,ps10_v2_p161,0.1043364405632019,1
19536,277,84,3,ps10_v2_p162,0.11663329601287842,1
19537,277,122,3,,,0
19538,278,71,3,,,0
19539,278,76,3,ps10_v2_p161,0.1043364405632019,1
19540,278,79,3,ps10_v2_p161,0.1043364405632019,1
19541,278,117,3,,,0
19542,279,70,3,,,0
19543,279,75,3,ps10_v2_p161,0.1043364405632019,1
19544,280,69,3,ps10_v2_p163,0.11297667026519775,1
19545,280,82,3,,,0
19546,281,69,3,ps10_v2_p163,0.11297667026519775,1
19547,281,70,3,ps10_v2_p163,0.11297667026519775,1
19548,281,81,3,,,0
19549,282,67,3,ps10_v2_p163,0.11297667026519775,1
19550,282,68,3,ps10_v2_p163,0.11297667026519775,1
19551,282,70,3,ps10_v2_p163,0.11297667026519775,1
19552,282,76,3,,,0
19553,283,67,3,ps10_v2_p163,0.11297667026519775,1
19554,283,68,3,ps10_v2_p163,0.11297667026519775,1
19555,284,66,3,ps10_v2_p163,0.11297667026519775,1
19556,285,65,3,ps10_v2_p163,0.11297667026519775,1
19557,285,74,3,,,0
19558,287,68,3,ps10_v2_p163,0.11297667026519775,1
19559,289,69,3,ps10_v2_p163,0.11297667026519775,1
19560,290,66,3,,,0
19561,290,68,3,,,0
19562,291,65,3,,,0
19563,291,67,3,,,0
19564,295,75,3,,,0
19565,296,64,3,,,0
